draw,trend_estimate,post_break_estimate
1,0.004534569089596095,-0.023049869715161594
2,0.010295427798393948,-0.02335246513591408
3,0.00038433679709664475,-0.00015211985583854157
4,0.014671062409833895,-0.023101656724067617
5,0.014534173484070434,-0.01850680729417213
6,0.00046420512687141147,-0.02865310039936532
7,0.012005497624525227,-0.013970039260037106
8,-0.00933179731861112,-0.0020196425289790987
9,0.0040949696298482885,-0.04446534051030737
10,0.00880104231513644,-0.007260397089934804
11,-0.003708445506875966,0.025985129204143663
12,0.007633473047705352,-0.0031879352707904346
13,0.0013024036923543064,-0.008019706636703375
14,-0.0031757658588123933,-0.008621924914147011
15,-6.976110685459657e-05,0.0030150017270377232
16,0.0026268889867269857,-0.0021539076561533158
17,0.004456301584857594,-0.016641140996132824
18,0.0007223954237412793,0.001222204904980092
19,0.004944274988671837,0.016059546411191644
20,0.010489895027265684,-0.035079134282063225
21,0.0027389963294996676,-0.032770499426873836
22,0.004877130556954755,-0.004208013034337585
23,0.00942264766848826,-0.01646619154792595
24,0.0058305468668293945,-0.01570121223604973
25,0.006261492133268428,-0.0023430440344308773
26,-0.0030967569948966555,-0.002820879083255165
27,0.00997846760795309,-0.0267138092322949
28,0.0027044208358174993,-0.01799245878954348
29,0.004098971501372797,-0.0388894001534133
30,-0.015174209054022322,0.012499412030799684
31,-0.003711385815067695,0.007825697595763128
32,0.0035956164651755503,-0.02226086381128711
33,-0.0006917037369517792,0.013725686908066526
34,0.012547624267846048,-0.009799491505881275
35,0.0018138144777258367,-0.013307657907516906
36,0.008791005412042946,-0.023181607273546775
37,-0.00748580663788011,0.028081309340610844
38,0.004435204316347936,-0.01219715796715468
39,-0.007908485288254484,0.00817310121588722
40,-0.00033716081306820345,-0.0024953215856198634
41,-0.004604700255192586,-0.0088691230561221
42,0.012242496516714342,-0.02991934722839777
43,0.0016530623275151542,-0.014370867567487726
44,0.0007018210026346,0.0031946643833446163
45,-0.002803858859316676,0.015114428183887339
46,-0.006010747410859903,0.008852286885496292
47,-0.0008010344855092083,0.011059809096522724
48,-0.0036124178056115685,0.002214251752995243
49,0.003520425522501553,0.01210597647635446
50,-0.0026699406767326083,-0.0005583467021458982
51,0.017005797060650415,-0.028990932741468266
52,0.00024614224550544364,-0.021602076742856094
53,0.0004282340031796991,0.005589775826702191
54,0.007224577664336693,-0.018251706834695628
55,-0.005633573709642792,-0.010522385646654184
56,0.006291741965056594,0.010805354363860556
57,-0.004512511738819421,0.009158294500378798
58,0.0036687487973187747,-0.004741806728233253
59,-0.0016363447340026348,0.008197998768381528
60,0.0064171631030032275,0.0030998511060747608
61,0.0016271339087811235,-0.007195509448587204
62,0.010914527298415314,-0.03515945091214531
63,-0.0024861812936680726,0.006037717735924307
64,0.01651422227960992,-0.02954694365539773
65,-0.008494242203968654,0.0021038601375422405
66,0.004812991084453229,-0.0072267165544731456
67,-0.0021090552407408217,-0.030660931898301422
68,0.015934467423387933,-0.023907297098674993
69,0.0022479988404843425,-0.007082910525996562
70,-0.0060474479902834204,0.014636648145668354
71,0.009886167694956153,-0.014243716321395879
72,-0.005188392880718491,-0.012653645690709592
73,0.009817670631906038,-0.007251896684420708
74,-0.002272548765545716,0.0049128151232624186
75,0.0018604616698776576,-0.016774637142666554
76,0.008590793216045025,-0.027412684198056553
77,-0.004556752135400237,0.02698915757221388
78,0.011637088004780364,-0.00797293609665388
79,0.0036798916460841578,-0.009393063047757253
80,0.005419187151891146,-0.024098276405278972
81,-0.003859061345294259,0.0009239263861045635
82,-0.009036902129691896,0.013233290197254603
83,0.007669518480429892,-0.023586296614476792
84,0.013151004168427122,-0.021353376918868724
85,0.005777217595072305,0.004607986137622103
86,-0.007752154773161411,0.0280584391456884
87,0.007025611590889932,-0.005835732519569134
88,0.00619379696487904,-0.011586071229760287
89,0.00541789889681113,-0.026595316478532128
90,0.003333594862244037,0.0016336995323706846
91,0.010937179291396506,-0.0020377006354931476
92,0.012763054534662322,-0.021423951410025135
93,0.008685868381811162,-0.014514944661892563
94,0.0022591180602905218,-0.007600020570132879
95,0.01183672013507439,-0.01802990254846839
96,0.012596475252068005,-0.018536628328934213
97,-0.004962148353802228,0.002877523712781764
98,-0.012035013199259204,0.011426433720508902
99,0.0018623724849216022,-0.011140278197320328
100,0.009244575406185375,-0.04791244683586375
101,0.0025064225191254313,-0.01875416720098512
102,0.016591434814151918,-0.027884600876392128
103,0.004963722322991164,-0.01587054431104215
104,-0.008321508828961696,0.017315583962504787
105,2.138414436740968e-05,-0.014970051026124732
106,-0.0002766378028850377,0.007160371953239101
107,-0.009772147413650999,0.012357042031575283
108,0.005853086471381531,-0.00691292832437301
109,0.006161547371502764,-0.003729721714445376
110,-0.002726004232718243,-0.004158655304602743
111,-0.011065929181067493,0.004772641351012519
112,-0.0035527503503917845,0.015299158809798999
113,-0.007919735788254346,0.033283411820843774
114,0.015421217662931287,-0.029793568731191905
115,-0.004100776563390937,0.012468600599168256
116,0.00431413615288624,-0.02356336748414498
117,0.008092175363216643,-0.021467738441472286
118,0.011514799485448438,0.004595870182762141
119,0.00549991066869121,0.0019465451404777415
120,-0.004121130534387749,0.014328638305248829
121,0.006104361267494168,0.0023054948920298024
122,0.0010054044107408247,0.0021119645877413114
123,0.000757085921477647,-0.011773023692906903
124,0.013127906557714925,-0.006644484799797845
125,0.006160524347735046,-0.01767262003698199
126,0.0001294589186312048,-0.019145383686456637
127,0.004119339323394431,-0.01754841792486929
128,-0.00010184701891744613,-0.007260489000992097
129,-0.008488033153820695,0.025736946950079914
130,0.015018440019150568,-0.011875233111902514
131,-0.0019702385817996007,0.012678055822909887
132,0.010287556792919369,-0.0046875485441913445
133,0.016411581568326627,-0.023465837041490703
134,0.0015361096064773483,-0.003637872161376486
135,-0.009213428416462489,0.018739137457902278
136,0.005810929496650408,-0.023644247068039366
137,-0.016044397010395554,0.0499226822164074
138,0.016301000528776317,-0.031672875684935285
139,-0.0011443000761408536,0.0011784858056336847
140,0.0020601841828116023,0.014463467891604215
141,0.004410746878675965,0.006207451601250816
142,-0.007022012176292464,0.01181555073841133
143,0.016288793349086544,-0.032274191533543974
144,-0.013632311261325206,-0.008748579598551715
145,0.007274000948564003,-0.007868202962650526
146,0.0030464608868064932,-0.01067577290248033
147,0.00174778277448185,0.012766221819441988
148,0.0036107516679431684,-0.030521960205642844
149,0.002110975331191471,0.0015568880484997868
150,0.008825870381211664,-0.025117581502749665
151,0.007328865229097774,-0.006398018977798424
152,0.014517473823158603,-0.015396266918516324
153,-0.003058343567589286,-0.010126428025941187
154,0.008511747436648934,-0.011710397770247509
155,0.003646917288642741,0.0005442495009176651
156,0.009487095656255547,-0.030044139935207173
157,0.0061414356959849595,-0.012973710406529207
158,0.015272514534330511,-0.0176363379613768
159,0.012201269270337985,-0.029667959824714825
160,0.0056366716539652684,-0.0262075411096149
161,0.0013175075200431308,0.003284851572885831
162,-0.0031953760499025497,0.010035660445738856
163,0.0037904856708852307,-0.02433366370762744
164,0.017173897768973045,-0.02682802344231619
165,0.003666949217474247,-0.00864884616800462
166,0.01517739035179478,-0.015607884424454932
167,0.0038834380560580743,-0.0019742042222065867
168,0.0038214559188862116,0.00465783910476749
169,-0.0023274108047540163,0.004784502411079944
170,0.003151665292541149,0.0073728890547068646
171,0.005635000117919131,-0.019275409795454765
172,0.0006156895025560749,-0.006972543066920845
173,-0.00028122957619791753,0.0015978596888910706
174,0.014502187324951916,-0.03062263793172459
175,0.014022825289385477,-0.042831757112953006
176,-0.012913956373779158,0.029514682330979574
177,-0.007509681641405247,0.008888928262803207
178,-0.0015495669887250103,0.020982406403568188
179,0.00867924967335372,-0.00654938410386062
180,0.0017838205675063737,-0.01619467356842288
181,0.00432491220882745,-0.022387957677421633
182,-0.005382815995123524,-0.01637926099086902
183,-0.0021400928129260495,0.0034818721177830884
184,0.011231917014074895,-0.002281672182597047
185,-0.010148374149415065,0.01009084188809136
186,-0.00476455848595011,0.017159700233297385
187,0.009671313508109028,-0.007266430008580418
188,0.007517683101719189,-0.005960942805807411
189,-0.0007522536595842479,0.013282068504908796
190,0.001234903995907673,0.005539397217265162
191,-0.004177159473416368,0.0039037289890043424
192,0.01487120899364219,-0.027429511733537595
193,-0.0021491554683444503,0.007182902430723142
194,-0.0055313650030791445,0.0018561418705363777
195,0.004772126907354551,0.0008526012822879375
196,0.010310765634078768,-0.003557466043846144
197,0.0006389194690944403,0.002344227580432229
198,-0.0014413644736164313,-0.013894335081215597
199,0.003850908486676418,-0.028413681871462593
200,0.000677004297078225,0.004820023272653719
201,0.0025637744156257656,-0.008228640012127638
202,0.0068848577779345235,0.016489226518850972
203,-0.004591458423450115,-0.018445601613092652
204,0.009232379486035142,0.004653953419320331
205,-0.006687212080716015,0.00230390490457099
206,0.00020086150865046906,-0.00834660028024383
207,-0.003271654178763993,0.014968739613642429
208,-0.005508883031352385,-0.00303087398809887
209,-0.00942199752069342,0.00238449351644629
210,0.013297044558748824,-0.028987491128861585
211,0.00482544086863622,-0.01167748192470065
212,0.010086377709535223,-0.01665719330429362
213,-0.0026373822781033877,0.01020562108994354
214,0.014362027714403074,-0.016894670787730937
215,0.005234411687079837,-0.012326297101038362
216,0.011273748312733842,-0.0070315707524807175
217,-0.007183577826436801,0.010594220744458881
218,0.001667543980730205,-0.011238418135029158
219,0.0005368708759418989,-0.010934305792295911
220,0.015846542907341568,-0.04026496454625476
221,0.01286130955881442,-0.021186048660884742
222,-0.0039016849680947653,0.010219554272482941
223,0.012336227035109943,-0.0198893651557528
224,0.002672967594209298,-0.0194380210208923
225,0.0064930545085106935,0.005074902805784834
226,0.006957906786603215,-0.023881557150276622
227,0.0038618512612804898,0.0045588239622124035
228,0.0022589175482592995,-0.008465539819928918
229,-0.006587490024727754,0.00576241152305193
230,0.0014665396461716728,-0.00509417686273482
231,0.007798084411197444,-0.015749473062223754
232,0.005795322801674914,-0.022668791828090597
233,-0.002227766554506793,0.0022366497963467215
234,0.005999364737634558,0.00750150060445641
235,-0.0006907111685992128,0.009251523943922615
236,0.009865604710451087,-0.023082342217158276
237,4.042548556066326e-05,0.0014257453349488837
238,-0.0004127119694724672,-0.019215961373076587
239,-0.00041536595708359077,0.0013960002935528486
240,-0.011667891358381588,-0.006537117770440637
241,-0.0027463021750412284,0.006130689360889272
242,0.011046010603239769,-0.005710284325033635
243,0.004412268955839417,-0.011360941363829796
244,0.010206406065263438,-0.008356631489900082
245,0.017497526890304982,-0.023581767406401777
246,0.00014618827317383794,0.011882996247867539
247,0.0024214951492380586,-0.030221291001454972
248,-0.010581547807924571,-0.0054495482232186365
249,-0.006574715518206292,-0.011796947983724562
250,0.007684206517236076,-0.010401195403099875
251,0.0040919691304089015,-0.01983502017877047
252,0.0021098470763747344,-0.010544719986091734
253,-0.0115192457399564,0.020895612835630975
254,0.0019413694864737763,0.01785560777648
255,0.0044802001707889665,0.005281523660509199
256,0.021936031178119035,-0.05567989715891708
257,0.018413630979606133,-0.03798180151477052
258,-0.003291924799807529,0.01420933941894036
259,0.003312719992987625,-0.012492382183573944
260,0.008514467963836536,-0.02143920807139845
261,0.013750623390480705,-0.02401011912304185
262,-0.001696851705366197,0.013032519928946343
263,0.002169500931858418,0.003026180799759276
264,0.0015187064972286227,0.002854500010750393
265,0.01834770273803765,-0.030647118642524562
266,-0.0064379997770277015,0.023825086917207996
267,-0.008211649964860322,0.012412305149112589
268,0.012598635480557322,-0.021568011813690495
269,0.020713033268738003,-0.03459764688942203
270,0.007403619200318144,-0.019365843873080463
271,0.007501227943613721,0.015983518639206287
272,0.013175783806450207,-0.024493995836630575
273,0.008008688607245141,-0.016519340187130666
274,0.004021370789773637,-0.015873515798282306
275,-0.010892288777342135,0.0025764848902621734
276,0.002128842794432897,-0.006462085159655461
277,-0.007889908860059573,-0.0017807257634648022
278,0.008701320618345783,0.0034738805102167702
279,0.005961549896075247,-0.01607222041711523
280,-0.00046641332932260277,0.0101661398540543
281,0.0014290428363922334,-0.013846963043024817
282,-0.0021280698357058845,-0.003131213627236038
283,0.019229714922740664,-0.022430550652363254
284,-0.0021360339273707504,0.007327397131020687
285,0.0031335035089750073,0.008085987644669737
286,0.011570740873253604,-0.0071632777946576826
287,0.004147592683286422,-0.01927432752805251
288,0.0018064599755122875,-0.004009651688826466
289,0.004919022204515726,-0.039217642571196976
290,0.00537795992983365,-0.021312971720137245
291,0.011286250592310363,-0.03386068174381362
292,0.003678845964616786,0.010567137211456482
293,-0.008852319779015856,0.012158814323215313
294,0.0043044136494165,0.005196211604985415
295,0.0013525927544254038,-0.0160582097372253
296,0.005956429784557165,-0.018497599342932176
297,0.00539526179622048,-0.0405513090798366
298,0.004930681449960436,0.010135350723848746
299,0.021145361472759305,-0.019162407962818345
300,0.007007662074878487,-0.0059346538980055985
301,-0.010348370971122659,0.01675282840394445
302,0.0099049998127261,-0.0026372305290782994
303,-0.0026291473115047296,0.011760187174166546
304,-0.008013963499357717,0.014053296249519114
305,0.023843260442653613,-0.057238523224039356
306,0.001796783488133162,-0.026732971929168126
307,0.006564380142467085,-0.02445464470655412
308,0.003944592514952296,0.00442613246797844
309,0.006165604452768837,-0.009123411334525326
310,0.009801542760653908,-0.012892571117182415
311,0.004559134618363325,0.0019453646363096766
312,0.005210169395063132,-0.03185240211333266
313,0.010238272673466792,-0.019564073697080783
314,-0.0027918831926284846,-0.0057574622104467
315,0.003246984317698459,0.026159151291039184
316,0.007798035044619588,0.012213499808081674
317,0.005639858166861134,0.014657234537141461
318,-0.001999778564443132,-0.012178833053531603
319,0.013404304066607206,-0.029429982462255984
320,0.0023058328825148536,-0.005499937479788131
321,0.01021972999183085,-0.00578707889548255
322,0.001989691341563491,0.017152501086181063
323,0.0019486667403551445,-0.0037861675120490403
324,-0.018217997309268513,0.034251591497011125
325,0.015912392422403533,-0.0269012559602175
326,0.0056724454249074685,-0.030175345961521445
327,0.0053521661962573795,-0.016388059555806325
328,0.0032795884036162775,-0.00455848577206203
329,0.009466632135360541,-0.022557898228585054
330,-0.014960722079735388,0.013293735979269083
331,-0.0066031835387348,0.021618949506648822
332,0.011773739719172229,-0.03795572826532828
333,0.004950828396420226,-0.005004500244177864
334,-0.000377552164646845,0.0013247723719496444
335,-0.018780604020273844,0.014047071410722034
336,0.006432587158545697,-0.018492540462234336
337,0.004413209678747368,-0.01978920461487662
338,-0.0013399291247692298,0.015036391029545938
339,-0.004107537679646047,0.015455892989166362
340,0.00045101933790495097,-0.02224438554238988
341,0.013766304870544796,-0.01103683242964787
342,0.005440029838705666,-0.00294555190431553
343,0.011391092959674066,-0.027925755695948642
344,0.009196675113677468,-0.04997303445241241
345,0.002621806553234213,-0.00977178153236793
346,0.008736087964234054,-0.0015544828587467363
347,0.0017308891217461325,-0.0033981282580702816
348,0.01179518245615873,-0.01979370623684968
349,0.02514074019111466,-0.021350047136140804
350,0.004166119898968375,-0.014221552064046815
351,0.005897201974297158,-0.0005026777677423905
352,0.008612396337745978,0.0006132550143773396
353,0.00493764733097237,-0.01796879106228029
354,-0.0034266731680481326,0.0035684530856520784
355,-0.0008479200731364191,0.027776968065965996
356,-0.0014135881066023419,0.012898129709858375
357,0.005481568448007578,0.0004824890400854931
358,0.010682516290593053,0.014300453714525263
359,0.015950834805007058,-0.009900699242252481
360,0.00925941893405887,0.0030318134251115514
361,-0.00815357357910327,0.017261720115355813
362,0.002543679533829779,0.0228968417919172
363,0.019989838172593716,-0.03552836976407987
364,-0.0022574743831579105,0.04363365552028381
365,-0.00281905186285227,0.002316096720090321
366,0.01267046440533619,-0.027285549814880503
367,0.0038591735128835833,-0.030377751486172604
368,0.012955374114233085,-0.029811642957054824
369,0.009895645255307844,-0.019879432424628973
370,0.02104635979154277,-0.015830836938210607
371,-0.0013334859191552993,-0.00414307346814145
372,-0.0014003546463957238,0.004210819440616147
373,0.014356911623458122,-0.02580426916338436
374,0.0018922162382515057,0.00583866807127021
375,0.005143658627153529,-0.02814617304730639
376,-0.0023272366265947118,0.012861563239523838
377,-0.0016959675380623616,-0.01210642794568128
378,0.021258162560581786,-0.01786343113130609
379,-0.006410167495260818,0.006309768097816269
380,0.015473764514009745,-0.03536686171919125
381,0.006969160061855313,-0.01464829326161814
382,6.0707944516921394e-05,0.004235091028996201
383,0.004354709137978438,-0.022376426373119998
384,0.002455202849751099,-0.005642347862221212
385,0.0002362482890550504,0.009118479090030909
386,0.010036817752608396,-0.013469731768142167
387,-0.011112188976879583,0.01101146694707733
388,0.008572856366576953,-0.034450966394359184
389,0.0032533051375895385,0.006397966139834087
390,-0.008118641026369862,0.017094272423467036
391,0.0073576608869017675,-0.019548060539198657
392,0.004051901365180832,0.0012374321589792708
393,0.009858527037869082,-0.016218998358461398
394,-0.0047216144440449526,-0.017483696561680626
395,0.007351402928951048,-0.00023135720296553475
396,-0.004498103504895039,-0.01521189258862557
397,0.004724946478094977,-0.0177796773277571
398,0.0023122248879661675,-0.016140075365432344
399,0.01023284270554173,-0.02604113291180713
400,-0.005614707268327971,0.015447278691886232
401,0.0024430062620150457,-0.0029237872667412478
402,-0.002749131038145955,0.004169495688967592
403,0.00014342508082779842,0.01293787507457423
404,-0.004047665457636812,0.01990030661989274
405,0.007632803441235051,-0.018463020473052677
406,0.005140480856095149,-0.01745056991736933
407,-0.003887825130513417,-0.00397340526471493
408,-0.010537585057115448,0.03524213483071644
409,0.006222507139381665,-0.008894542177347486
410,0.0053230579329261,-0.006088722232723633
411,0.0046334303591536435,-0.0012299245931778058
412,0.002684222859773093,-0.02563821267028741
413,-0.000903664981828211,0.022766215821020716
414,0.011720731810025076,-0.024874678156220947
415,0.002949271583143405,0.004674118916106869
416,0.005549062898321194,-0.012025952583745881
417,0.005170124875321421,-0.01368557091676796
418,0.008536753099776754,-0.013545894046214174
419,0.006271093567423124,-0.016948910815665155
420,0.01951773646312979,-0.02920801301979084
421,0.009536464899464307,-0.014374589597296691
422,0.007580877765335257,-0.0067641692669797235
423,0.003368462321118544,-0.028367291118620325
424,0.011458220769581674,-0.004236876671523601
425,0.004909524443787151,-0.013041580955181497
426,0.013723944890510351,-0.024879772950545456
427,0.0025322462425911426,-0.012012956905649205
428,-0.004950084597936201,0.028894946963185418
429,-0.0005635815979705121,0.004622403289280937
430,0.007239032110729649,-0.018861092491648725
431,0.0006685579478858117,0.015906609901800615
432,0.00021665749778329926,-0.01123366044296984
433,0.01167377853815714,-0.004942400713935646
434,-0.0017848109459544948,0.006631605064073422
435,0.003679595266860604,0.015482807936476911
436,0.008798465564756181,-0.012391384436707634
437,0.011035447700043721,-0.012205045766059068
438,-0.0034707921624500503,-0.0054753444591689945
439,0.0024763453859550596,-0.0037430308868893272
440,-0.015485269241353605,0.026817634813786566
441,0.012423426909607033,-0.024747802757351462
442,0.014495295050819784,-0.020328570620967615
443,0.0012944365072002466,0.005896479340396509
444,0.011142265298497572,-0.023729136281005026
445,-0.003235150201197877,-0.028210107702116197
446,0.016755228158804602,-0.046383704776618066
447,-0.0011046382191766992,0.013444633452424557
448,0.0002767858139852507,-0.00039949296188231034
449,0.001592255681276012,0.007909929510961505
450,0.00931377639627701,-0.005573110553016111
451,0.007137210775156385,-0.008054179115818752
452,0.02042414593013434,-0.028994747931257323
453,0.00924487900995607,-0.017562681383604308
454,-0.001649351036553399,0.006374725760327358
455,0.012413867807979779,-0.015912041391510763
456,0.016266547415846617,-0.017437629102345906
457,0.01422359145633129,-0.026412136653023208
458,0.005982614305712345,-0.019269046644187934
459,-0.008427647444325989,-0.00666605808349488
460,-0.0068162016998657695,0.017078800331742607
461,0.005537110075458937,-0.021210017021412828
462,0.0006748035788221393,-0.0018189432425446607
463,0.003956376298780186,-0.008353670365157634
464,0.0033349108224221546,0.004317655151062791
465,0.017933371924798016,-0.026407914862943027
466,-0.0006246206123406463,0.01726871787889011
467,0.0069664266049655164,-0.00514192363500756
468,0.00510014737646667,-0.03470422979341625
469,0.0011831402864051622,-0.002950005914511027
470,0.005982829132933305,-0.001617599871220475
471,0.01104370148705822,-0.0056327344124908335
472,0.003903261322251339,-0.011373088130416695
473,-0.003476845537592947,0.020586940586711143
474,0.017609019507812095,-0.01570669435164722
475,0.013891983311692516,-0.021740764259294235
476,0.00018157385010138423,0.008530381167756958
477,0.00382676448693918,0.017877544043508428
478,0.0012737997488888918,-0.006542658795076402
479,0.01315480141632933,-0.016565620756469418
480,0.0005350232193672318,0.014950045865679842
481,0.010766163534693498,-0.02599266336479105
482,0.0007134356610442212,-0.004864126040765482
483,0.009067521041176765,-0.004157476791900913
484,0.010638277903470269,-0.009657138472376203
485,0.0007680158738957582,0.005051594031190643
486,-0.008484748250235048,0.03097431703435735
487,0.00869184547588817,-0.0006161266514466274
488,0.012800896772308909,-0.02586715752753375
489,-0.010571651609852586,0.013531805826889856
490,0.008278185196663044,-0.03672222911668418
491,0.00302810260470311,-0.0016719372990253514
492,0.010665137681459044,-0.0427121757157638
493,0.004820753188317891,-0.02383922385124062
494,0.0017062147854053434,-0.009500166625195993
495,0.011574314114240898,-0.01866407084198963
496,-0.0033043791587822093,0.008695397855999364
497,0.0018849906760025452,0.007130411519663281
498,0.01171951379713716,-0.024180277525130967
499,0.007333874031470942,-0.0162408681282616
500,0.0003469047030241518,-0.00393856644480137
501,0.006817678716247996,-0.020423250548816444
502,0.014180344059725552,-0.012154853375818411
503,0.018002124873639537,-0.03199815725957332
504,0.00107153037264714,-0.021009600164010628
505,-0.00603765500455565,0.01465161601261247
506,-0.01165620650731429,0.010721826433227513
507,0.002189794767992952,-0.010480948446728785
508,0.00880894222767772,-0.019118637881354986
509,-0.005611535032073914,0.010364629453884344
510,0.012961535267630001,-0.048851628614715654
511,0.005469241260739848,-0.01686368695300751
512,-0.0024443288532487294,0.0017275923450025162
513,0.008368468286739983,-0.01929802217370899
514,-0.009379596859114991,0.024467835401718173
515,0.003689334554323064,-0.02041621687497653
516,0.002411091024224192,-0.008355612931828986
517,0.005981922562049078,-0.01445167320920997
518,-0.009379525511022476,0.014736144006316051
519,0.0004586495094135081,-0.009291906844563828
520,0.005249460472595736,-0.004910628377828179
521,-0.003017538126157569,-0.004335442577490509
522,0.007632839572638237,-0.02792576419328219
523,-0.00488764358724585,0.0006367816071290791
524,0.015003507210483581,-0.008968112207838552
525,0.006963820295161097,-0.012809774220278805
526,-0.002736786311907909,0.017522003200698938
527,-0.003311360952759532,-0.004367280240696748
528,-0.0020487935584461202,0.009859699777112476
529,-0.0032250566603064974,-0.003293687177181613
530,-0.0026717297784933786,-0.004533517388696562
531,2.9421197678401387e-05,0.00555940915832211
532,0.007433417220969267,-0.01777765168750267
533,-0.010019144214870341,0.0069454673975174325
534,-0.008362156879807608,0.023593575986956453
535,0.004695402963913409,0.01758810298895601
536,0.007530119693121996,-0.020421622758566037
537,-0.0005252265803503582,-0.020492873872838158
538,0.006048448645953566,-0.025107861911263896
539,0.012562346389413611,-0.01741825395866165
540,-0.002014743458486635,0.00755096437139369
541,0.006143820603171752,-0.02416151632284852
542,0.004314723415011174,0.01427873697036082
543,0.019130402500919085,-0.04314680420625219
544,0.0006299023689149627,0.03459489291714499
545,0.001469313983826357,-0.01814435846589743
546,0.007089371217289423,0.006478937708550708
547,0.0024383729135781856,-0.011752668570555907
548,0.004607178301480511,0.00787089721723093
549,0.010794549510291181,-0.01201924991822477
550,0.0043504159961239896,-0.00784189190453931
551,0.011864304127756416,-0.038829032471312586
552,0.012797248788787652,-0.02676246109328213
553,-0.002494965124981676,-0.003148758292472492
554,0.012620860416438784,-0.028770027278841773
555,0.008770060572313425,0.003606104519099207
556,0.004611946100593501,-0.011051450829165952
557,0.01664280122976169,-0.024676481513847395
558,0.0001707035697961299,0.011823896786255339
559,-0.002469790322398558,0.01325845929364854
560,0.006477931081663776,-0.00310062504902181
561,0.003806718866423777,0.007137155223103479
562,-0.004303146796479555,0.006983024007962637
563,0.00988436353306383,-0.019779227184542055
564,0.004826927127128216,-0.023060714341747286
565,0.0005271867392666017,-0.011756429542932954
566,0.015060723405469559,-0.01592052509248429
567,-0.0021595792402962317,0.00706569776235669
568,0.007066544635511901,-0.009909385460955586
569,0.003584170208856755,-0.011912405333010464
570,-0.0005515188164841702,-0.002895409920791457
571,0.009425519269618725,-0.01677279446667963
572,-0.005430922444104008,-0.0035131943983841007
573,0.013632079399258899,-0.022076928827015174
574,0.011206836588462298,0.006056045662784337
575,0.0016580085513956226,0.017652593565962396
576,0.008559208977181744,-0.01708059941492239
577,0.012012597622028928,-0.022689777411181306
578,-0.0037925226995733415,0.022203149055886343
579,-0.006159246437886765,0.006334348633943276
580,0.016310914028220963,-0.038104348463338905
581,0.0011700964558717369,-0.014819725708709458
582,0.011315832258791913,-0.028339587234830835
583,0.003355537942468078,0.007405779895526481
584,-0.00023711512334787053,-0.0044455749359308926
585,0.000538298632306429,-0.014008752293547706
586,0.007217030179481023,-0.008269933081694401
587,0.0012238630162502689,0.004888281329175733
588,0.012973732788931908,-0.009179816903010049
589,0.006312668069712804,-0.02698701922717957
590,0.013319442760740433,-0.01564483390870426
591,0.0013928356976940972,-0.009700569107419886
592,0.0032783975197777215,-0.01766167272365664
593,0.011557116960771222,-0.019347673763140963
594,-0.0007317912944247509,-0.016703299884949577
595,0.01426882489604428,-0.02154978512916926
596,-0.0017858106581686033,0.007412698470622665
597,-0.000556711712959946,0.013077807128707923
598,-0.00041358515597702053,-0.020990759256816288
599,0.019065947227303794,-0.026645690292544544
600,0.005445945869101059,0.005392466741332244
601,0.016228383794636064,-0.016479694551122262
602,0.004746674665928912,0.0013163357264502837
603,0.0056590901622767305,-0.008943710465780085
604,0.0012110011648687885,-0.011197250355125296
605,-0.0055261698019192715,0.003273820642082613
606,0.005541411870686706,-0.023541953659777216
607,0.014122589720877734,-0.03643561475163038
608,0.003799129997662253,0.007368235492386382
609,0.008570090731830111,-0.011505823981482671
610,0.0029931906262307857,0.007572534093332216
611,0.008203022978515441,-0.013475131843482039
612,0.001821544336723522,0.008920634213784286
613,0.00429485526065896,-6.071494867591898e-05
614,-0.00889704234962223,0.03280797909382169
615,0.0036945120073478234,-0.004831823435387933
616,0.008230006867285127,-0.0169511096240853
617,-0.0024155376678853518,0.018583327686981115
618,0.008779719403277996,-0.035025054893307636
619,0.0018376474614983655,-0.007918598929078409
620,0.0005623533354779595,0.0016437240088054972
621,0.001434864859490033,-0.009418756795745423
622,0.012271149709822623,-0.02340765497241959
623,0.0017604441583413577,-0.002060689721033607
624,-0.00013895522192022836,-0.016243318782965574
625,-0.002291600277145256,-0.014814187886959068
626,0.007769885430474976,-0.00885159191005603
627,0.010885134518511332,-0.013812351453254754
628,-0.005167569755233242,0.007294737380967968
629,0.0031672468958962967,0.006356377174993051
630,0.0010686949641876189,-0.004259552869456418
631,0.002624987777558902,-0.010776398463832534
632,0.00813066733133469,-0.013396993842801672
633,0.014950889260368125,-0.04203207410015169
634,0.009726197045562934,-0.02835962255705289
635,0.0024006662106491987,-0.031075171058071283
636,0.0001320464378975674,-0.011618633017898103
637,-0.005146053873741225,0.001309226758462942
638,0.0014978878661193011,0.012590211863273186
639,0.006367283216076816,-0.02071929967692299
640,-0.00623354202183516,-0.01247685863973691
641,0.0013102698267153413,-0.016699581606151516
642,0.004546133225023476,-0.013401010988404665
643,-0.00492256826346951,0.017087078612620276
644,-0.003065278268236943,0.009083087439153736
645,-0.012260766844988013,0.020039795086919637
646,0.004919159185013632,-0.0038925836654643484
647,0.0023055663935181506,0.0036073644481800296
648,0.006711734228532046,-0.004833251050530077
649,0.0002300244337361812,0.017110933459327057
650,0.0032996239880346357,-0.004174197934343659
651,0.020293063817945607,-0.02944257201089745
652,0.007502615917877349,-0.013794502984951208
653,0.007126993841047945,-0.021458798450630544
654,-0.010404330712327488,0.028523009078821583
655,0.007936402876935755,-0.01814266026512875
656,-0.0010118394398522775,0.0005856052790114662
657,-0.012276012341748637,0.019262149092738733
658,0.0003895131264291217,0.011889877958556117
659,0.00016650827422406717,0.006065748869336467
660,0.0019418283092759257,-0.010253296146368883
661,-0.007058694246383045,0.01647597111705511
662,0.016026548488567424,-0.012380078537331946
663,0.010137477687519492,-0.013492220537910209
664,0.002094768197018697,-0.021443665529664986
665,0.01759793427849838,-0.0014668107231348704
666,-0.0025602614030685086,0.004973814878795829
667,0.0032885250909539983,0.008396709679093527
668,0.015113932033972186,-0.029659978555222198
669,-0.0017864826971678745,-0.006307530296562731
670,0.009412407675159905,-0.02395285981131143
671,-0.0005417351873065863,0.0037324934413745063
672,-0.010837027022041097,0.020809557680997348
673,0.01275769791832556,-0.027861802831992504
674,0.010961239819622492,-0.012625898260858338
675,-0.000382085713324435,-0.010396011268232253
676,-0.0001039761967887411,0.004596524430875985
677,0.006940682130921333,-0.013751478840595232
678,0.003949014256616659,-0.034416081490952
679,-0.0017674380444853937,0.0066383189265677
680,4.6887741930814325e-05,-0.014362329452620226
681,-0.006215802638064795,-0.0038617671035844903
682,-0.00338615022356855,-0.011268648504198162
683,0.007638611260958941,-0.02445613258817545
684,0.0057151100034474826,-0.014177818965127688
685,0.0031655374882023704,0.02125790820406688
686,0.0029511518336351843,-0.01955968432974253
687,0.009062423862437864,-0.00099656304281516
688,0.0037503797498152705,0.007940970917911072
689,0.0018420362508662393,-0.01931989074410608
690,0.0003107910668829709,-0.006522862482257783
691,-0.0082896647090624,0.015414579370915105
692,0.00833676724571247,-0.00572114427960186
693,0.002066943176806441,-0.003369548202754662
694,-0.006990524533600748,0.003410149163380158
695,-0.00017049888347934116,-0.0012894134760586427
696,0.011941186493262881,-0.001652981738535425
697,0.00811321852825726,-0.01738787324007096
698,0.017431412200661224,-0.012802425002082632
699,0.014995940226847027,-0.02136350819596851
700,0.012236996268563134,-0.02055087017920735
701,0.011523896445153765,-0.019436259303067915
702,0.017789730474779015,-0.019523805673576478
703,0.006000714602843092,0.0017774985998828124
704,0.002280269943857039,-0.011417695321109334
705,0.006158465240722094,-0.020828895585351174
706,0.01049454950660261,-0.01643915533208514
707,-0.002878198261474025,-0.016212995139543024
708,0.007641975538720363,-0.013697196460742536
709,0.00734884640907886,-0.0016071069819500738
710,0.00911967789742652,-0.025214886417052718
711,0.018104352339895588,-0.028199209508671746
712,0.004414322694752202,-0.009792035344828875
713,0.008881322291074585,0.0011966993258590436
714,-0.0006973919485946736,-0.011168123246298768
715,0.013121990142568391,-0.01979747805588701
716,0.0007970027893168807,-0.021523503782427934
717,0.006199626175318509,-0.020508032462593234
718,0.0048884756259948555,-0.01983986738647173
719,0.009933079906568896,-0.02395383122743998
720,0.0031544275994769867,-0.021209997646893693
721,0.001262150589417639,-0.010521121727266072
722,0.0016616115205695444,-0.01606166382269484
723,0.007047479574000082,-0.019518911409700156
724,0.0074176026328838865,-0.0005253790914765133
725,0.00119891370265297,-0.02375294524161182
726,-0.0014845604063664147,0.009157026435335534
727,-0.0014154696451470334,0.002740120264522997
728,0.004860293249180964,-0.018956559678867793
729,0.008360192173944467,-0.013891399153093831
730,-0.007743830835465232,0.004062443762483069
731,0.0010211710964173198,0.02485401653134288
732,-0.0008676529877624179,0.006624210597669393
733,0.014668037582521153,-0.038616038456205065
734,0.0010905114530620763,-0.01724595708715323
735,0.014639717839402832,-0.041243892982749275
736,0.009647900514867113,-0.013991414985978813
737,-0.0023938008698583557,0.008535121057897322
738,0.022554094281808726,-0.03174553368793431
739,-0.0003544122011961044,0.0016183098962069676
740,0.002410705066574155,0.008877254313391689
741,0.007066778255231339,-0.03722805623558754
742,-0.007321129082312109,0.005637051491248303
743,0.010462485445403139,0.004791649206612639
744,-0.003227935907764483,0.018346967597736998
745,0.008647529723746283,0.0023801322525490998
746,0.009029419826839948,0.008325256566202727
747,0.0005469695537861385,0.001388419046850645
748,-0.0011777666352335465,-0.009431458577419748
749,0.004957108208965845,-0.02429473880525859
750,0.004730099625403378,-0.02628864003144231
751,0.006984865208801511,0.01097116061146551
752,0.004642160705818079,-0.003165933396855919
753,0.0007906948257092564,-0.005014966600420891
754,0.007189107756401916,-0.027314437750417107
755,0.007117502142692728,-0.023096611434638464
756,-0.0008929548342482344,-0.004889989683541311
757,0.00263020124667198,0.010307810909766665
758,-0.0004832047127682872,-0.004975322968302949
759,0.01149041902406175,-0.021298096435939183
760,0.0026262408738194146,0.001980058572600994
761,0.004537919609562752,0.0049996659702139234
762,-0.0017338626353443944,-0.018259148960217242
763,0.014415618462114374,-0.04068351532047337
764,0.0028923433359254735,0.0017714021530789437
765,-0.009801047681758586,0.012434294941070276
766,0.00033348181508689387,-0.015938341285258346
767,0.004110998171442408,0.002251616048451109
768,0.0034069864254625687,0.0132319058634668
769,0.006065058488098966,-0.01971187145543371
770,0.009505615482566971,-0.0004326659277788941
771,0.008814391037436165,-0.012218438498969253
772,0.012996469394075373,-0.010751237944272449
773,0.013378909312265513,0.005999772425188593
774,0.0020344028104249436,0.0030994108190329807
775,0.006215365736008558,-0.02892041403769672
776,0.0011674175354870302,-0.012314160408854628
777,0.0055996899655439344,0.020453403908719095
778,-0.0004987788110531561,0.00568161051481462
779,0.011334478448742823,-0.013781370116507832
780,-0.0008199740536990159,0.009235004909184653
781,0.013118577310552104,-0.021980257251196518
782,0.008104892444888875,-0.015755640876809956
783,0.006012422008217718,-0.004563746164564321
784,-0.00919121124082609,0.034960728401718176
785,-0.004376182321918628,0.011621964652965517
786,0.011884150371219808,-0.0016335806285414645
787,0.00212436816584961,-0.017098748333575654
788,-0.00608308929564951,0.005150840403336104
789,0.008825558030125257,-0.009965570739998965
790,0.0019523123973475796,-0.009272089381127883
791,0.012252239556337249,-0.025405376862736567
792,0.008773909336670986,-0.008234959862731206
793,0.0020858618700929955,0.007013247869240527
794,0.01722531497868937,-0.015739477059114354
795,0.006438092352191404,-0.0239219032138608
796,0.007822599302843928,-0.008665272896444809
797,0.017939248101310364,-0.02446923232962231
798,0.002882858073035406,0.008516591375526732
799,0.011149017100289862,-0.016256753689595484
800,0.007778744225940253,-0.0009271390929189299
801,-0.0001096659622442861,-0.012215374512191207
802,0.006747110334948145,-0.012985814168313205
803,0.010192866364694358,-0.025178935666177384
804,-0.002664256938185578,-0.006929510643035111
805,-0.0054770980582693855,-0.0020623212838334903
806,-0.0009229631990858942,0.014173513495719221
807,0.00937053877237609,-0.013088692307179267
808,0.005340071314982124,-0.008850612922297791
809,-0.015005909656644636,0.03400912823716893
810,0.016115603887361038,-0.03290872943444391
811,0.014072815078559158,-0.021864955984828592
812,-0.00644250613636712,-0.004645193317867405
813,0.003568836230243795,0.025759075299200226
814,-0.0001335349995117219,-0.0030112384276485757
815,-0.004215842286458341,0.0034256357468905353
816,-0.017182867180868495,0.036865026394686334
817,0.004613100660676248,-0.010856490244498626
818,0.014127122262102658,-0.01803150259779747
819,0.006458786093586526,-0.027002041984078146
820,0.005873020483489661,-0.034724688925731946
821,0.00136093331805919,-0.012828373311400045
822,-0.00021419206532292522,0.004399075637890189
823,0.008499149258809216,-0.036625888956043115
824,-0.0006165561325013752,-0.019200972218716195
825,0.011716874526609694,-0.02749621141119405
826,-0.0045052492950918115,-0.0030516639523874636
827,0.006625521564153044,-0.0074567998540967725
828,0.006589233028270433,-0.006597157954112184
829,-0.00469318542070838,0.001838853143918219
830,0.016598549656303384,-0.027619965577769134
831,0.010710098554763892,-0.033668252213740944
832,0.01151852012674761,-0.00521931186362104
833,0.0013124887906114623,0.0015317721063052153
834,-0.010236846997701214,-0.009730804839071433
835,0.009569022891173132,-0.01031011853731243
836,0.004928487086606502,-0.002606560881520871
837,-0.0017899956340709042,0.010590835908212347
838,0.005289460194595889,-0.0010085062102410808
839,-0.004209455646208924,-0.006215871194879506
840,0.007796121717467816,-0.02614554021499811
841,0.010063496309640114,-0.0039024525851491104
842,0.015614624090377258,-0.01758034949660353
843,-0.010084373238365928,0.00824617798573711
844,0.005048020175278632,0.014963568085706022
845,-0.010936562922212699,0.037333543326332305
846,0.0018763422927908623,-0.0002884242033930999
847,0.008583628184391932,-0.01032423623407637
848,0.004020731684363019,-0.02054159454892413
849,-0.0030918641327550567,0.027131312841812895
850,0.01425110260616939,-0.012035611679268393
851,-0.000993340679077583,0.014364987257584998
852,0.017933066310316763,-0.013207589374318818
853,0.004634941339417428,-0.01626859975839565
854,0.012424827529338718,-0.01677078394985882
855,0.009057239811949627,0.0059757539702731816
856,0.0009396454262958287,-0.007977283176117749
857,0.007773539702820227,-0.0087247708467049
858,0.005883297308869297,0.004930231563874177
859,0.004082568203737105,-0.0002328007530252446
860,0.0024438029592735687,-0.024905639137262202
861,-0.0005097763586049916,0.0037991525983158206
862,0.008360145282329463,-0.028274425934315506
863,0.0134416645709728,-0.02061831075457994
864,0.0033154076850955942,0.005860057903142285
865,0.010976451562828705,-0.00525377184257142
866,0.0037826339185932784,0.010348968662349176
867,-0.001818388791121559,0.00787434955027145
868,0.01965842759200268,-0.056085479484145204
869,0.011644754499945299,-0.024944755627230315
870,0.01290898044301372,-0.012064747387854208
871,0.004929549122400324,-0.013586770033379205
872,0.0013665418644665007,0.021562883961044915
873,-0.005219942352923782,-0.012273648349809346
874,0.0085009037224895,-0.02035508894588967
875,0.012326155806175895,-0.014598946310897212
876,0.0021408794820484828,0.00850210264092037
877,0.003455884957892272,-0.026388991840305458
878,0.00783413180019012,-0.0028302243734142085
879,-0.0033111351065682037,0.02219184909455338
880,0.013276197950954714,-0.0347433387025264
881,0.012859469148948135,-0.022414879253640656
882,0.0078674198531795,0.005527990236842473
883,0.0036326072731396597,0.01967702216244062
884,0.009205500364902988,-0.03158458968265238
885,0.003138054090387605,-0.018288563710997643
886,-6.832142112878428e-05,-0.017369511309406532
887,0.0025114956200872444,0.006203423645320845
888,0.0005651144528815311,-0.014303962905855123
889,-0.002958091787062434,-0.0033799144774425624
890,0.006089781704376799,-0.030482816800112566
891,0.010722322519889665,0.007149348746669448
892,0.01656507920979068,-0.04611173357975662
893,-0.007890549518427282,0.018881796499637626
894,0.0108433568069516,-0.021788885398932038
895,0.01371474093000162,-0.007189392683784879
896,0.0037859897828824013,-0.020774766302378244
897,0.008384666986858608,-0.006153984560422127
898,0.001017223861562692,0.0027870049873035575
899,-0.006046585567767212,-0.0014951666731563978
900,-0.0029327306146119305,0.0012636805838251164
901,0.01736649463905049,-0.029210793928600154
902,-0.0006596248157978227,-0.014418717826292456
903,0.011494618121588314,-0.012699394347308698
904,0.004241641575774735,-0.01920192377204576
905,0.0013268053755644297,-0.003042803542373417
906,0.004485023158407457,-0.008260089358539342
907,0.00011060854400223377,-0.009920550133701737
908,-0.005259351453164174,0.017722650208772953
909,-1.7901457743371707e-05,0.014811188138176772
910,0.010554265055895412,-0.02831420108977229
911,0.010525292967591773,-0.020405595960711925
912,-0.005489501252084758,0.005739452905260144
913,0.004917421022308648,-0.0042272597854364005
914,0.0002682211545208899,0.004951907005471774
915,0.00039684169084978904,-0.014380069598117877
916,0.010768792183490746,-0.05468555574931561
917,0.003295087545884019,-0.015193820072959073
918,-0.010447332939990481,0.011562312771499793
919,0.00936250266528504,-0.01753123893037893
920,0.013916690235897415,-0.03200411224419761
921,0.011191704875618824,-0.021158967567689816
922,0.008705292985519376,-0.01383424153742465
923,-0.006375574293735071,0.006376934139920409
924,0.004513410793413934,0.008781470490829002
925,0.004217004704343219,-0.00784374477029227
926,0.007111144650089018,-0.024744707675400827
927,0.012380484341049693,-0.03283037222378727
928,0.005029126073210958,-0.006027793438755459
929,0.008682942688452482,0.004876194744350651
930,-0.001415288149974952,0.007093827616198222
931,0.003112047819981794,-0.0058223943228751344
932,0.01386701050665783,-0.03167702343117876
933,0.003540350909551693,-0.005214390167466797
934,0.0016441105310432344,0.03025329528330266
935,0.015687305101880843,-0.005274432679010482
936,0.0011654759977998662,0.006568393562669729
937,0.0007283686061757728,0.011721680481223094
938,0.0034330627365268254,-0.017530909568646245
939,0.006898654846861488,0.0032741804060509305
940,-0.004817580178654704,-0.025725046144847052
941,0.004731911757418494,0.010357194743765383
942,-0.012319235626852526,0.0025668632687999293
943,0.0036560582711123546,-0.012875757495339028
944,0.00041335482716229656,-0.00032382136344022384
945,0.004289444268145028,-0.01973338797683424
946,0.0008885800445341038,0.008246039756047298
947,0.006935542164577632,0.0015325335886328117
948,0.009415301830606841,-0.021958729773098686
949,0.016223035684513838,-0.0320041919440575
950,0.008631815223404001,0.0030070125210953924
951,0.002188932547497696,0.0021677828944045956
952,0.000899129745446207,-0.0032377792663418063
953,0.01840085686400955,-0.016324000017672716
954,0.0013322613795105128,-0.0014785890446509
955,0.00993156798419884,-0.030434073933902066
956,-0.007499839684883894,0.009200503728025458
957,0.0025074277076815553,-0.014286375386001176
958,-0.0023784456684406707,0.023590747611951415
959,9.731188014885928e-05,0.011486539986673892
960,0.011550104673819617,-0.028258182435301572
961,-0.007960718379159883,0.011120204124726779
962,-0.0019341526634408393,0.010634492405358173
963,0.0022102215830525213,0.0009217639917029966
964,0.006664947399669757,-0.014011546629582731
965,0.0023145504152421244,-0.00822781487550299
966,-0.002051095906353946,-0.008515366440588618
967,-0.0013263657414427435,-0.004174252974205258
968,0.011154798831540502,-0.02615719083886961
969,-0.010642276204997494,0.010789603380337243
970,0.00499333910611092,-0.0046896809375423405
971,0.009360895692655956,-0.015085114730148452
972,0.001469182547657405,0.0031490127822610472
973,0.007496398916799523,-0.0035511847148770523
974,0.015692358480549215,-0.03526437381506471
975,0.003292187471567067,-0.017976774944173095
976,0.006420855678931886,-0.049659857558683546
977,0.0013473034920251752,-0.017949379666554736
978,0.013788111935038622,-0.021397228456021607
979,-0.002306594382464353,0.0021302808510464347
980,0.011572848167848386,-0.022222482114311555
981,0.0005010939957804401,-0.011443828461528735
982,0.006793273971213276,-0.023885400330386386
983,0.002834946326406974,0.00046802363917589074
984,-0.002293276670479523,-0.01199366352991111
985,0.009165095426133285,-0.01582430278923294
986,0.012550864483410931,-0.01722971229235218
987,0.01262958094877078,-0.023264368634708932
988,0.00736690565756816,-0.05317508561227263
989,-2.3203765084328642e-05,-0.01801432268710807
990,-0.0021512857048959326,0.028202841043301688
991,-0.0022677119195429127,0.018921253370630796
992,0.00650195635214027,-0.026816112702816437
993,0.003514550540756327,-0.0008200293251265575
994,-0.00043391538176191374,-0.015725605180792933
995,0.004109977329175522,-0.008468436051779056
996,0.004335497278450753,0.011651221243894977
997,0.014860352528080087,-0.023623377325912485
998,0.007900441747860976,-0.0055355408317027816
999,0.008494187725100806,-0.0037988991731084942
