"doi","title","year","categories","source_files","openalex_is_oa","pdf_url","status","error"
"10.1007/978-81-322-2698-7_14","Global Production Sharing and Asian Trade Patterns: Implications for the Regional Comprehensive Economic Partnership (RCEP)","2015","05F_累积规则与中日韩","C:\Users\97328\Desktop\学习\论文、项目\供应链冲击\RCEP选题探索\文献调研\F_累积规则与中日韩.md","False","https://openresearch-repository.anu.edu.au/bitstream/1885/260168/3/01_Athukorala_Global_production_sharing_and_2016.pdf.jpg","download_failed","Response status code does not indicate success: 503 (Service Unavailable)."
"10.1007/978-981-97-6839-4_11","China–ASEAN International Logistics Development and Prospects Under the RCEP","2024","05D_贸易便利化","C:\Users\97328\Desktop\学习\论文、项目\供应链冲击\RCEP选题探索\文献调研\D_便利化调节效应.md","False","","no_free_pdf_found",""
"10.1007/978-981-99-7599-0_7","Input Trade Liberalization and Import Switching: Evidence from Chinese Firms","2023","05B_来源再配置","C:\Users\97328\Desktop\学习\论文、项目\供应链冲击\RCEP选题探索\文献调研\B_来源再配置HHI.md","False","","no_free_pdf_found",""
"10.1007/s10290-022-00479-w","Multiple preference regimes and rules of origin","2022","00_近期文献; 04_原产地累积","C:\Users\97328\Desktop\学习\论文、项目\供应链冲击\RCEP_JAE_修订\paper\paper_v2\literature\recent_literature_2022_2026.md; C:\Users\97328\Desktop\学习\论文、项目\供应链冲击\RCEP_JAE_修订\文献调研\04_原产地累积规则_制度特性.md","True","https://ir.ide.go.jp/record/50746/files/IDP000738_001.pdf","downloaded",""
"10.1007/s11079-007-9050-8","Import Source Reallocation and U.S. Manufacturing Employment, 1972–2001","2007","05B_来源再配置","C:\Users\97328\Desktop\学习\论文、项目\供应链冲击\RCEP选题探索\文献调研\B_来源再配置HHI.md","False","","no_free_pdf_found",""
"10.1007/s11149-025-09500-0","Regulatory quality and value-chain participation in regional comprehensive trade partnership (RCEP): evidence of nonlinear effects","2025","01_RCEP实证","C:\Users\97328\Desktop\学习\论文、项目\供应链冲击\RCEP_JAE_修订\文献调研\01_RCEP_实证文献空白.md","False","","no_free_pdf_found",""
"10.1007/s12140-005-0019-1","Trilateral trade relations among China, Japan and South Korea: Challenges and prospects of regional economic integration","2005","05E_中日韩FTA","C:\Users\97328\Desktop\学习\论文、项目\供应链冲击\RCEP选题探索\文献调研\E_中日韩三边FTA.md","False","","no_free_pdf_found",""
"10.1007/s12140-013-9196-5","The Potential of China-Japan-South Korea Free Trade Agreement","2013","04_原产地累积; 05E_中日韩FTA","C:\Users\97328\Desktop\学习\论文、项目\供应链冲击\RCEP_JAE_修订\文献调研\04_原产地累积规则_制度特性.md; C:\Users\97328\Desktop\学习\论文、项目\供应链冲击\RCEP选题探索\文献调研\E_中日韩三边FTA.md","False","","no_free_pdf_found",""
"10.1007/s40812-024-00320-5","RCEP regional value chain construction and global value chain position enhancement: a measurement analysis based on regional value chains","2024","01_RCEP实证; 04_原产地累积","C:\Users\97328\Desktop\学习\论文、项目\供应链冲击\RCEP_JAE_修订\文献调研\01_RCEP_实证文献空白.md; C:\Users\97328\Desktop\学习\论文、项目\供应链冲击\RCEP_JAE_修订\文献调研\04_原产地累积规则_制度特性.md","False","","no_free_pdf_found",""
"10.1016/j.asieco.2016.05.001","Effects on China and ASEAN of the ASEAN-China FTA: The FDI perspective","2016","05G_JAE与期刊","C:\Users\97328\Desktop\学习\论文、项目\供应链冲击\RCEP选题探索\文献调研\G_JAE竞争与适配.md","False","","no_free_pdf_found",""
"10.1016/j.asieco.2017.09.001","The welfare and sectoral adjustment effects of mega-regional trade agreements on ASEAN countries","2017","05G_JAE与期刊","C:\Users\97328\Desktop\学习\论文、项目\供应链冲击\RCEP选题探索\文献调研\G_JAE竞争与适配.md","False","","no_free_pdf_found",""
"10.1016/j.asieco.2017.12.005","The effects of Mega-Regional Trade Agreements on Vietnam","2017","05G_JAE与期刊","C:\Users\97328\Desktop\学习\论文、项目\供应链冲击\RCEP选题探索\文献调研\G_JAE竞争与适配.md","False","","no_free_pdf_found",""
"10.1016/j.asieco.2017.12.007","Trade efficiency, free trade agreements and rules of origin","2017","05G_JAE与期刊","C:\Users\97328\Desktop\学习\论文、项目\供应链冲击\RCEP选题探索\文献调研\G_JAE竞争与适配.md","False","","no_free_pdf_found",""
"10.1016/j.asieco.2020.101216","The U.S.–China trade war: Tariff data and general equilibrium analysis","2020","05G_JAE与期刊","C:\Users\97328\Desktop\学习\论文、项目\供应链冲击\RCEP选题探索\文献调研\G_JAE竞争与适配.md","False","","no_free_pdf_found",""
"10.1016/j.asieco.2020.101246","The impact of destination tariffs on China’s exports: Country, firm, and product perspectives","2020","05G_JAE与期刊","C:\Users\97328\Desktop\学习\论文、项目\供应链冲击\RCEP选题探索\文献调研\G_JAE竞争与适配.md","False","","no_free_pdf_found",""
"10.1016/j.asieco.2021.101308","Measuring trade creation effects of free trade agreements: Evidence from wine trade in East Asia","2021","05G_JAE与期刊","C:\Users\97328\Desktop\学习\论文、项目\供应链冲击\RCEP选题探索\文献调研\G_JAE竞争与适配.md","True","https://openresearch-repository.anu.edu.au/bitstreams/95527e70-da43-4ffb-8137-6f06d1692f46/download","download_failed","Response status code does not indicate success: 503 (Service Unavailable)."
"10.1016/j.asieco.2021.101369","Can trade liberalization promote green production? Evidence from China's manufacturing enterprises","2021","00_近期文献","C:\Users\97328\Desktop\学习\论文、项目\供应链冲击\RCEP_JAE_修订\paper\paper_v2\literature\recent_literature_2022_2026.md","False","","no_free_pdf_found",""
"10.1016/j.asieco.2021.101419","","","00_近期文献","C:\Users\97328\Desktop\学习\论文、项目\供应链冲击\RCEP_JAE_修订\paper\paper_v2\literature\recent_literature_2022_2026.md","False","","no_free_pdf_found",""
"10.1016/j.asieco.2022.101442","The other trade war: Quantifying the Korea–Japan trade dispute","2022","05G_JAE与期刊","C:\Users\97328\Desktop\学习\论文、项目\供应链冲击\RCEP选题探索\文献调研\G_JAE竞争与适配.md","False","","no_free_pdf_found",""
"10.1016/j.asieco.2022.101456","The impact of regional trade agreements on the quality of export products in China’s manufacturing industry","2022","00_近期文献; 05G_JAE与期刊","C:\Users\97328\Desktop\学习\论文、项目\供应链冲击\RCEP_JAE_修订\paper\paper_v2\literature\recent_literature_2022_2026.md; C:\Users\97328\Desktop\学习\论文、项目\供应链冲击\RCEP选题探索\文献调研\G_JAE竞争与适配.md","False","","no_free_pdf_found",""
"10.1016/j.asieco.2022.101513","Behind the heterogeneous trade effects of standards: Multi-sector evidence from China","2022","00_近期文献","C:\Users\97328\Desktop\学习\论文、项目\供应链冲击\RCEP_JAE_修订\paper\paper_v2\literature\recent_literature_2022_2026.md","False","","no_free_pdf_found",""
"10.1016/j.asieco.2022.101514","Rules of origin and exports in developing economies: The case of garment products","2022","00_近期文献; 05G_JAE与期刊","C:\Users\97328\Desktop\学习\论文、项目\供应链冲击\RCEP_JAE_修订\paper\paper_v2\literature\recent_literature_2022_2026.md; C:\Users\97328\Desktop\学习\论文、项目\供应链冲击\RCEP选题探索\文献调研\G_JAE竞争与适配.md","False","","no_free_pdf_found",""
"10.1016/j.asieco.2022.101528","Trade policy uncertainty, development strategy, and export behavior: Evidence from listed industrial companies in China","2022","00_近期文献; 05G_JAE与期刊","C:\Users\97328\Desktop\学习\论文、项目\供应链冲击\RCEP_JAE_修订\paper\paper_v2\literature\recent_literature_2022_2026.md; C:\Users\97328\Desktop\学习\论文、项目\供应链冲击\RCEP选题探索\文献调研\G_JAE竞争与适配.md","False","","no_free_pdf_found",""
"10.1016/j.asieco.2022.101532","Understanding the role of trade agreements in Indonesia’s FDI","2022","00_近期文献","C:\Users\97328\Desktop\学习\论文、项目\供应链冲击\RCEP_JAE_修订\paper\paper_v2\literature\recent_literature_2022_2026.md","False","http://raiith.iith.ac.in/10339/1/Asian_Economics.pdf","download_failed","An error occurred while sending the request."
"10.1016/j.asieco.2022.101572","Impact of the Internet on the exports in ocean-based manufacturing: Firm-level evidence from China","2022","00_近期文献","C:\Users\97328\Desktop\学习\论文、项目\供应链冲击\RCEP_JAE_修订\paper\paper_v2\literature\recent_literature_2022_2026.md","False","","no_free_pdf_found",""
"10.1016/j.asieco.2023.101591","Tracing the regional dual value chains: Measurement on the production position and evidence from China","2023","00_近期文献","C:\Users\97328\Desktop\学习\论文、项目\供应链冲击\RCEP_JAE_修订\paper\paper_v2\literature\recent_literature_2022_2026.md","False","","no_free_pdf_found",""
"10.1016/j.asieco.2023.101610","Firm-level Utilization Rates of Regional Trade Agreements: Importers’ Perspective","2023","00_近期文献; 05G_JAE与期刊","C:\Users\97328\Desktop\学习\论文、项目\供应链冲击\RCEP_JAE_修订\paper\paper_v2\literature\recent_literature_2022_2026.md; C:\Users\97328\Desktop\学习\论文、项目\供应链冲击\RCEP选题探索\文献调研\G_JAE竞争与适配.md","False","","no_free_pdf_found",""
"10.1016/j.asieco.2023.101621","Higher education expansion and domestic value added in exports: Theory and evidence from China","2023","00_近期文献","C:\Users\97328\Desktop\学习\论文、项目\供应链冲击\RCEP_JAE_修订\paper\paper_v2\literature\recent_literature_2022_2026.md","False","","no_free_pdf_found",""
"10.1016/j.asieco.2023.101636","Tariff cost and cross-border M&A affiliate sales: Evidence from China","2023","00_近期文献; 05G_JAE与期刊","C:\Users\97328\Desktop\学习\论文、项目\供应链冲击\RCEP_JAE_修订\paper\paper_v2\literature\recent_literature_2022_2026.md; C:\Users\97328\Desktop\学习\论文、项目\供应链冲击\RCEP选题探索\文献调研\G_JAE竞争与适配.md","False","","no_free_pdf_found",""
"10.1016/j.asieco.2023.101647","Estimating the effects of regional value chains of the RCEP in a GVC-CGE model","2023","00_近期文献; 05G_JAE与期刊","C:\Users\97328\Desktop\学习\论文、项目\供应链冲击\RCEP_JAE_修订\paper\paper_v2\literature\recent_literature_2022_2026.md; C:\Users\97328\Desktop\学习\论文、项目\供应链冲击\RCEP选题探索\文献调研\G_JAE竞争与适配.md","False","","no_free_pdf_found",""
"10.1016/j.asieco.2023.101648","Local earthquakes and households’ risk-taking: Evidence from the China Household Finance Survey","2024","04_原产地累积","C:\Users\97328\Desktop\学习\论文、项目\供应链冲击\RCEP_JAE_修订\文献调研\04_原产地累积规则_制度特性.md","False","","no_free_pdf_found",""
"10.1016/j.asieco.2023.101664","Trade with innovation benefits: A re-appraisal using micro data from China","2023","00_近期文献","C:\Users\97328\Desktop\学习\论文、项目\供应链冲击\RCEP_JAE_修订\paper\paper_v2\literature\recent_literature_2022_2026.md","False","","no_free_pdf_found",""
"10.1016/j.asieco.2023.101672","","","00_近期文献","C:\Users\97328\Desktop\学习\论文、项目\供应链冲击\RCEP_JAE_修订\paper\paper_v2\literature\recent_literature_2022_2026.md","False","","no_free_pdf_found",""
"10.1016/j.asieco.2023.101676","Trade and employment in the formal and informal sectors: A natural experiment from Cambodia","2023","00_近期文献","C:\Users\97328\Desktop\学习\论文、项目\供应链冲击\RCEP_JAE_修订\paper\paper_v2\literature\recent_literature_2022_2026.md","False","","no_free_pdf_found",""
"10.1016/j.asieco.2023.101690","Do export tax rebates promote firm upgrading? Evidences from labor-intensive firms in China","2023","00_近期文献","C:\Users\97328\Desktop\学习\论文、项目\供应链冲击\RCEP_JAE_修订\paper\paper_v2\literature\recent_literature_2022_2026.md","False","","no_free_pdf_found",""
"10.1016/j.asieco.2024.101708","The impact of global value chain restructuring on the product structure of China-EU exports","2024","00_近期文献","C:\Users\97328\Desktop\学习\论文、项目\供应链冲击\RCEP_JAE_修订\paper\paper_v2\literature\recent_literature_2022_2026.md","False","","no_free_pdf_found",""
"10.1016/j.asieco.2024.101718","Processing export and firms’ social security contributions in China: The role of supply chain pressure","2024","00_近期文献","C:\Users\97328\Desktop\学习\论文、项目\供应链冲击\RCEP_JAE_修订\paper\paper_v2\literature\recent_literature_2022_2026.md","False","","no_free_pdf_found",""
"10.1016/j.asieco.2024.101737","Can export trade drive green transformation development of Chinese enterprises? based on the dual perspectives of export density and export domestic value-added rate","2024","00_近期文献","C:\Users\97328\Desktop\学习\论文、项目\供应链冲击\RCEP_JAE_修订\paper\paper_v2\literature\recent_literature_2022_2026.md","False","","no_free_pdf_found",""
"10.1016/j.asieco.2024.101742","","","00_近期文献","C:\Users\97328\Desktop\学习\论文、项目\供应链冲击\RCEP_JAE_修订\paper\paper_v2\literature\recent_literature_2022_2026.md","False","","no_free_pdf_found",""
"10.1016/j.asieco.2024.101826","Data policy restrictions and cross-border E-commerce: Evidence from China","2024","00_近期文献","C:\Users\97328\Desktop\学习\论文、项目\供应链冲击\RCEP_JAE_修订\paper\paper_v2\literature\recent_literature_2022_2026.md","False","","no_free_pdf_found",""
"10.1016/j.asieco.2024.101844","Cross-border personnel mobility and bilateral value chain linkages: Evidence from visa liberalization in China","2024","00_近期文献; 05G_JAE与期刊","C:\Users\97328\Desktop\学习\论文、项目\供应链冲击\RCEP_JAE_修订\paper\paper_v2\literature\recent_literature_2022_2026.md; C:\Users\97328\Desktop\学习\论文、项目\供应链冲击\RCEP选题探索\文献调研\G_JAE竞争与适配.md","True","https://doi.org/10.1016/j.asieco.2024.101844","oa_link_not_pdf",""
"10.1016/j.asieco.2024.101849","The Belt and Road Initiative and China's diversifying food imports: A perspective on the ""Five-pronged approach""","2024","00_近期文献","C:\Users\97328\Desktop\学习\论文、项目\供应链冲击\RCEP_JAE_修订\paper\paper_v2\literature\recent_literature_2022_2026.md","False","","no_free_pdf_found",""
"10.1016/j.asieco.2024.101870","Financing constraints and the export partnerships with RCEP: Evidence from manufacturing firms in China","2024","00_近期文献; 01_RCEP实证; 05G_JAE与期刊","C:\Users\97328\Desktop\学习\论文、项目\供应链冲击\RCEP_JAE_修订\paper\paper_v2\literature\recent_literature_2022_2026.md; C:\Users\97328\Desktop\学习\论文、项目\供应链冲击\RCEP_JAE_修订\文献调研\01_RCEP_实证文献空白.md; C:\Users\97328\Desktop\学习\论文、项目\供应链冲击\RCEP选题探索\文献调研\G_JAE竞争与适配.md","False","","no_free_pdf_found",""
"10.1016/j.asieco.2024.101872","Rules of Origin, Import of Inputs and Firm Innovation","2024","00_近期文献; 04_原产地累积; 05G_JAE与期刊","C:\Users\97328\Desktop\学习\论文、项目\供应链冲击\RCEP_JAE_修订\paper\paper_v2\literature\recent_literature_2022_2026.md; C:\Users\97328\Desktop\学习\论文、项目\供应链冲击\RCEP_JAE_修订\文献调研\04_原产地累积规则_制度特性.md; C:\Users\97328\Desktop\学习\论文、项目\供应链冲击\RCEP选题探索\文献调研\G_JAE竞争与适配.md","False","","no_free_pdf_found",""
"10.1016/j.asieco.2025.101903","Import demand, digital empowerment and firm innovation","2025","00_近期文献","C:\Users\97328\Desktop\学习\论文、项目\供应链冲击\RCEP_JAE_修订\paper\paper_v2\literature\recent_literature_2022_2026.md","False","","no_free_pdf_found",""
"10.1016/j.asieco.2025.101980","Understanding the product structure of exporters: The role of intellectual property protection in export origins","2025","00_近期文献","C:\Users\97328\Desktop\学习\论文、项目\供应链冲击\RCEP_JAE_修订\paper\paper_v2\literature\recent_literature_2022_2026.md","False","","no_free_pdf_found",""
"10.1016/j.asieco.2025.102010","Ordinary exports or processing exports? The role of industrial robots on the choice of export modes","2025","00_近期文献","C:\Users\97328\Desktop\学习\论文、项目\供应链冲击\RCEP_JAE_修订\paper\paper_v2\literature\recent_literature_2022_2026.md","False","","no_free_pdf_found",""
"10.1016/j.asieco.2025.102013","Economic impact of agricultural trade liberalization under the CPTPP and China’s policy response","2025","05G_JAE与期刊","C:\Users\97328\Desktop\学习\论文、项目\供应链冲击\RCEP选题探索\文献调研\G_JAE竞争与适配.md","False","","no_free_pdf_found",""
"10.1016/j.asieco.2025.102014","The direct and indirect effects of trade policy uncertainty on the volatility of world agricultural prices","2025","00_近期文献","C:\Users\97328\Desktop\学习\论文、项目\供应链冲击\RCEP_JAE_修订\paper\paper_v2\literature\recent_literature_2022_2026.md","False","","no_free_pdf_found",""
"10.1016/j.asieco.2025.102048","Environmental provisions in preferential trade agreements and export product quality of Chinese firms","2025","00_近期文献","C:\Users\97328\Desktop\学习\论文、项目\供应链冲击\RCEP_JAE_修订\paper\paper_v2\literature\recent_literature_2022_2026.md","False","","no_free_pdf_found",""
"10.1016/j.asieco.2025.102053","The employment effects of regional market integration: Evidence from China","2025","00_近期文献","C:\Users\97328\Desktop\学习\论文、项目\供应链冲击\RCEP_JAE_修订\paper\paper_v2\literature\recent_literature_2022_2026.md","False","","no_free_pdf_found",""
"10.1016/j.asieco.2025.102108","Institutional governance and energy security: Unveiling the drivers of global value chain participation in Asian economies","2026","00_近期文献","C:\Users\97328\Desktop\学习\论文、项目\供应链冲击\RCEP_JAE_修订\paper\paper_v2\literature\recent_literature_2022_2026.md","False","","no_free_pdf_found",""
"10.1016/j.asieco.2026.102128","Multidimensional Risks and the cleaner production-oriented trade transformation in the China–ASEAN","2026","00_近期文献","C:\Users\97328\Desktop\学习\论文、项目\供应链冲击\RCEP_JAE_修订\paper\paper_v2\literature\recent_literature_2022_2026.md","False","","no_free_pdf_found",""
"10.1016/j.asieco.2026.102131","Cross-Border E-Commerce Comprehensive Pilot Zones and urban entrepreneurial activity: Causal evidence from double-debiased machine learning","2026","00_近期文献","C:\Users\97328\Desktop\学习\论文、项目\供应链冲击\RCEP_JAE_修订\paper\paper_v2\literature\recent_literature_2022_2026.md","False","","no_free_pdf_found",""
"10.1016/j.asieco.2026.102144","A study on the impact of Regional Trade Agreement digital trade rules on global innovation network","2026","00_近期文献","C:\Users\97328\Desktop\学习\论文、项目\供应链冲击\RCEP_JAE_修订\paper\paper_v2\literature\recent_literature_2022_2026.md","False","","no_free_pdf_found",""
"10.1016/j.asieco.2026.102175","Digital finance, supply chain spillovers and corporate innovation: Evidence from Chinese listed firms 2011–22","2026","00_近期文献","C:\Users\97328\Desktop\学习\论文、项目\供应链冲击\RCEP_JAE_修订\paper\paper_v2\literature\recent_literature_2022_2026.md","False","","no_free_pdf_found",""
"10.1016/j.asieco.2026.102218","Digital economy development and repositioning in the global intermediate goods trade network","2026","00_近期文献","C:\Users\97328\Desktop\学习\论文、项目\供应链冲击\RCEP_JAE_修订\paper\paper_v2\literature\recent_literature_2022_2026.md","False","","no_free_pdf_found",""
"10.1016/j.chieco.2008.08.003","Intra-Industry Trade and tariff rates of Korea and China","2008","05E_中日韩FTA","C:\Users\97328\Desktop\学习\论文、项目\供应链冲击\RCEP选题探索\文献调研\E_中日韩三边FTA.md","False","","no_free_pdf_found",""
"10.1016/j.chieco.2014.04.002","A panel data analysis of trade creation and trade diversion effects: The case of ASEAN–China Free Trade Area","2014","05B_来源再配置","C:\Users\97328\Desktop\学习\论文、项目\供应链冲击\RCEP选题探索\文献调研\B_来源再配置HHI.md","True","https://www.sciencedirect.com/science/article/pii/S1043951X14000285","download_failed","Response status code does not indicate success: 403 (Forbidden)."
"10.1016/j.chieco.2016.02.001","China and WTO liberalization: Imports, tariffs and non-tariff barriers","2016","05B_来源再配置","C:\Users\97328\Desktop\学习\论文、项目\供应链冲击\RCEP选题探索\文献调研\B_来源再配置HHI.md","False","","no_free_pdf_found",""
"10.1016/j.chieco.2025.102483","Import diversification, market risk co-movement and Agri-food supply chain resilience","2025","05B_来源再配置","C:\Users\97328\Desktop\学习\论文、项目\供应链冲击\RCEP选题探索\文献调研\B_来源再配置HHI.md","False","","no_free_pdf_found",""
"10.1016/j.chieco.2026.102677","","","01_RCEP实证; 05B_来源再配置; 05D_贸易便利化","C:\Users\97328\Desktop\学习\论文、项目\供应链冲击\RCEP_JAE_修订\文献调研\01_RCEP_实证文献空白.md; C:\Users\97328\Desktop\学习\论文、项目\供应链冲击\RCEP选题探索\文献调研\B_来源再配置HHI.md; C:\Users\97328\Desktop\学习\论文、项目\供应链冲击\RCEP选题探索\文献调研\D_便利化调节效应.md","False","","no_free_pdf_found",""
"10.1016/j.chieco.2026.102743","Quantifying the Global Value Chain and Welfare Effects of RCEP: Implications for the U.S.-China Trade Frictions","2026","01_RCEP实证","C:\Users\97328\Desktop\学习\论文、项目\供应链冲击\RCEP_JAE_修订\文献调研\01_RCEP_实证文献空白.md","False","","no_free_pdf_found",""
"10.1016/j.cjar.2023.100326","","","05B_来源再配置","C:\Users\97328\Desktop\学习\论文、项目\供应链冲击\RCEP选题探索\文献调研\B_来源再配置HHI.md","False","","no_free_pdf_found",""
"10.1016/j.econlet.2024.112009","Supply chain adjustments to tariff shocks: Evidence from firm trade linkages in the 2018-2019 U.S. trade war","2024","02_网络结构","C:\Users\97328\Desktop\学习\论文、项目\供应链冲击\RCEP_JAE_修订\文献调研\02_网络结构_结果变量文献.md","False","","no_free_pdf_found",""
"10.1016/j.econlet.2024.112138","Intermediate import diversification, knowledge source diversity and firm innovation: Micro-level evidence from Chinese listed companies","2024","05A_中间品累积; 05B_来源再配置","C:\Users\97328\Desktop\学习\论文、项目\供应链冲击\RCEP选题探索\文献调研\A_中间品累积规则.md; C:\Users\97328\Desktop\学习\论文、项目\供应链冲击\RCEP选题探索\文献调研\B_来源再配置HHI.md","False","","no_free_pdf_found",""
"10.1016/j.ememar.2026.101471","The impact of global regional trade agreement network centrality on exports","2026","01_RCEP实证","C:\Users\97328\Desktop\学习\论文、项目\供应链冲击\RCEP_JAE_修订\文献调研\01_RCEP_实证文献空白.md","False","","no_free_pdf_found",""
"10.1016/j.frl.2023.104117","Supplier geographical concentration and corporate innovation","2023","02_网络结构","C:\Users\97328\Desktop\学习\论文、项目\供应链冲击\RCEP_JAE_修订\文献调研\02_网络结构_结果变量文献.md","False","","no_free_pdf_found",""
"10.1016/j.frl.2023.104459","Does supply chain network centrality affect firm cost stickiness?","2023","02_网络结构","C:\Users\97328\Desktop\学习\论文、项目\供应链冲击\RCEP_JAE_修订\文献调研\02_网络结构_结果变量文献.md","False","","no_free_pdf_found",""
"10.1016/j.gfj.2024.100959","Trade openness and income inequality: The moderating role of institutional quality","2024","05D_贸易便利化","C:\Users\97328\Desktop\学习\论文、项目\供应链冲击\RCEP选题探索\文献调研\D_便利化调节效应.md","False","","no_free_pdf_found",""
"10.1016/j.heliyon.2023.e21090","","","04_原产地累积","C:\Users\97328\Desktop\学习\论文、项目\供应链冲击\RCEP_JAE_修订\文献调研\04_原产地累积规则_制度特性.md","False","","no_free_pdf_found",""
"10.1016/j.ijpe.2025.109727","The effect of customer and supplier concentration on firm productivity: The moderating role of the firm's dominant position in the supply chain network","2025","02_网络结构","C:\Users\97328\Desktop\学习\论文、项目\供应链冲击\RCEP_JAE_修订\文献调研\02_网络结构_结果变量文献.md","False","","no_free_pdf_found",""
"10.1016/j.inteco.2026.100700","Do exports to the US increase imports from China during the US–China tariff war?","2026","05B_来源再配置","C:\Users\97328\Desktop\学习\论文、项目\供应链冲击\RCEP选题探索\文献调研\B_来源再配置HHI.md","False","","no_free_pdf_found",""
"10.1016/j.jia.2024.11.035","","","01_RCEP实证; 04_原产地累积","C:\Users\97328\Desktop\学习\论文、项目\供应链冲击\RCEP_JAE_修订\文献调研\01_RCEP_实证文献空白.md; C:\Users\97328\Desktop\学习\论文、项目\供应链冲击\RCEP_JAE_修订\文献调研\04_原产地累积规则_制度特性.md","False","","no_free_pdf_found",""
"10.1016/j.jinteco.2022.103688","Third-country effects of regional trade agreements: A firm-level analysis","2022","00_近期文献","C:\Users\97328\Desktop\学习\论文、项目\供应链冲击\RCEP_JAE_修订\paper\paper_v2\literature\recent_literature_2022_2026.md","True","http://documents.worldbank.org/curated/en/110561574281995016/pdf/Third-Country-Effects-of-Regional-Trade-Agreements-A-Firm-Level-Analysis.pdf","download_failed","Operation is not valid due to the current state of the object."
"10.1016/j.jinteco.2023.103793","Within firm supply chains: Evidence from India","2023","00_近期文献","C:\Users\97328\Desktop\学习\论文、项目\供应链冲击\RCEP_JAE_修订\paper\paper_v2\literature\recent_literature_2022_2026.md","False","","no_free_pdf_found",""
"10.1016/j.jinteco.2024.103909","Firm Input Choice Under Trade Policy Uncertainty","2020","00_近期文献","C:\Users\97328\Desktop\学习\论文、项目\供应链冲击\RCEP_JAE_修订\paper\paper_v2\literature\recent_literature_2022_2026.md","True","http://www.nber.org/papers/w27910.pdf","downloaded",""
"10.1016/j.jinteco.2024.103911","","","00_近期文献","C:\Users\97328\Desktop\学习\论文、项目\供应链冲击\RCEP_JAE_修订\paper\paper_v2\literature\recent_literature_2022_2026.md","False","","no_free_pdf_found",""
"10.1016/j.jinteco.2025.104078","","","00_近期文献","C:\Users\97328\Desktop\学习\论文、项目\供应链冲击\RCEP_JAE_修订\paper\paper_v2\literature\recent_literature_2022_2026.md","False","","no_free_pdf_found",""
"10.1016/j.socnet.2023.01.008","Impact of the tariff concessions of the RCEP agreement on the structure and evolution mechanism of manufacturing trade networks","2023","05C_中日首次FTA; 05E_中日韩FTA","C:\Users\97328\Desktop\学习\论文、项目\供应链冲击\RCEP选题探索\文献调研\C_中日首次FTA.md; C:\Users\97328\Desktop\学习\论文、项目\供应链冲击\RCEP选题探索\文献调研\E_中日韩三边FTA.md","False","","no_free_pdf_found",""
"10.1016/j.worlddev.2023.106371","Imports, supply chains and firm productivity","2023","00_近期文献","C:\Users\97328\Desktop\学习\论文、项目\供应链冲击\RCEP_JAE_修订\paper\paper_v2\literature\recent_literature_2022_2026.md","True","https://curis.ku.dk/ws/files/399111955/1_s2.0_S0305750X23001894_main.pdf","downloaded",""
"10.1017/cbo9781316676493.006","Trade facilitation under the regional trade agreement umbrella:","2016","05D_贸易便利化","C:\Users\97328\Desktop\学习\论文、项目\供应链冲击\RCEP选题探索\文献调研\D_便利化调节效应.md","False","","no_free_pdf_found",""
"10.1017/s1474745623000125","","","05A_中间品累积","C:\Users\97328\Desktop\学习\论文、项目\供应链冲击\RCEP选题探索\文献调研\A_中间品累积规则.md","False","","no_free_pdf_found",""
"10.1017/s1598240800007177","","","05B_来源再配置","C:\Users\97328\Desktop\学习\论文、项目\供应链冲击\RCEP选题探索\文献调研\B_来源再配置HHI.md","False","","no_free_pdf_found",""
"10.1051/shsconf/202316901010","","","01_RCEP实证; 05A_中间品累积; 05F_累积规则与中日韩","C:\Users\97328\Desktop\学习\论文、项目\供应链冲击\RCEP_JAE_修订\文献调研\01_RCEP_实证文献空白.md; C:\Users\97328\Desktop\学习\论文、项目\供应链冲击\RCEP选题探索\文献调研\A_中间品累积规则.md; C:\Users\97328\Desktop\学习\论文、项目\供应链冲击\RCEP选题探索\文献调研\F_累积规则与中日韩.md","False","","no_free_pdf_found",""
"10.1051/shsconf/202316901014","","","05C_中日首次FTA; 05E_中日韩FTA","C:\Users\97328\Desktop\学习\论文、项目\供应链冲击\RCEP选题探索\文献调研\C_中日首次FTA.md; C:\Users\97328\Desktop\学习\论文、项目\供应链冲击\RCEP选题探索\文献调研\E_中日韩三边FTA.md","False","","no_free_pdf_found",""
"10.1057/9780230227309_4","","","05F_累积规则与中日韩","C:\Users\97328\Desktop\学习\论文、项目\供应链冲击\RCEP选题探索\文献调研\F_累积规则与中日韩.md","False","","no_free_pdf_found",""
"10.1080/00036846.2023.2210826","","","02_网络结构","C:\Users\97328\Desktop\学习\论文、项目\供应链冲击\RCEP_JAE_修订\文献调研\02_网络结构_结果变量文献.md","False","","no_free_pdf_found",""
"10.1080/00036846.2026.2718442","How does supply chain network centrality affect supply chain resilience: an empirical study of Chinese listed firms","2026","02_网络结构","C:\Users\97328\Desktop\学习\论文、项目\供应链冲击\RCEP_JAE_修订\文献调研\02_网络结构_结果变量文献.md","False","","no_free_pdf_found",""
"10.1080/09638199.2021.1880467","","","05A_中间品累积","C:\Users\97328\Desktop\学习\论文、项目\供应链冲击\RCEP选题探索\文献调研\A_中间品累积规则.md","False","","no_free_pdf_found",""
"10.1080/10168737.2016.1204344","","","05A_中间品累积; 05F_累积规则与中日韩","C:\Users\97328\Desktop\学习\论文、项目\供应链冲击\RCEP选题探索\文献调研\A_中间品累积规则.md; C:\Users\97328\Desktop\学习\论文、项目\供应链冲击\RCEP选题探索\文献调研\F_累积规则与中日韩.md","False","","no_free_pdf_found",""
"10.1080/10168737.2023.2187261","","","03_双轨推拉","C:\Users\97328\Desktop\学习\论文、项目\供应链冲击\RCEP_JAE_修订\文献调研\03_双轨推拉_文献.md","False","","metadata_failed","Response status code does not indicate success: 404 (Not Found)."
"10.1080/10971475.2026.2657735","","","01_RCEP实证; 05A_中间品累积; 05F_累积规则与中日韩","C:\Users\97328\Desktop\学习\论文、项目\供应链冲击\RCEP_JAE_修订\文献调研\01_RCEP_实证文献空白.md; C:\Users\97328\Desktop\学习\论文、项目\供应链冲击\RCEP选题探索\文献调研\A_中间品累积规则.md; C:\Users\97328\Desktop\学习\论文、项目\供应链冲击\RCEP选题探索\文献调研\F_累积规则与中日韩.md","False","","no_free_pdf_found",""
"10.1080/13439006.2015.1038890","Diplomatic Objectives in Trade Politics: The Development of the China-Japan-Korea FTA","2015","05E_中日韩FTA","C:\Users\97328\Desktop\学习\论文、项目\供应链冲击\RCEP选题探索\文献调研\E_中日韩三边FTA.md","False","","no_free_pdf_found",""
"10.1080/13504851.2021.1904083","","","03_双轨推拉","C:\Users\97328\Desktop\学习\论文、项目\供应链冲击\RCEP_JAE_修订\文献调研\03_双轨推拉_文献.md","False","","metadata_failed","Response status code does not indicate success: 404 (Not Found)."
"10.1080/13504851.2021.1966361","","","05C_中日首次FTA; 05D_贸易便利化; 05E_中日韩FTA","C:\Users\97328\Desktop\学习\论文、项目\供应链冲击\RCEP选题探索\文献调研\C_中日首次FTA.md; C:\Users\97328\Desktop\学习\论文、项目\供应链冲击\RCEP选题探索\文献调研\D_便利化调节效应.md; C:\Users\97328\Desktop\学习\论文、项目\供应链冲击\RCEP选题探索\文献调研\E_中日韩三边FTA.md","False","","no_free_pdf_found",""
"10.1080/13675567.2026.2646342","","","05D_贸易便利化","C:\Users\97328\Desktop\学习\论文、项目\供应链冲击\RCEP选题探索\文献调研\D_便利化调节效应.md","False","","no_free_pdf_found",""
"10.1080/1540496x.2023.2298269","","","02_网络结构","C:\Users\97328\Desktop\学习\论文、项目\供应链冲击\RCEP_JAE_修订\文献调研\02_网络结构_结果变量文献.md","False","","no_free_pdf_found",""
"10.1080/24761028.2021.1907881","","","05E_中日韩FTA","C:\Users\97328\Desktop\学习\论文、项目\供应链冲击\RCEP选题探索\文献调研\E_中日韩三边FTA.md","False","","no_free_pdf_found",""
"10.1086/700764","Production Networks, Geography and Firm Performance","2015","02_网络结构","C:\Users\97328\Desktop\学习\论文、项目\供应链冲击\RCEP_JAE_修订\文献调研\02_网络结构_结果变量文献.md","True","https://doi.org/10.3386/w21082","download_failed","Operation is not valid due to the current state of the object."
"10.1086/725173","","","04_原产地累积","C:\Users\97328\Desktop\学习\论文、项目\供应链冲击\RCEP_JAE_修订\文献调研\04_原产地累积规则_制度特性.md","False","","no_free_pdf_found",""
"10.1093/irap/lcw023","","","05E_中日韩FTA","C:\Users\97328\Desktop\学习\论文、项目\供应链冲击\RCEP选题探索\文献调研\E_中日韩三边FTA.md","False","","no_free_pdf_found",""
"10.1093/isq/sqae117","","","03_双轨推拉","C:\Users\97328\Desktop\学习\论文、项目\供应链冲击\RCEP_JAE_修订\文献调研\03_双轨推拉_文献.md","False","","no_free_pdf_found",""
"10.1093/jiel/jgv017","","","05A_中间品累积","C:\Users\97328\Desktop\学习\论文、项目\供应链冲击\RCEP选题探索\文献调研\A_中间品累积规则.md","False","","no_free_pdf_found",""
"10.1093/qje/qjaa044","","","02_网络结构","C:\Users\97328\Desktop\学习\论文、项目\供应链冲击\RCEP_JAE_修订\文献调研\02_网络结构_结果变量文献.md","False","","no_free_pdf_found",""
"10.1093/qje/qjw018","Input Specificity and the Propagation of Idiosyncratic Shocks in Production Networks *","2016","02_网络结构","C:\Users\97328\Desktop\学习\论文、项目\供应链冲击\RCEP_JAE_修订\文献调研\02_网络结构_结果变量文献.md","True","https://dspace.mit.edu/bitstream/1721.1/111134/1/input-specificity-jean-noel-barrot.pdf","download_failed","Response status code does not indicate success: 405 (Not Allowed)."
"10.1093/restud/rdae045","","","05B_来源再配置","C:\Users\97328\Desktop\学习\论文、项目\供应链冲击\RCEP选题探索\文献调研\B_来源再配置HHI.md","False","","no_free_pdf_found",""
"10.1093/wber/lhaa006","","","02_网络结构","C:\Users\97328\Desktop\学习\论文、项目\供应链冲击\RCEP_JAE_修订\文献调研\02_网络结构_结果变量文献.md","False","","no_free_pdf_found",""
"10.1108/ijopm-05-2020-0278","","","02_网络结构","C:\Users\97328\Desktop\学习\论文、项目\供应链冲击\RCEP_JAE_修订\文献调研\02_网络结构_结果变量文献.md","False","","no_free_pdf_found",""
"10.1108/ijopm-09-2022-0567","","","05A_中间品累积","C:\Users\97328\Desktop\学习\论文、项目\供应链冲击\RCEP选题探索\文献调研\A_中间品累积规则.md","False","","no_free_pdf_found",""
"10.1108/jeas-02-2022-0037","","","04_原产地累积; 05A_中间品累积; 05F_累积规则与中日韩","C:\Users\97328\Desktop\学习\论文、项目\供应链冲击\RCEP_JAE_修订\文献调研\04_原产地累积规则_制度特性.md; C:\Users\97328\Desktop\学习\论文、项目\供应链冲击\RCEP选题探索\文献调研\A_中间品累积规则.md; C:\Users\97328\Desktop\学习\论文、项目\供应链冲击\RCEP选题探索\文献调研\F_累积规则与中日韩.md","False","","no_free_pdf_found",""
"10.1108/jkt-03-2018-0020","","","05C_中日首次FTA; 05E_中日韩FTA","C:\Users\97328\Desktop\学习\论文、项目\供应链冲击\RCEP选题探索\文献调研\C_中日首次FTA.md; C:\Users\97328\Desktop\学习\论文、项目\供应链冲击\RCEP选题探索\文献调研\E_中日韩三边FTA.md","False","","no_free_pdf_found",""
"10.1108/k-10-2017-0394","","","05A_中间品累积","C:\Users\97328\Desktop\学习\论文、项目\供应链冲击\RCEP选题探索\文献调研\A_中间品累积规则.md","False","","no_free_pdf_found",""
"10.1109/access.2020.3015910","","","02_网络结构","C:\Users\97328\Desktop\学习\论文、项目\供应链冲击\RCEP_JAE_修订\文献调研\02_网络结构_结果变量文献.md","False","","no_free_pdf_found",""
"10.1111/1467-9701.00352","Rules of Origin with Multistage Production","2001","04_原产地累积","C:\Users\97328\Desktop\学习\论文、项目\供应链冲击\RCEP_JAE_修订\文献调研\04_原产地累积规则_制度特性.md","False","","no_free_pdf_found",""
"10.1111/1468-0106.12314","","","05C_中日首次FTA","C:\Users\97328\Desktop\学习\论文、项目\供应链冲击\RCEP选题探索\文献调研\C_中日首次FTA.md","False","","no_free_pdf_found",""
"10.1111/1468-0106.12468","","","03_双轨推拉","C:\Users\97328\Desktop\学习\论文、项目\供应链冲击\RCEP_JAE_修订\文献调研\03_双轨推拉_文献.md","False","","metadata_failed","Response status code does not indicate success: 404 (Not Found)."
"10.1111/coep.12529","Rules of origin and trade preference utilization among least developed countries","2021","04_原产地累积","C:\Users\97328\Desktop\学习\论文、项目\供应链冲击\RCEP_JAE_修订\文献调研\04_原产地累积规则_制度特性.md","False","","no_free_pdf_found",""
"10.1111/dpr.12418","","","05F_累积规则与中日韩","C:\Users\97328\Desktop\学习\论文、项目\供应链冲击\RCEP选题探索\文献调研\F_累积规则与中日韩.md","False","","no_free_pdf_found",""
"10.1111/j.1468-2354.2012.00734.x","","","04_原产地累积; 05A_中间品累积; 05F_累积规则与中日韩","C:\Users\97328\Desktop\学习\论文、项目\供应链冲击\RCEP_JAE_修订\文献调研\04_原产地累积规则_制度特性.md; C:\Users\97328\Desktop\学习\论文、项目\供应链冲击\RCEP选题探索\文献调研\A_中间品累积规则.md; C:\Users\97328\Desktop\学习\论文、项目\供应链冲击\RCEP选题探索\文献调研\F_累积规则与中日韩.md","False","","no_free_pdf_found",""
"10.1111/j.1746-1049.2001.tb00892.x","ASSESSING A JAPAN‐KOREA FREE TRADE AGREEMENT","2001","05E_中日韩FTA","C:\Users\97328\Desktop\学习\论文、项目\供应链冲击\RCEP选题探索\文献调研\E_中日韩三边FTA.md","False","","no_free_pdf_found",""
"10.1111/pafo.12142","","","04_原产地累积; 05E_中日韩FTA","C:\Users\97328\Desktop\学习\论文、项目\供应链冲击\RCEP_JAE_修订\文献调研\04_原产地累积规则_制度特性.md; C:\Users\97328\Desktop\学习\论文、项目\供应链冲击\RCEP选题探索\文献调研\E_中日韩三边FTA.md","False","","no_free_pdf_found",""
"10.1111/twec.13137","","","05A_中间品累积","C:\Users\97328\Desktop\学习\论文、项目\供应链冲击\RCEP选题探索\文献调研\A_中间品累积规则.md","False","","no_free_pdf_found",""
"10.1111/twec.13347","","","05E_中日韩FTA","C:\Users\97328\Desktop\学习\论文、项目\供应链冲击\RCEP选题探索\文献调研\E_中日韩三边FTA.md","False","","no_free_pdf_found",""
"10.1111/twec.13468","","","00_近期文献; 04_原产地累积; 05A_中间品累积","C:\Users\97328\Desktop\学习\论文、项目\供应链冲击\RCEP_JAE_修订\paper\paper_v2\literature\recent_literature_2022_2026.md; C:\Users\97328\Desktop\学习\论文、项目\供应链冲击\RCEP_JAE_修订\文献调研\04_原产地累积规则_制度特性.md; C:\Users\97328\Desktop\学习\论文、项目\供应链冲击\RCEP选题探索\文献调研\A_中间品累积规则.md","False","","no_free_pdf_found",""
"10.1111/twec.13557","","","00_近期文献","C:\Users\97328\Desktop\学习\论文、项目\供应链冲击\RCEP_JAE_修订\paper\paper_v2\literature\recent_literature_2022_2026.md","False","","no_free_pdf_found",""
"10.11130/jei.2013.28.3.375","China-Japan-Korea FTA: A Dual Track Approach to a Trilateral Agreement","2013","05E_中日韩FTA","C:\Users\97328\Desktop\学习\论文、项目\供应链冲击\RCEP选题探索\文献调研\E_中日韩三边FTA.md","True","https://www.e-jei.org/upload/JEI_28_3_375_392_2013600018.pdf","downloaded",""
"10.11130/jei.2025013","","","03_双轨推拉","C:\Users\97328\Desktop\学习\论文、项目\供应链冲击\RCEP_JAE_修订\文献调研\03_双轨推拉_文献.md","False","","no_free_pdf_found",""
"10.1142/9789812701350_0008","","","05D_贸易便利化","C:\Users\97328\Desktop\学习\论文、项目\供应链冲击\RCEP选题探索\文献调研\D_便利化调节效应.md","False","","no_free_pdf_found",""
"10.1142/9789812701350_0009","","","05D_贸易便利化","C:\Users\97328\Desktop\学习\论文、项目\供应链冲击\RCEP选题探索\文献调研\D_便利化调节效应.md","False","","no_free_pdf_found",""
"10.1142/s1793930525000042","","","05A_中间品累积; 05B_来源再配置","C:\Users\97328\Desktop\学习\论文、项目\供应链冲击\RCEP选题探索\文献调研\A_中间品累积规则.md; C:\Users\97328\Desktop\学习\论文、项目\供应链冲击\RCEP选题探索\文献调研\B_来源再配置HHI.md","False","","no_free_pdf_found",""
"10.1146/annurev-economics-080217-053506","","","02_网络结构","C:\Users\97328\Desktop\学习\论文、项目\供应链冲击\RCEP_JAE_修订\文献调研\02_网络结构_结果变量文献.md","False","","no_free_pdf_found",""
"10.1162/asep_a_00218","","","05E_中日韩FTA","C:\Users\97328\Desktop\学习\论文、项目\供应链冲击\RCEP选题探索\文献调研\E_中日韩三边FTA.md","False","","no_free_pdf_found",""
"10.1162/asep_a_00846","","","04_原产地累积; 05A_中间品累积; 05F_累积规则与中日韩","C:\Users\97328\Desktop\学习\论文、项目\供应链冲击\RCEP_JAE_修订\文献调研\04_原产地累积规则_制度特性.md; C:\Users\97328\Desktop\学习\论文、项目\供应链冲击\RCEP选题探索\文献调研\A_中间品累积规则.md; C:\Users\97328\Desktop\学习\论文、项目\供应链冲击\RCEP选题探索\文献调研\F_累积规则与中日韩.md","False","","no_free_pdf_found",""
"10.11644/kiep.eaer.2021.25.3.397","","","03_双轨推拉","C:\Users\97328\Desktop\学习\论文、项目\供应链冲击\RCEP_JAE_修订\文献调研\03_双轨推拉_文献.md","False","","no_free_pdf_found",""
"10.11644/kiep.eaer.2022.26.1.403","","","05E_中日韩FTA; 05F_累积规则与中日韩","C:\Users\97328\Desktop\学习\论文、项目\供应链冲击\RCEP选题探索\文献调研\E_中日韩三边FTA.md; C:\Users\97328\Desktop\学习\论文、项目\供应链冲击\RCEP选题探索\文献调研\F_累积规则与中日韩.md","False","","no_free_pdf_found",""
"10.11644/kiep.jeai.2015.19.2.293","","","05E_中日韩FTA","C:\Users\97328\Desktop\学习\论文、项目\供应链冲击\RCEP选题探索\文献调研\E_中日韩三边FTA.md","False","","no_free_pdf_found",""
"10.1257/aer.20211519","","","00_近期文献","C:\Users\97328\Desktop\学习\论文、项目\供应链冲击\RCEP_JAE_修订\paper\paper_v2\literature\recent_literature_2022_2026.md","False","","no_free_pdf_found",""
"10.1257/aeri.20200536","","","03_双轨推拉","C:\Users\97328\Desktop\学习\论文、项目\供应链冲击\RCEP_JAE_修订\文献调研\03_双轨推拉_文献.md","False","","metadata_failed","Response status code does not indicate success: 404 (Not Found)."
"10.1257/aeri.20220623","","","03_双轨推拉","C:\Users\97328\Desktop\学习\论文、项目\供应链冲击\RCEP_JAE_修订\文献调研\03_双轨推拉_文献.md","False","","metadata_failed","Response status code does not indicate success: 404 (Not Found)."
"10.1257/jep.33.4.187","","","03_双轨推拉","C:\Users\97328\Desktop\学习\论文、项目\供应链冲击\RCEP_JAE_修订\文献调研\03_双轨推拉_文献.md","False","","no_free_pdf_found",""
"10.1257/pol.20200257","","","04_原产地累积","C:\Users\97328\Desktop\学习\论文、项目\供应链冲击\RCEP_JAE_修订\文献调研\04_原产地累积规则_制度特性.md","False","","no_free_pdf_found",""
"10.1355/ae30-3a","","","05C_中日首次FTA","C:\Users\97328\Desktop\学习\论文、项目\供应链冲击\RCEP选题探索\文献调研\C_中日首次FTA.md","False","","no_free_pdf_found",""
"10.1355/ae42-3b","","","04_原产地累积; 05D_贸易便利化","C:\Users\97328\Desktop\学习\论文、项目\供应链冲击\RCEP_JAE_修订\文献调研\04_原产地累积规则_制度特性.md; C:\Users\97328\Desktop\学习\论文、项目\供应链冲击\RCEP选题探索\文献调研\D_便利化调节效应.md","False","","no_free_pdf_found",""
"10.1371/journal.pone.0286106","","","05D_贸易便利化","C:\Users\97328\Desktop\学习\论文、项目\供应链冲击\RCEP选题探索\文献调研\D_便利化调节效应.md","False","","no_free_pdf_found",""
"10.1515/econ-2022-0102","","","05D_贸易便利化","C:\Users\97328\Desktop\学习\论文、项目\供应链冲击\RCEP选题探索\文献调研\D_便利化调节效应.md","False","","no_free_pdf_found",""
"10.15408/etk.v25i1.49615","","","05C_中日首次FTA","C:\Users\97328\Desktop\学习\论文、项目\供应链冲击\RCEP选题探索\文献调研\C_中日首次FTA.md","False","","no_free_pdf_found",""
"10.1596/1813-9450-8884","","","05F_累积规则与中日韩","C:\Users\97328\Desktop\学习\论文、项目\供应链冲击\RCEP选题探索\文献调研\F_累积规则与中日韩.md","False","","no_free_pdf_found",""
"10.1596/1813-9450-9674","","","05D_贸易便利化","C:\Users\97328\Desktop\学习\论文、项目\供应链冲击\RCEP选题探索\文献调研\D_便利化调节效应.md","False","","no_free_pdf_found",""
"10.16980/jitc.19.2.202304.247","","","05F_累积规则与中日韩","C:\Users\97328\Desktop\学习\论文、项目\供应链冲击\RCEP选题探索\文献调研\F_累积规则与中日韩.md","False","","no_free_pdf_found",""
"10.17825/klr.2021.31.2.81","A Study on the Influencing Factors of Logistics Performance Index(LPI) of RCEP Signatories on China’s Foreign Export Trade -Based on the Gravity Model-","2021","05D_贸易便利化","C:\Users\97328\Desktop\学习\论文、项目\供应链冲击\RCEP选题探索\文献调研\D_便利化调节效应.md","True","https://doi.org/10.17825/klr.2021.31.2.81","oa_link_not_pdf",""
"10.17825/klr.2024.34.6.69","","","05D_贸易便利化","C:\Users\97328\Desktop\学习\论文、项目\供应链冲击\RCEP选题探索\文献调研\D_便利化调节效应.md","False","","no_free_pdf_found",""
"10.17825/klr.2026.36.3.1","","","05D_贸易便利化","C:\Users\97328\Desktop\学习\论文、项目\供应链冲击\RCEP选题探索\文献调研\D_便利化调节效应.md","False","","no_free_pdf_found",""
"10.18402/resci.2024.07.09","The impact of source diversification on soybean’s import prices of China","2024","05B_来源再配置","C:\Users\97328\Desktop\学习\论文、项目\供应链冲击\RCEP选题探索\文献调研\B_来源再配置HHI.md","True","https://www.resci.cn/CN/PDF/10.18402/resci.2024.07.09","downloaded",""
"10.18623/rvd.v22.5156","","","05D_贸易便利化","C:\Users\97328\Desktop\学习\论文、项目\供应链冲击\RCEP选题探索\文献调研\D_便利化调节效应.md","False","","no_free_pdf_found",""
"10.19044/esj.2016.v12n25p37","","","05D_贸易便利化","C:\Users\97328\Desktop\学习\论文、项目\供应链冲击\RCEP选题探索\文献调研\D_便利化调节效应.md","False","","no_free_pdf_found",""
"10.1956/jge.v11i4.413","","","05D_贸易便利化","C:\Users\97328\Desktop\学习\论文、项目\供应链冲击\RCEP选题探索\文献调研\D_便利化调节效应.md","False","","no_free_pdf_found",""
"10.20294/jgbt.2022.18.5.101","","","05D_贸易便利化","C:\Users\97328\Desktop\学习\论文、项目\供应链冲击\RCEP选题探索\文献调研\D_便利化调节效应.md","False","","no_free_pdf_found",""
"10.20955/wp.2025.018","","","05B_来源再配置","C:\Users\97328\Desktop\学习\论文、项目\供应链冲击\RCEP选题探索\文献调研\B_来源再配置HHI.md","False","","no_free_pdf_found",""
"10.2139/ssrn.2385217","Supply Chain Network Structure and Firm Returns","2014","02_网络结构","C:\Users\97328\Desktop\学习\论文、项目\供应链冲击\RCEP_JAE_修订\文献调研\02_网络结构_结果变量文献.md","True","https://doi.org/10.2139/ssrn.2385217","download_failed","Response status code does not indicate success: 403 (Forbidden)."
"10.2139/ssrn.2489806","Impact of Rules of Origin on FTA Utilization in Korean FTAs","2014","05F_累积规则与中日韩","C:\Users\97328\Desktop\学习\论文、项目\供应链冲击\RCEP选题探索\文献调研\F_累积规则与中日韩.md","True","https://doi.org/10.2139/ssrn.2489806","download_failed","Response status code does not indicate success: 403 (Forbidden)."
"10.2139/ssrn.2650703","Identifying Foreign Suppliers in U.S. Merchandise Import Transactions","2015","05B_来源再配置","C:\Users\97328\Desktop\学习\论文、项目\供应链冲击\RCEP选题探索\文献调研\B_来源再配置HHI.md","True","https://doi.org/10.2139/ssrn.2650703","download_failed","Response status code does not indicate success: 403 (Forbidden)."
"10.2139/ssrn.3630294","Trade War, RCEP and CPTPP: Will East Asia Decouple from the United States?","2020","03_双轨推拉; 05F_累积规则与中日韩","C:\Users\97328\Desktop\学习\论文、项目\供应链冲击\RCEP_JAE_修订\文献调研\03_双轨推拉_文献.md; C:\Users\97328\Desktop\学习\论文、项目\供应链冲击\RCEP选题探索\文献调研\F_累积规则与中日韩.md","True","https://doi.org/10.2139/ssrn.3630294","download_failed","Response status code does not indicate success: 403 (Forbidden)."
"10.2139/ssrn.3749362","The Impact of Us Tariffs Against China on Us Imports: Evidence for Trade Diversion?","2020","05B_来源再配置","C:\Users\97328\Desktop\学习\论文、项目\供应链冲击\RCEP选题探索\文献调研\B_来源再配置HHI.md","True","https://www.ecb.europa.eu//pub/pdf/scpwps/ecb.wp2503~ca71d98a53.en.pdf","downloaded",""
"10.2139/ssrn.4340626","Rules of Origin and Exporters' Value-Added","2023","05F_累积规则与中日韩","C:\Users\97328\Desktop\学习\论文、项目\供应链冲击\RCEP选题探索\文献调研\F_累积规则与中日韩.md","True","https://doi.org/10.2139/ssrn.4340626","download_failed","Response status code does not indicate success: 403 (Forbidden)."
"10.2139/ssrn.4432826","The Role of Institutional Quality and Institutional Quality Distance on Agricultural Trade Within a Free Trade Area: Evidence from Southern African Development Community Trade","2023","05D_贸易便利化","C:\Users\97328\Desktop\学习\论文、项目\供应链冲击\RCEP选题探索\文献调研\D_便利化调节效应.md","True","https://doi.org/10.2139/ssrn.4432826","download_failed","Response status code does not indicate success: 403 (Forbidden)."
"10.2139/ssrn.4507804","Rules of Origin and Exporters' Value-Added","2023","05F_累积规则与中日韩","C:\Users\97328\Desktop\学习\论文、项目\供应链冲击\RCEP选题探索\文献调研\F_累积规则与中日韩.md","True","https://doi.org/10.2139/ssrn.4507804","download_failed","Response status code does not indicate success: 403 (Forbidden)."
"10.2139/ssrn.4711081","The Determinants of Product-Specific Rules of Origin: An Econometric Analysis in the Regional Comprehensive Economic Partnership","2024","04_原产地累积","C:\Users\97328\Desktop\学习\论文、项目\供应链冲击\RCEP_JAE_修订\文献调研\04_原产地累积规则_制度特性.md","True","https://doi.org/10.2139/ssrn.4711081","download_failed","Response status code does not indicate success: 403 (Forbidden)."
"10.2139/ssrn.4775658","The Impact of the RCEP on Trade between China and RCEP Member Countries","2024","01_RCEP实证; 05B_来源再配置; 05D_贸易便利化","C:\Users\97328\Desktop\学习\论文、项目\供应链冲击\RCEP_JAE_修订\文献调研\01_RCEP_实证文献空白.md; C:\Users\97328\Desktop\学习\论文、项目\供应链冲击\RCEP选题探索\文献调研\B_来源再配置HHI.md; C:\Users\97328\Desktop\学习\论文、项目\供应链冲击\RCEP选题探索\文献调研\D_便利化调节效应.md","True","https://doi.org/10.2139/ssrn.4775658","download_failed","Response status code does not indicate success: 403 (Forbidden)."
"10.2139/ssrn.4875238","Do Export Firms Embedding in the RTA Network Positions Promote Productivity? New Empirical Evidence from Chinese Firms","2024","01_RCEP实证","C:\Users\97328\Desktop\学习\论文、项目\供应链冲击\RCEP_JAE_修订\文献调研\01_RCEP_实证文献空白.md","True","http://dx.doi.org/10.2139/ssrn.4875238","download_failed","Response status code does not indicate success: 403 (Forbidden)."
"10.2139/ssrn.5141956","Trade Diversion and Geopolitical Alliances: Evidence from Brazil's Export Responses to the Us-China Trade War","2025","05B_来源再配置","C:\Users\97328\Desktop\学习\论文、项目\供应链冲击\RCEP选题探索\文献调研\B_来源再配置HHI.md","True","https://doi.org/10.2139/ssrn.5141956","download_failed","Response status code does not indicate success: 403 (Forbidden)."
"10.2139/ssrn.5208414","Treade Policy Uncertainty and Trade Diversion Effects During the Us-China Trade War: A Gravity Model Approach","2025","05B_来源再配置","C:\Users\97328\Desktop\学习\论文、项目\供应链冲击\RCEP选题探索\文献调研\B_来源再配置HHI.md","True","https://doi.org/10.2139/ssrn.5208414","download_failed","Response status code does not indicate success: 403 (Forbidden)."
"10.2139/ssrn.5255514","Regime-Wide Rules of Origin and Global Value Chains Trade","2025","05F_累积规则与中日韩","C:\Users\97328\Desktop\学习\论文、项目\供应链冲击\RCEP选题探索\文献调研\F_累积规则与中日韩.md","True","https://doi.org/10.2139/ssrn.5255514","download_failed","Response status code does not indicate success: 403 (Forbidden)."
"10.2139/ssrn.5255516","Regime-Wide Rules of Origin and Global Value Chains Trade","2025","05F_累积规则与中日韩","C:\Users\97328\Desktop\学习\论文、项目\供应链冲击\RCEP选题探索\文献调研\F_累积规则与中日韩.md","True","https://doi.org/10.2139/ssrn.5255516","download_failed","Response status code does not indicate success: 403 (Forbidden)."
"10.2139/ssrn.5795404","Trade Policy Uncertainty and Supply Chain Disruptions: Firm-Level Evidence from ""Liberation Day""","2025","01_RCEP实证","C:\Users\97328\Desktop\学习\论文、项目\供应链冲击\RCEP_JAE_修订\文献调研\01_RCEP_实证文献空白.md","True","https://doi.org/10.2139/ssrn.5795404","download_failed","Response status code does not indicate success: 403 (Forbidden)."
"10.2139/ssrn.5849275","Supply Chain Trade Creation and Diversion Effects of Free Trade Agreements☆","2025","05F_累积规则与中日韩","C:\Users\97328\Desktop\学习\论文、项目\供应链冲击\RCEP选题探索\文献调研\F_累积规则与中日韩.md","True","https://doi.org/10.2139/ssrn.5849275","download_failed","Response status code does not indicate success: 403 (Forbidden)."
"10.2139/ssrn.6332146","How Does China Mitigate ""Reverse Shocks"" in Trade Networks?——Evidence from the ""Shock Absorber"" Mechanism of RCEP Tariff Reductions","2026","01_RCEP实证","C:\Users\97328\Desktop\学习\论文、项目\供应链冲击\RCEP_JAE_修订\文献调研\01_RCEP_实证文献空白.md","True","https://doi.org/10.2139/ssrn.6332146","download_failed","Response status code does not indicate success: 403 (Forbidden)."
"10.2139/ssrn.6604118","Supplier Concentration, Audit Quality, and Audit Fees: Evidence from China","2026","05B_来源再配置","C:\Users\97328\Desktop\学习\论文、项目\供应链冲击\RCEP选题探索\文献调研\B_来源再配置HHI.md","True","https://doi.org/10.2139/ssrn.6604118","download_failed","Response status code does not indicate success: 403 (Forbidden)."
"10.22158/mmse.v8n2p105","Supply Chain Network Centrality and Corporate Financial Risk: Evidence from Chinese Listed Firms","2026","02_网络结构","C:\Users\97328\Desktop\学习\论文、项目\供应链冲击\RCEP_JAE_修订\文献调研\02_网络结构_结果变量文献.md","True","https://www.scholink.org/ojs/index.php/mmse/article/download/57265/13337","download_failed","An error occurred while sending the request."
"10.22617/tcs220167-2","An Analysis of the Product-Specific Rules of Origin of the Regional Comprehensive Economic Partnership","2022","04_原产地累积","C:\Users\97328\Desktop\学习\论文、项目\供应链冲击\RCEP_JAE_修订\文献调研\04_原产地累积规则_制度特性.md","True","https://www.adb.org/sites/default/files/publication/792391/product-specific-rules-origin-rcep.pdf","downloaded",""
"10.22617/tcs230396-2","","","01_RCEP实证; 04_原产地累积; 05F_累积规则与中日韩","C:\Users\97328\Desktop\学习\论文、项目\供应链冲击\RCEP_JAE_修订\文献调研\01_RCEP_实证文献空白.md; C:\Users\97328\Desktop\学习\论文、项目\供应链冲击\RCEP_JAE_修订\文献调研\04_原产地累积规则_制度特性.md; C:\Users\97328\Desktop\学习\论文、项目\供应链冲击\RCEP选题探索\文献调研\F_累积规则与中日韩.md","False","","no_free_pdf_found",""
"10.22617/wps240022-2","","","04_原产地累积","C:\Users\97328\Desktop\学习\论文、项目\供应链冲击\RCEP_JAE_修订\文献调研\04_原产地累积规则_制度特性.md","False","","no_free_pdf_found",""
"10.22659/ktra.2024.49.2.21","An Empirical Study on the Economic Effects of Multilateral Cumulation in RCE","2024","04_原产地累积; 05A_中间品累积; 05F_累积规则与中日韩","C:\Users\97328\Desktop\学习\论文、项目\供应链冲击\RCEP_JAE_修订\文献调研\04_原产地累积规则_制度特性.md; C:\Users\97328\Desktop\学习\论文、项目\供应链冲击\RCEP选题探索\文献调研\A_中间品累积规则.md; C:\Users\97328\Desktop\学习\论文、项目\供应链冲击\RCEP选题探索\文献调研\F_累积规则与中日韩.md","False","","no_free_pdf_found",""
"10.22659/ktra.2025.50.4.173","The Impact of RCEP Trade Facilitation on the Market Share of China's Manufacturing Exports","2025","03_双轨推拉","C:\Users\97328\Desktop\学习\论文、项目\供应链冲击\RCEP_JAE_修订\文献调研\03_双轨推拉_文献.md","False","","no_free_pdf_found",""
"10.24006/jilt.2022.e3","","","05D_贸易便利化","C:\Users\97328\Desktop\学习\论文、项目\供应链冲击\RCEP选题探索\文献调研\D_便利化调节效应.md","False","","no_free_pdf_found",""
"10.25236/ajbm.2023.050802","","","05F_累积规则与中日韩","C:\Users\97328\Desktop\学习\论文、项目\供应链冲击\RCEP选题探索\文献调研\F_累积规则与中日韩.md","False","","no_free_pdf_found",""
"10.26599/cje.2024.9300102","","","05A_中间品累积; 05B_来源再配置","C:\Users\97328\Desktop\学习\论文、项目\供应链冲击\RCEP选题探索\文献调研\A_中间品累积规则.md; C:\Users\97328\Desktop\学习\论文、项目\供应链冲击\RCEP选题探索\文献调研\B_来源再配置HHI.md","False","","no_free_pdf_found",""
"10.26689/pbes.v8i8.13385","","","05D_贸易便利化","C:\Users\97328\Desktop\学习\论文、项目\供应链冲击\RCEP选题探索\文献调研\D_便利化调节效应.md","False","","no_free_pdf_found",""
"10.2991/978-94-6463-504-1_27","Determinants of Staging Categories for Tariff Elimination in the Bilateral Tariff Arrangement between China and Japan under RCEP","2024","05C_中日首次FTA","C:\Users\97328\Desktop\学习\论文、项目\供应链冲击\RCEP选题探索\文献调研\C_中日首次FTA.md","True","https://www.atlantis-press.com/article/126002771.pdf","downloaded",""
"10.2991/icot-19.2019.34","","","01_RCEP实证","C:\Users\97328\Desktop\学习\论文、项目\供应链冲击\RCEP_JAE_修订\文献调研\01_RCEP_实证文献空白.md","False","","no_free_pdf_found",""
"10.30875/541bb513-en","","","05D_贸易便利化","C:\Users\97328\Desktop\学习\论文、项目\供应链冲击\RCEP选题探索\文献调研\D_便利化调节效应.md","False","","no_free_pdf_found",""
"10.30875/a9b448e8-en","","","05D_贸易便利化","C:\Users\97328\Desktop\学习\论文、项目\供应链冲击\RCEP选题探索\文献调研\D_便利化调节效应.md","False","","no_free_pdf_found",""
"10.31580/jei.v6i1.122","","","05C_中日首次FTA; 05E_中日韩FTA","C:\Users\97328\Desktop\学习\论文、项目\供应链冲击\RCEP选题探索\文献调研\C_中日首次FTA.md; C:\Users\97328\Desktop\学习\论文、项目\供应链冲击\RCEP选题探索\文献调研\E_中日韩三边FTA.md","False","","no_free_pdf_found",""
"10.31881/tlr.2024.155","","","05C_中日首次FTA; 05E_中日韩FTA","C:\Users\97328\Desktop\学习\论文、项目\供应链冲击\RCEP选题探索\文献调研\C_中日首次FTA.md; C:\Users\97328\Desktop\学习\论文、项目\供应链冲击\RCEP选题探索\文献调研\E_中日韩三边FTA.md","False","","no_free_pdf_found",""
"10.3386/w19230","The Network Origins of Large Economic Downturns","2013","02_网络结构","C:\Users\97328\Desktop\学习\论文、项目\供应链冲击\RCEP_JAE_修订\文献调研\02_网络结构_结果变量文献.md","True","https://doi.org/10.3386/w19230","download_failed","Operation is not valid due to the current state of the object."
"10.3386/w24185","","","02_网络结构","C:\Users\97328\Desktop\学习\论文、项目\供应链冲击\RCEP_JAE_修订\文献调研\02_网络结构_结果变量文献.md","False","","no_free_pdf_found",""
"10.3386/w27383","","","05B_来源再配置","C:\Users\97328\Desktop\学习\论文、项目\供应链冲击\RCEP选题探索\文献调研\B_来源再配置HHI.md","False","","no_free_pdf_found",""
"10.3386/w29330","","","02_网络结构","C:\Users\97328\Desktop\学习\论文、项目\供应链冲击\RCEP_JAE_修订\文献调研\02_网络结构_结果变量文献.md","False","","no_free_pdf_found",""
"10.3386/w29685","","","02_网络结构","C:\Users\97328\Desktop\学习\论文、项目\供应链冲击\RCEP_JAE_修订\文献调研\02_网络结构_结果变量文献.md","False","","metadata_failed","Response status code does not indicate success: 404 (Not Found)."
"10.3390/su15031896","","","02_网络结构","C:\Users\97328\Desktop\学习\论文、项目\供应链冲击\RCEP_JAE_修订\文献调研\02_网络结构_结果变量文献.md","False","","no_free_pdf_found",""
"10.3390/su18126004","","","05A_中间品累积","C:\Users\97328\Desktop\学习\论文、项目\供应链冲击\RCEP选题探索\文献调研\A_中间品累积规则.md","False","","no_free_pdf_found",""
"10.3390/su6118329","","","05B_来源再配置","C:\Users\97328\Desktop\学习\论文、项目\供应链冲击\RCEP选题探索\文献调研\B_来源再配置HHI.md","False","","no_free_pdf_found",""
"10.33932/rir.45.4.5","A Study on Impact of the RCEP Agreement on the Industrial Trade between China, Korea and Japan","2022","04_原产地累积; 05F_累积规则与中日韩","C:\Users\97328\Desktop\学习\论文、项目\供应链冲击\RCEP_JAE_修订\文献调研\04_原产地累积规则_制度特性.md; C:\Users\97328\Desktop\学习\论文、项目\供应链冲击\RCEP选题探索\文献调研\F_累积规则与中日韩.md","False","","no_free_pdf_found",""
"10.35611/jkt.2022.26.6.41","","","05E_中日韩FTA","C:\Users\97328\Desktop\学习\论文、项目\供应链冲击\RCEP选题探索\文献调研\E_中日韩三边FTA.md","False","","no_free_pdf_found",""
"10.35611/jkt.2022.26.7.109","","","05D_贸易便利化","C:\Users\97328\Desktop\学习\论文、项目\供应链冲击\RCEP选题探索\文献调研\D_便利化调节效应.md","False","","no_free_pdf_found",""
"10.35611/jkt.2023.27.3.21","","","05E_中日韩FTA","C:\Users\97328\Desktop\学习\论文、项目\供应链冲击\RCEP选题探索\文献调研\E_中日韩三边FTA.md","False","","no_free_pdf_found",""
"10.35611/jkt.2025.29.7.67","","","01_RCEP实证","C:\Users\97328\Desktop\学习\论文、项目\供应链冲击\RCEP_JAE_修订\文献调研\01_RCEP_实证文献空白.md","False","","no_free_pdf_found",""
"10.35611/jkt.2026.30.2.1","","","05D_贸易便利化","C:\Users\97328\Desktop\学习\论文、项目\供应链冲击\RCEP选题探索\文献调研\D_便利化调节效应.md","False","","no_free_pdf_found",""
"10.35611/jkt.2026.30.3.1","","","05E_中日韩FTA","C:\Users\97328\Desktop\学习\论文、项目\供应链冲击\RCEP选题探索\文献调研\E_中日韩三边FTA.md","False","","no_free_pdf_found",""
"10.36527/kcsss.23.1.5","A Study on Industrial and Supply Chain Cooperation between Korea and China Using RCEP","2025","05F_累积规则与中日韩","C:\Users\97328\Desktop\学习\论文、项目\供应链冲击\RCEP选题探索\文献调研\F_累积规则与中日韩.md","False","","no_free_pdf_found",""
"10.38162/jome.51.3.4","Determinants of Preferential Tariff Utilization under the Korea–US Free Trade Agreement corporations","2022","05D_贸易便利化","C:\Users\97328\Desktop\学习\论文、项目\供应链冲击\RCEP选题探索\文献调研\D_便利化调节效应.md","False","","no_free_pdf_found",""
"10.3982/ecta20506","","","02_网络结构","C:\Users\97328\Desktop\学习\论文、项目\供应链冲击\RCEP_JAE_修订\文献调研\02_网络结构_结果变量文献.md","False","","metadata_failed","Response status code does not indicate success: 404 (Not Found)."
"10.4108/eai.18-11-2022.2326918","","","05B_来源再配置","C:\Users\97328\Desktop\学习\论文、项目\供应链冲击\RCEP选题探索\文献调研\B_来源再配置HHI.md","False","","no_free_pdf_found",""
"10.4108/eai.18-11-2022.2327158","Research on the Potential Impact of RCEP on China Vietnam Import and Export Trade under the Background of Big Data","2023","05B_来源再配置","C:\Users\97328\Desktop\学习\论文、项目\供应链冲击\RCEP选题探索\文献调研\B_来源再配置HHI.md","True","http://eudl.eu/pdf/10.4108/eai.18-11-2022.2327158","downloaded",""
"10.4108/eai.19-5-2023.2334395","","","05B_来源再配置","C:\Users\97328\Desktop\学习\论文、项目\供应链冲击\RCEP选题探索\文献调研\B_来源再配置HHI.md","False","","no_free_pdf_found",""
"10.4324/9781003053613-14","","","03_双轨推拉","C:\Users\97328\Desktop\学习\论文、项目\供应链冲击\RCEP_JAE_修订\文献调研\03_双轨推拉_文献.md","False","","no_free_pdf_found",""
"10.4324/9781351046954-33","","","05F_累积规则与中日韩","C:\Users\97328\Desktop\学习\论文、项目\供应链冲击\RCEP选题探索\文献调研\F_累积规则与中日韩.md","False","","no_free_pdf_found",""
"10.5089/9781513518381.001.a001","","","05D_贸易便利化","C:\Users\97328\Desktop\学习\论文、项目\供应链冲击\RCEP选题探索\文献调研\D_便利化调节效应.md","False","","metadata_failed","Response status code does not indicate success: 404 (Not Found)."
"10.5089/9798229054171.001.a001","","","05B_来源再配置","C:\Users\97328\Desktop\学习\论文、项目\供应链冲击\RCEP选题探索\文献调研\B_来源再配置HHI.md","False","","metadata_failed","Response status code does not indicate success: 404 (Not Found)."
"10.51599/are.2026.12.01.06","","","03_双轨推拉","C:\Users\97328\Desktop\学习\论文、项目\供应链冲击\RCEP_JAE_修订\文献调研\03_双轨推拉_文献.md","False","","no_free_pdf_found",""
"10.5220/0011740200003607","The Economic and Trade Effects of RCEP Agreement in China and Other Member Countries: An Empirical Study Based on GTAP Model","2022","01_RCEP实证","C:\Users\97328\Desktop\学习\论文、项目\供应链冲击\RCEP_JAE_修订\文献调研\01_RCEP_实证文献空白.md","True","http://dx.doi.org/10.5220/0011740200003607","oa_link_not_pdf",""
"10.52202/078960-0041","Analysis of the Influencing Factors of Cross-Border Logistics between China and RCEP Member States —— Form the Perspective of Logistics Performance","2025","05D_贸易便利化","C:\Users\97328\Desktop\学习\论文、项目\供应链冲击\RCEP选题探索\文献调研\D_便利化调节效应.md","False","","no_free_pdf_found",""
"10.52819/jnes.2025.37.2.1","An Empirical Analysis of Industry-Level Supply Chain Structural Changes between Korea and China: Implications for the Reconfiguration of East Asian Regional Value Chains (RVCs)","2025","05F_累积规则与中日韩","C:\Users\97328\Desktop\学习\论文、项目\供应链冲击\RCEP选题探索\文献调研\F_累积规则与中日韩.md","False","","no_free_pdf_found",""
"10.5296/ber.v16i3.23777","","","05D_贸易便利化","C:\Users\97328\Desktop\学习\论文、项目\供应链冲击\RCEP选题探索\文献调研\D_便利化调节效应.md","False","","no_free_pdf_found",""
"10.54097/9fpgy060","","","03_双轨推拉; 05D_贸易便利化","C:\Users\97328\Desktop\学习\论文、项目\供应链冲击\RCEP_JAE_修订\文献调研\03_双轨推拉_文献.md; C:\Users\97328\Desktop\学习\论文、项目\供应链冲击\RCEP选题探索\文献调研\D_便利化调节效应.md","False","","no_free_pdf_found",""
"10.54097/vgcjzc27","","","05A_中间品累积","C:\Users\97328\Desktop\学习\论文、项目\供应链冲击\RCEP选题探索\文献调研\A_中间品累积规则.md","False","","no_free_pdf_found",""
"10.54631/vs.2024.81-626487","","","03_双轨推拉","C:\Users\97328\Desktop\学习\论文、项目\供应链冲击\RCEP_JAE_修订\文献调研\03_双轨推拉_文献.md","False","","no_free_pdf_found",""
"10.54648/gtcj2021028","","","04_原产地累积; 05F_累积规则与中日韩","C:\Users\97328\Desktop\学习\论文、项目\供应链冲击\RCEP_JAE_修订\文献调研\04_原产地累积规则_制度特性.md; C:\Users\97328\Desktop\学习\论文、项目\供应链冲击\RCEP选题探索\文献调研\F_累积规则与中日韩.md","False","","no_free_pdf_found",""
"10.54648/gtcj2022033","","","04_原产地累积","C:\Users\97328\Desktop\学习\论文、项目\供应链冲击\RCEP_JAE_修订\文献调研\04_原产地累积规则_制度特性.md","False","","no_free_pdf_found",""
"10.54648/trad1998031","The Asymmetric Incidence of Rules of Origin – Will Progressive and Cumulation Rules Resolve the Problem?","1998","04_原产地累积","C:\Users\97328\Desktop\学习\论文、项目\供应链冲击\RCEP_JAE_修订\文献调研\04_原产地累积规则_制度特性.md","False","","no_free_pdf_found",""
"10.54691/d73mth51","","","05B_来源再配置","C:\Users\97328\Desktop\学习\论文、项目\供应链冲击\RCEP选题探索\文献调研\B_来源再配置HHI.md","False","","no_free_pdf_found",""
"10.54783/ijsoc.v1i1.1","","","03_双轨推拉","C:\Users\97328\Desktop\学习\论文、项目\供应链冲击\RCEP_JAE_修订\文献调研\03_双轨推拉_文献.md","False","","no_free_pdf_found",""
"10.54932/smrg3827","","","01_RCEP实证; 02_网络结构","C:\Users\97328\Desktop\学习\论文、项目\供应链冲击\RCEP_JAE_修订\文献调研\01_RCEP_实证文献空白.md; C:\Users\97328\Desktop\学习\论文、项目\供应链冲击\RCEP_JAE_修订\文献调研\02_网络结构_结果变量文献.md","False","","no_free_pdf_found",""
"10.5539/ass.v20n4p1","","","03_双轨推拉; 05B_来源再配置","C:\Users\97328\Desktop\学习\论文、项目\供应链冲击\RCEP_JAE_修订\文献调研\03_双轨推拉_文献.md; C:\Users\97328\Desktop\学习\论文、项目\供应链冲击\RCEP选题探索\文献调研\B_来源再配置HHI.md","False","","no_free_pdf_found",""
"10.5539/ijbm.v20n5p83","","","05D_贸易便利化","C:\Users\97328\Desktop\学习\论文、项目\供应链冲击\RCEP选题探索\文献调研\D_便利化调节效应.md","False","","no_free_pdf_found",""
"10.5539/jpl.v18n1p1","","","04_原产地累积; 05F_累积规则与中日韩","C:\Users\97328\Desktop\学习\论文、项目\供应链冲击\RCEP_JAE_修订\文献调研\04_原产地累积规则_制度特性.md; C:\Users\97328\Desktop\学习\论文、项目\供应链冲击\RCEP选题探索\文献调研\F_累积规则与中日韩.md","False","","no_free_pdf_found",""
"10.55493/5009.v13i1.5363","","","05D_贸易便利化","C:\Users\97328\Desktop\学习\论文、项目\供应链冲击\RCEP选题探索\文献调研\D_便利化调节效应.md","False","","no_free_pdf_found",""
"10.58567/rea01010004","","","05D_贸易便利化","C:\Users\97328\Desktop\学习\论文、项目\供应链冲击\RCEP选题探索\文献调研\D_便利化调节效应.md","False","","no_free_pdf_found",""
"10.59425/eabc.1541541658","The case for RCEP as Asia’s next trade agreement","2018","05F_累积规则与中日韩","C:\Users\97328\Desktop\学习\论文、项目\供应链冲击\RCEP选题探索\文献调研\F_累积规则与中日韩.md","False","","no_free_pdf_found",""
"10.59588/2243-786x.1145","","","01_RCEP实证; 04_原产地累积","C:\Users\97328\Desktop\学习\论文、项目\供应链冲击\RCEP_JAE_修订\文献调研\01_RCEP_实证文献空白.md; C:\Users\97328\Desktop\学习\论文、项目\供应链冲击\RCEP_JAE_修订\文献调研\04_原产地累积规则_制度特性.md","False","","no_free_pdf_found",""
"10.62517/jel.202614311","","","03_双轨推拉; 05F_累积规则与中日韩","C:\Users\97328\Desktop\学习\论文、项目\供应链冲击\RCEP_JAE_修订\文献调研\03_双轨推拉_文献.md; C:\Users\97328\Desktop\学习\论文、项目\供应链冲击\RCEP选题探索\文献调研\F_累积规则与中日韩.md","False","","no_free_pdf_found",""
"10.62986/dp2008.19","","","05F_累积规则与中日韩","C:\Users\97328\Desktop\学习\论文、项目\供应链冲击\RCEP选题探索\文献调研\F_累积规则与中日韩.md","False","","no_free_pdf_found",""
"10.62986/pn2023.21","","","05B_来源再配置","C:\Users\97328\Desktop\学习\论文、项目\供应链冲击\RCEP选题探索\文献调研\B_来源再配置HHI.md","False","","no_free_pdf_found",""
