draw,estimate
1,-0.011713446991170204
2,0.002386104360070641
3,0.0008087221369027564
4,0.013575999300517437
5,0.017828626416002993
6,-0.02749258758218687
7,0.01604370480127552
8,-0.025349135825505725
9,-0.0342279164356851
10,0.014742208697905613
11,0.016714015436953458
12,0.015895747348472596
13,-0.00476369740581725
14,-0.016561339561176825
15,0.002840598959901247
16,0.004413314810663871
17,-0.005500387033988715
18,0.0030281934643331047
19,0.02842023388287272
20,-0.008854396713898266
21,-0.025923008603122844
22,0.007984813358048827
23,0.007090427623294244
24,-0.001124845068976355
25,0.013310686298740286
26,-0.010562771570496322
27,-0.00176764021241216
28,-0.011231406699999807
29,-0.028641971399980197
30,-0.025436110604254582
31,-0.0014527669419061588
32,-0.013271822648347127
33,0.011996427565687163
34,0.02156956916373429
35,-0.008773121713201607
36,-0.0012040937434396547
37,0.00936679274591045
38,-0.001109147176284795
39,-0.011598112004748463
40,-0.0033382236182905953
41,-0.02038087369410274
42,0.0006868940633880472
43,-0.010238211748699674
44,0.004949216889931409
45,0.008104781035595228
46,-0.006174581641653499
47,0.009057222882749447
48,-0.006816792761033923
49,0.020907040282607293
50,-0.007233198393977565
51,0.013523559910158441
52,-0.02098672112909236
53,0.0066603608346508456
54,-0.00019026267385419368
55,-0.024606319920759068
56,0.026534709276501325
57,-0.0021229848466696975
58,0.004430065265063374
59,0.00410713693337492
60,0.019142758863582077
61,-0.0031276746766343596
62,-0.00787313266610729
63,-0.00017773549824600312
64,0.011738612043626827
65,-0.01913174537237897
66,0.0048057611566591765
67,-0.03593357000015195
68,0.01592887145979587
69,-0.00146291342478586
70,-0.00048197183004036824
71,0.010471702915994242
72,-0.025624627892504727
73,0.017292279895344324
74,-0.0007685567906018822
75,-0.012123482967971284
76,-0.005935701157944405
77,0.015597277233712683
78,0.02111978391529607
79,-0.00019333393254668819
80,-0.010550308525550549
81,-0.008723726977130202
82,-0.009358965126974155
83,-0.004412500413402147
84,0.01152413350219903
85,0.01905103012530346
86,0.008678052212785073
87,0.01172829645765491
88,0.003898421182437177
89,-0.01305056923650399
90,0.009967686687980813
91,0.025305247592998688
92,0.010483684926630443
93,0.007199726292635145
94,-0.0019522254194063871
95,0.011561897789217951
96,0.012954559801236097
97,-0.009527847171724113
98,-0.018661099277638718
99,-0.0064843469850157
100,-0.024801008320397794
101,-0.012488110903171744
102,0.013593986158987386
103,-0.003461238503564085
104,-0.003488188109899872
105,-0.01491659066520655
106,0.006468777446026134
107,-0.01207332650255134
108,0.007719787854080369
109,0.011674146714311487
110,-0.0109736658863975
111,-0.022892181601655303
112,0.006417282933819264
113,0.013484072350207184
114,0.00875947542613615
115,0.0022166591906906813
116,-0.012778027101929244
117,-0.0012373000334309308
118,0.033382868896383325
119,0.015696321812205493
120,0.004025811969279386
121,0.017566398060764883
122,0.004625475614593385
123,-0.009880308889212501
124,0.026175281594488068
125,-0.0022713091676445332
126,-0.018821736389878392
127,-0.0072500696163825045
128,-0.007515106548286059
129,0.004516864065528033
130,0.025670866935972966
131,0.007752459368410675
132,0.02103134343810825
133,0.017563116879325786
134,0.0002024018548169779
135,-0.004294433583253372
136,-0.009116923326412407
137,0.009811689690418247
138,0.00907962563700511
139,-0.0016822643847186063
140,0.01961392834863307
141,0.01723431879794121
142,-0.005739479702319568
143,0.008447791839172575
144,-0.04282935775186141
145,0.0103167994087597
146,-0.0030596206854643245
147,0.017135678755646734
148,-0.021495081035783018
149,0.006834326376478318
150,-0.003052905549720701
151,0.01192414409494566
152,0.020897417639380318
153,-0.01777228694491361
154,0.009568970821374744
155,0.009661542722524629
156,-0.0063264007945679785
157,0.0023798788334329093
158,0.020544948374448944
159,0.000835213351129964
160,-0.01211586197470175
161,0.006578620372993245
162,0.0020472203209822566
163,-0.01485744953041423
164,0.016106720980117062
165,0.0005185268756809775
166,0.022335591455032538
167,0.007734390917938529
168,0.014211478901982547
169,-0.001034024600804903
170,0.015252052286059433
171,-0.005187909500656618
172,-0.0054333193105308595
173,0.0008947857483960499
174,0.005632830380655055
175,-0.007774693889489139
176,-0.002770208603467946
177,-0.009885275840709348
178,0.01710848893175563
179,0.015148740079523847
180,-0.011735122149656002
181,-0.011575677155352824
182,-0.02983630097867532
183,-0.0018683599145318164
184,0.02579812035258964
185,-0.015280093485446166
186,0.005248304018422261
187,0.016911853761691874
188,0.012833264948490568
189,0.011401434355948469
190,0.008626657207034151
191,-0.006539169694536568
192,0.009748510750567154
193,0.0018100137598619874
194,-0.011972270637161504
195,0.012782918550674208
196,0.02221944804135138
197,0.003941526253168347
198,-0.017497746265256027
199,-0.018786410654770744
200,0.006512534015348593
201,-0.001819203973063216
202,0.033701370963686084
203,-0.029924247671716905
204,0.027734902134408043
205,-0.01441412529721887
206,-0.007844446508617781
207,0.006789604166732083
208,-0.016803081566478778
209,-0.02117050028528605
210,0.004255120268010363
211,0.00038612024688985686
212,0.008558750969543838
213,0.003612165394684693
214,0.01901039849827762
215,0.0007597321166610766
216,0.02115280002935297
217,-0.0073647238216324054
218,-0.00706955818320323
219,-0.009592128602440818
220,-0.0006486072779008321
221,0.010967225236151243
222,0.00046534185224615746
223,0.010951202432021521
224,-0.012755602035369367
225,0.021307539077061614
226,-0.006486790183768474
227,0.014213452115412776
228,-0.002818245949280728
229,-0.010706313538767585
230,-0.0014278277473055811
231,0.003745737965769405
232,-0.008180484823903647
233,-0.003332766589920088
234,0.02249991244854391
235,0.0075247460224244275
236,0.0015816695589698894
237,0.0015268090488506339
238,-0.020247741296758014
239,0.00035758540084365335
240,-0.0357068461663929
241,-0.0007350660767138653
242,0.02190474218306499
243,-0.00033026897423145965
244,0.01715938367325902
245,0.02016204981936042
246,0.012248466930802563
247,-0.02416755312835948
248,-0.03190341774302816
249,-0.02823373677923783
250,0.008809320889990572
251,-0.009605097352747208
252,-0.005270102295154782
253,-0.00790250151425976
254,0.022709031492664403
255,0.01648202408748089
256,-0.0008398192136195247
257,0.008052275934244055
258,0.005979527419421828
259,-0.004210582201104544
260,-0.00015303816180706325
261,0.010366439353159472
262,0.008790390665530088
263,0.008449933129405169
264,0.006651266253821087
265,0.015222138202569443
266,0.007730087474638833
267,-0.008116819763037887
268,0.009928576887703097
269,0.0171849362824242
270,-0.0008567958722850448
271,0.03473658849824003
272,0.008445463679494567
273,0.003502381330981922
274,-0.005820088823848205
275,-0.02465423705309197
276,-0.0011399781735733172
277,-0.021505497913612375
278,0.02522718205608128
279,-0.0011683456769273025
280,0.009000106530747707
281,-0.01027435595204391
282,-0.008451388216500674
283,0.025643736654487694
284,0.0019873123125940468
285,0.015919746417107687
286,0.021763574388476176
287,-0.00890534581983637
288,0.0005064982499543151
289,-0.02692008705990781
290,-0.007868071895552903
291,-0.005645055263038187
292,0.01976425212299836
293,-0.00997198512432383
294,0.01595724572852798
295,-0.012676727851161465
296,-0.003606524881539402
297,-0.027063154589284783
298,0.02246205434874803
299,0.03370099571907997
300,0.011584501289190188
301,-0.009118099023862108
302,0.022125269002736973
303,0.005187318895403908
304,-0.00598161249887502
305,0.0023696278825940647
306,-0.02224101320883515
307,-0.008043694350386082
308,0.014287613755358407
309,0.0062905997973962124
310,0.01161128578445243
311,0.013343201182217573
312,-0.018826978625674187
313,0.00603160798658608
314,-0.0127371701920187
315,0.03427661208528632
316,0.03170858741963065
317,0.02875687995429408
318,-0.01717827946463804
319,0.004080777704262216
320,0.00026464472649911154
321,0.019762246084094135
322,0.022126729440089497
323,0.0010854993388385052
324,-0.01129340177615979
325,0.012879725095791323
326,-0.0159942323992517
327,-0.003007644065162582
328,0.0036404852369785637
329,0.0011086821098160288
330,-0.024108069220068678
331,0.005110990659811958
332,-0.00852137896739714
333,0.007372570746872208
334,0.00038089196033239575
335,-0.032904438639959246
336,-0.002411072565870167
337,-0.008756180418008238
338,0.011686568217623157
339,0.005187048790050791
340,-0.02111683719762621
341,0.023378929746713652
342,0.010654522692449183
343,0.0005519767032363367
344,-0.026981346668217002
345,-0.0032172651492820632
346,0.020285737051838153
347,0.0009290945462951039
348,0.009694249903547251
349,0.04150180334164753
350,-0.0038062523166256398
351,0.014240327168000612
352,0.022144245858742598
353,-0.005624672734848885
354,-0.004998229834467936
355,0.025657167883125494
356,0.009364159443352242
357,0.014186410160104555
358,0.041006744441005744
359,0.02997638777026417
360,0.026180360760259078
361,-0.0031222138324023653
362,0.02925604062648984
363,0.014446225667403632
364,0.037989969562389196
365,-0.004731532937040395
366,0.004390611198460019
367,-0.02072981770396275
368,0.0025767923285276014
369,0.004859680713640308
370,0.0367850625406471
371,-0.007476788266029842
372,0.0007099328246267612
373,0.010088009895260042
374,0.010569208666898207
375,-0.015287026479422698
376,0.007043471673036758
377,-0.016346346790837588
378,0.035281975270146426
379,-0.00971565064033448
380,0.0033175495658332986
381,0.0027746068930198232
382,0.00438686089028813
383,-0.01148965352817274
384,0.0004956592621560235
385,0.00970909981266817
386,0.011622312613379152
387,-0.016769005495121187
388,-0.013018825477916761
389,0.014531228983808544
390,-0.00320233014245769
391,-0.0011539083219439773
392,0.011367185571930415
393,0.008427319236210887
394,-0.029287732671791453
395,0.018147150119412148
396,-0.026457151350862695
397,-0.005967311132519438
398,-0.010359513145516336
399,-0.00045902614795284834
400,0.0014105105210663914
401,0.0031837283882956667
402,-0.0027033319063973
403,0.013296437776642784
404,0.009781142975800414
405,0.0006189881300348763
406,-0.0045993677771316195
407,-0.01369296809099792
408,0.008898172187927864
409,0.006661725671106245
410,0.007218922599591343
411,0.010353651304705827
412,-0.0189276555208538
413,0.020507053366448945
414,0.004427151368841766
415,0.012047297873965074
416,0.0018467046620572135
417,-0.0007602587284646039
418,0.007795988703227451
419,-0.0012711768971070182
420,0.019586328138033886
421,0.009466572651363492
422,0.012188025146358855
423,-0.019946135315823236
424,0.024408675252431407
425,-0.0007677698457133951
426,0.009430089275729539
427,-0.005682341299171112
428,0.016519735468345478
429,0.0032134492943544433
430,-0.0007635122148246378
431,0.017578004771515714
432,-0.010692016698511123
433,0.024242045631456596
434,0.002169577699187192
435,0.02468179610362906
436,0.00960477947518303
437,0.01538357348404936
438,-0.014152324865292856
439,0.002447832577998177
440,-0.0118955382895965
441,0.006310764516666515
442,0.01590966700608131
443,0.009132570608396607
444,0.004126526965238674
445,-0.03629798320511062
446,-0.004495634379606234
447,0.010683037904482348
448,0.0002924715730809909
449,0.011890568714151676
450,0.017711330437675685
451,0.00978884782207244
452,0.022065616894078856
453,0.005549516141285732
454,0.002251348168943851
455,0.015122628128438285
456,0.02322873943727033
457,0.009146841987804187
458,-0.004312510879907138
459,-0.027735176694307754
460,3.8296082077974504e-05
461,-0.00736724183276553
462,-0.0001319342954892466
463,0.0015372703817923149
464,0.012654932207118977
465,0.018425514949051328
466,0.015707166348038124
467,0.012274142877406571
468,-0.021953861352248912
469,7.84480150197085e-06
470,0.013339472961112377
471,0.021976519305154624
472,-0.0016149348247885636
473,0.011894826742729082
474,0.028315854417881987
475,0.01298919401993703
476,0.008984315793010272
477,0.027444455260856065
478,-0.003358159422854207
479,0.016321382784353366
480,0.016287603914097993
481,0.0009227454719424603
482,-0.0030805368881550678
483,0.018511325811041892
484,0.01693855628629961
485,0.006971633715929908
486,0.009762446408769653
487,0.021113487038273777
488,0.00613508440323835
489,-0.01289732319774129
490,-0.016026766125025755
491,0.005898319212732301
492,-0.016049331512115655
493,-0.011787340880446346
494,-0.005234629661682833
495,0.010271714443612199
496,0.0004344499590438296
497,0.011842888209669538
498,0.005118506967711377
499,0.002093816950415815
500,-0.0030713046872413293
501,-0.0033790537581961876
502,0.023296006773495186
503,0.013007154924525066
504,-0.018330774232392034
505,-0.0004425214987768651
506,-0.01841868983505792
507,-0.005006461526745944
508,0.002903717687838912
509,-0.003664208126300711
510,-0.01644779044564
511,-0.0031905838011579654
512,-0.004383229788119023
513,0.0016231485431408147
514,0.0010188432539308184
515,-0.011192880489168463
516,-0.0023278853712684457
517,0.0005031331959127423
518,-0.008712669771240349
519,-0.008145283071029939
520,0.008213022803661136
521,-0.011879287892883512
522,-0.008843665261685642
523,-0.011582327360985682
524,0.0285406558183709
525,0.0045997765176234075
526,0.010680037420929033
527,-0.012645682622594745
528,0.004737715880997027
529,-0.01135632882794645
530,-0.011212841834930206
531,0.0056329621525178
532,0.0008058913649207582
533,-0.018102393139659122
534,0.0026881837874370693
535,0.029326610398740557
536,-0.0015963235257611507
537,-0.021805940323713916
538,-0.009986740296379767
539,0.013987612014871894
540,0.002514105725176857
541,-0.008801964814918593
542,0.025065545507888764
543,0.004679202046044952
544,0.03616964883943263
545,-0.014471073506331044
546,0.024202365751773723
547,-0.005656736286609752
548,0.019388842970932345
549,0.014967123857502986
550,0.003034148085770759
551,-0.009168272151921179
552,0.005230660878687057
553,-0.009386171104925978
554,0.0027821237622552577
555,0.025531255949883515
556,0.00047841442231744456
557,0.0169305215605558
558,0.012250655710745727
559,0.007083983487652155
560,0.013094202655137558
561,0.01665395238916139
562,-0.003774842983236441
563,0.0049316816481171375
564,-0.010993396523926472
565,-0.010438462694766216
566,0.021731283421188217
567,0.001666749661616028
568,0.007756976127824009
569,-0.0029519798108687146
570,-0.004274206962001831
571,0.0067910037073670056
572,-0.017090500508643115
573,0.012003269671131469
574,0.03407313713394032
575,0.021797614944451444
576,0.004317423028031437
577,0.007341716643890921
578,0.012721842306952611
579,-0.009063767460774056
580,0.0026729366072131226
581,-0.01189448456903028
582,-5.000658785095929e-05
583,0.015794624751697125
584,-0.005038362744300405
585,-0.012663005712781304
586,0.009772642367007823
587,0.007947938869801592
588,0.023254515069319782
589,-0.011205349052896463
590,0.01765377299314828
591,-0.0062184798631843416
592,-0.009465678924212297
593,0.009545118638787155
594,-0.018532778121009733
595,0.014122277110941663
596,0.002948171825200968
597,0.01168602784630808
598,-0.02202472214675783
599,0.021019177775715516
600,0.019007331414084252
601,0.024091264935467344
602,0.013183022391272108
603,0.005204014939911526
604,-0.008169747442953621
605,-0.010541603862714799
606,-0.009688423983059647
607,-0.0011291404494359375
608,0.016866060486541552
609,0.00991940284809291
610,0.015055510658909355
611,0.007032425602806507
612,0.013474495055593613
613,0.010676423202972381
614,0.010565373219766208
615,0.004404456582981725
616,0.0036239075441275785
617,0.01254448351726742
618,-0.013075756385111882
619,-0.003324480275332321
620,0.0030496073475005446
621,-0.005831594647020655
622,0.007270219302136324
623,0.002340420674820141
624,-0.016590706837765683
625,-0.020543188579821882
626,0.010573121666131807
627,0.013400484843024004
628,-0.005624187007115169
629,0.014274494414732965
630,-0.0015878154589872332
631,-0.004213929019934859
632,0.006929674485534958
633,-0.0046548509492312625
634,-0.004044129943145296
635,-0.02507350553144629
636,-0.011288516923153429
637,-0.011555907925889727
638,0.016334931528571153
639,-0.00480109163673053
640,-0.028060713694322954
641,-0.013423907039363091
642,-0.0020356779258459807
643,0.004780657953946327
644,0.001419891768561824
645,-0.010612122025550227
646,0.008405314297069807
647,0.009371280431975593
648,0.011946084520799788
649,0.017685994543667375
650,0.00407486203574266
651,0.021290087533968036
652,0.004962036809741842
653,-0.003641313848010613
654,0.002512182298003042
655,0.0016983469272104604
656,-0.0019439933206189244
657,-0.011427881761632607
658,0.012863660774628406
659,0.006482019554896014
660,-0.005398725373178337
661,-0.00117076449890229
662,0.027686292684086202
663,0.011851473680889082
664,-0.016206745037116936
665,0.042528024973110964
666,-0.0014268386288751435
667,0.016618022406478895
668,0.008124851529707901
669,-0.010773737039482168
670,-0.00042184062341172886
671,0.0023781554731076657
672,-0.006283009874105702
673,0.004032441963821576
674,0.014777201288198734
675,-0.011351225551542766
676,0.00433658393890413
677,0.003600226486707829
678,-0.024543545849408908
679,0.0022197238153541495
680,-0.014245110097791834
681,-0.019401273698747237
682,-0.01973402406311882
683,-0.005359604435778206
684,0.00010995604349081856
685,0.029171751924572945
686,-0.012181804745654475
687,0.021659496613280683
688,0.017316920292449436
689,-0.014714800116939184
690,-0.005745884815050334
691,-0.00530958240174044
692,0.015120773834679828
693,0.0017978097392612308
694,-0.014066162170620572
695,-0.0017156606847568028
696,0.028199984494622094
697,0.0028951730805718543
698,0.030776105499573048
699,0.016126342371148242
700,0.010041620492200429
701,0.009373481809816377
702,0.024950520513372456
703,0.01677928510698911
704,-0.005717020461467006
705,-0.005432732483545342
706,0.009797218434420961
707,-0.02340849079322715
708,0.005407742386058007
709,0.016765009040746886
710,-0.002415691673486736
711,0.017061671341066214
712,0.001243771392051959
713,0.023400005053545916
714,-0.01291160311778501
715,0.013007497300533459
716,-0.019530996809134768
717,-0.005008967024297185
718,-0.007618678321484075
719,0.0008788685389821725
720,-0.013323928648201028
721,-0.007365745253721715
722,-0.011907635021270308
723,-0.0019002124746998203
724,0.018018627490733363
725,-0.020755660984979066
726,0.00544562541941893
727,-0.0007985538483446781
728,-0.006805826555915325
729,0.00700908128176736
730,-0.01529713332617923
731,0.02740694427238726
732,0.004455078128263509
733,-0.0019459444999024422
734,-0.01451967845449729
735,-0.004644598384242385
736,0.010128336301188909
737,0.002550618883251303
738,0.024639702016587176
739,0.0007322793932165801
740,0.01490401697982803
741,-0.019561110597509437
742,-0.012665771214531206
743,0.030947862820120367
744,0.010277127828325225
745,0.023998956561913955
746,0.030898806133302825
747,0.0027558429313161137
748,-0.012375875165502941
749,-0.011901968282843631
750,-0.014463390967933242
751,0.02843332363347014
752,0.008439468367689525
753,-0.0030382295361474406
754,-0.009341668359411678
755,-0.005302856077906881
756,-0.007122376769162366
757,0.016883314026446813
758,-0.006183334750222949
759,0.007427951124215096
760,0.008545660757149664
761,0.016344464994120705
762,-0.02259380554857763
763,-0.004644469165187051
764,0.009002260492892001
765,-0.012068324263325455
766,-0.01510463674754052
767,0.012529111477056789
768,0.021749371927122296
769,-0.004549225235186166
770,0.023331372778637737
771,0.00981753909462138
772,0.02173993554091648
773,0.039447045705852654
774,0.008185417845094748
775,-0.013381999697674474
776,-0.00939561657013591
777,0.03445262882257675
778,0.004434663487181613
779,0.01455482600534923
780,0.007185069774937336
781,0.010816186025183623
782,0.004506590235412269
783,0.010467308855979237
784,0.011982700299652984
785,0.0006815088481687353
786,0.028076795299509016
787,-0.011787827918951057
788,-0.010056882835787102
789,0.012098324335313502
790,-0.004391308387759104
791,0.0052252220281063105
792,0.01369981347894756
793,0.012227902544472497
794,0.027323810387609296
795,-0.007826672333381584
796,0.010891225360664622
797,0.02037888792365262
798,0.015723736558114817
799,0.011615789061128775
800,0.01851972147193179
801,-0.012489539417800719
802,0.003881961669057081
803,0.0003032302455583258
804,-0.013590152988498605
805,-0.01575506642950546
806,0.01186610549800404
807,0.010337654623760472
808,0.004499565365157256
809,-0.0035056459044425004
810,0.007380280283958007
811,0.013317081711569546
812,-0.020751458658784815
813,0.03468116587481011
814,-0.0033450759264278267
815,-0.007113969969255497
816,-0.006092141557484821
817,0.0006762614071919187
818,0.01728630305745968
819,-0.010855076750111874
820,-0.020042137717007844
821,-0.009426040016251731
822,0.003863595474582524
823,-0.015378015809018932
824,-0.020742362549966968
825,0.0017959749053299365
826,-0.014314787190117164
827,0.009107004056285456
828,0.009875924616563862
829,-0.009894110407852682
830,0.013876408562989795
831,-0.00689300582683128
832,0.02357698845324657
833,0.004812994082833115
834,-0.035322922333321925
835,0.013612438690620392
836,0.009714656834994905
837,0.00611584682303504
838,0.012215144276248733
839,-0.01673951031040073
840,-0.006655235921328678
841,0.02125628818895098
842,0.021456210729338083
843,-0.016964755110175936
844,0.027583618523903706
845,0.00999213602080049
846,0.004402431528583861
847,0.011134834226903777
848,-0.010489765338015478
849,0.019401652509925007
850,0.02359214483615344
851,0.011881635559890465
852,0.03162507640147285
853,-0.004681246409852283
854,0.014291284873487901
855,0.028618853500146302
856,-0.00562816961037855
857,0.010709078410345742
858,0.019638474836047814
859,0.00997361975631776
860,-0.018796131739077737
861,0.002524711701803137
862,-0.007374062728491399
863,0.012985850672851738
864,0.014148577115880497
865,0.022187357064499237
866,0.01980555345883194
867,0.0033283775724675104
868,-0.0069394105041381505
869,0.0041671306226328175
870,0.020207703719679785
871,-0.0012628972273784143
872,0.024979238622212584
873,-0.025323504232118408
874,0.0008971703603342961
875,0.0162164432045421
876,0.013854301346042049
877,-0.017749279445573755
878,0.016755105127060556
879,0.013914011328133512
880,-0.0015528438251400391
881,0.009733793618728843
882,0.025196539869790376
883,0.02875854034529024
884,-0.00857083877039452
885,-0.010443428485028104
886,-0.017540314862228144
887,0.012482162695538796
888,-0.012891176773651532
889,-0.010775143945098495
890,-0.015258362539169625
891,0.033955155046395215
892,-0.004699035555279604
893,-0.0008445772964305532
894,0.005319506618447139
895,0.027097459641220244
896,-0.011309791845171975
897,0.01480768290672358
898,0.005330064641209845
899,-0.01661163059257331
900,-0.006068145952704367
901,0.014205442669026794
902,-0.01606777986578657
903,0.016037150956662367
904,-0.008597819832608964
905,0.0002742098965371517
906,0.0029524685374787665
907,-0.009644028773696137
908,0.004574271575861932
909,0.014766434493817667
910,-0.00192853845003367
911,0.0059076364582669695
912,-0.007984300224951758
913,0.008066292770334589
914,0.005622459891774222
915,-0.013387965370992077
916,-0.027763575290587147
917,-0.006956101208248569
918,-0.014556019578476126
919,0.005875017732833682
920,0.002787613345545836
921,0.006820294621357257
922,0.007928990926373874
923,-0.009562001594417521
924,0.02006499747436384
925,0.0026987669905657406
926,-0.006966846050178444
927,-0.0018791613711629435
928,0.00654502174427215
929,0.02658355146548349
930,0.0035556072412603794
931,0.001957725227078942
932,0.002990502835465779
933,0.0036364871064120813
934,0.0343635716109099
935,0.03394383007569102
936,0.009482083557169303
937,0.013542601996662507
938,-0.008948252727328222
939,0.020520817523204452
940,-0.03776899659148259
941,0.022186974137312097
942,-0.02823122579833002
943,-0.0037356118175577613
944,0.0007095657044659872
945,-0.009009777306471746
946,0.010467489867381583
947,0.018871389000076816
948,0.0015795248034181427
949,0.008553397267227213
950,0.024586550579606247
951,0.007640114263147898
952,-0.0009899549027264428
953,0.029678142142350226
954,0.0018520644041252975
955,-0.005605153973404925
956,-0.009549095484184119
957,-0.008017806116796738
958,0.017644633440848795
959,0.0117298196870457
960,0.0006170792492475537
961,-0.008781591823172544
962,0.005799110746755846
963,0.006447317949334553
964,0.002650821869591934
965,-0.002441438837397475
966,-0.013643106206472478
967,-0.007490167327812368
968,0.0017298062399820821
969,-0.015816087132156174
970,0.007793666827735618
971,0.008317124501490702
972,0.00682196915140409
973,0.015189812577121655
974,0.003966522386308003
975,-0.009746306265254794
976,-0.0336077183613538
977,-0.014581120936490758
978,0.013073051381574614
979,-0.0036362051051143955
980,0.006709638305309748
981,-0.01019109347207669
982,-0.006902215402352887
983,0.0075553894551932035
984,-0.01772685520610965
985,0.007088435776099417
986,0.014147448916175129
987,0.00830958373721773
988,-0.03475782146835135
989,-0.018072332099819198
990,0.02282462678106224
991,0.013251973571773289
992,-0.01056122182246518
993,0.00796634702676414
994,-0.01681039363519718
995,0.0018065072711597383
996,0.022489964440022884
997,0.013527503994288202
998,0.014215563537949229
999,0.017436570139643264
