theta_pair,theta_country
0.012575399090783299,0.013882099877028618
0.006512560441933784,-0.02387609269801948
0.010901051314265126,0.007529426558051877
0.007710026179810748,0.019199067329943576
0.006922981001356544,-0.009466906029068353
0.00856319886952904,0.008158202675771975
0.003192939050559515,0.014585746326026926
0.006232689435891769,0.01257446291821138
0.010837296886627332,0.009836040812718728
0.004286929437060548,0.0025988763947789118
0.010965103236487167,0.011487951570491647
0.008100742468531938,0.0078867477490681
0.00424790890119661,-0.0040455156572683105
0.009502391027847357,0.0025422160659067166
0.010233416810976495,0.005206807383158517
0.0024760721431881703,0.012578993584735706
0.005693965447122212,0.008091262688904512
0.00937377080477328,-0.0023867002670345944
0.0084294976038779,0.013001560038323264
0.008676789704959375,0.0019764155879547474
0.009664036594364973,0.012673883103625837
0.007211305401235865,0.01764202874862305
0.005581733759227194,0.002814161131184837
0.006649005110870659,0.010906350941054752
0.0057435265572939945,0.005515092245101696
0.005477285818123528,0.004783473744938618
0.006774457343596252,0.004145357741924886
0.009192186808327408,-0.000998841417564919
0.006050868200635792,-0.012438291354654601
0.008028026904263299,-0.0038611788776734745
0.006562901628433035,0.035902576964343534
0.011003270875472626,0.006818851497811702
0.00495412318107895,0.003114173034555126
0.006873199460235133,0.0006801567838159838
0.008763839928229926,0.014679042041586356
0.007059447340085691,0.001964170523155716
0.006577685773531661,0.009034539320118605
0.009065043505571788,0.011257471279283681
0.007365115118049036,0.011721446320608862
0.004871140160908172,0.0061802275657726145
0.008883527199563273,0.009949742684274208
0.010378212369297608,-0.0035717198535614282
0.006077588063498301,0.006620135150457351
0.007597512162358591,0.010512526162082238
0.007656049433268591,0.010418871720405436
0.002533076079368112,0.006264099002583989
0.009701249437697864,0.009415828581274188
0.011617725967758612,0.006967239318050031
0.0069550560843034855,0.01481885722348068
0.00930575167809914,0.016429263061997625
0.009344994729007768,-0.005214667485108048
0.012024336491329163,-0.003002181621204123
0.005183988239781134,0.019617285972854587
0.006285351809805965,0.005844188835663467
0.008441548049200236,0.016079387013608573
0.00826541237272966,0.016964225209703403
0.005474497625158179,0.02242509749420334
0.00522579528846132,0.005580918270718246
0.007145813237532924,0.0035094929028972413
0.007938129995500915,0.014603244481166965
0.01090511764708639,0.0028499055338899416
0.013221468353670569,0.007223196461654206
0.008129827037533028,0.010353377190230037
0.004891032081764294,0.011403282252520408
0.007096025812277942,0.013651615351337082
0.0067522674972148354,0.013932052489937053
0.01266693279848854,-0.010592554412875906
0.006891257592601024,0.012785083592300493
0.0040901357709972235,0.016180422430118586
0.010285919672396412,0.009762397896391686
0.005104949870619171,0.0004603242040417102
0.0076370285613332235,0.012700833472216963
0.006610739852039138,-0.006034384880129715
0.007330113559928749,0.011598504651574673
0.00900842027884708,0.0024559268675335877
0.00483373274482586,0.007538705794884003
0.006271236583078016,0.004706734071938431
0.010143720690741306,0.017808481239500046
0.009162355376095003,-0.000657706669534774
0.00961518271877096,0.016018414985450806
0.009609299356282394,0.0023170936961252157
0.00871692351991103,0.023235345116343308
0.006359699868928459,0.015119165618722098
0.007978095712254545,0.015205377685259562
0.011156669037516711,0.007800223493387734
0.009050621894901705,0.012618920381139388
0.007677039965215304,0.0007147327821985356
0.004996811304075076,0.0010939748340195335
0.0028852795614966727,0.010880212447901253
0.009808753317188619,-0.006145852068975039
0.015241745617228278,0.00999057402965539
0.006423780020992019,0.008141250396796173
0.005576151837381115,0.02764778219105667
0.005461236081630141,0.01553727144118352
0.009663203795270251,0.0060230471358890545
0.009700809917364021,0.004476476088668167
0.009854562220706032,0.011007514387928812
0.006501411720293838,0.014899931271998262
0.010020974777883222,0.012704388533556583
0.007815911986358419,0.004624591396169738
0.006679629834209714,0.0035344081375380788
0.00873684709228546,0.005334084120500915
0.0063336254006623235,0.0019114316246417028
0.012364674424076402,0.008430788700553775
0.00987121296080913,0.009786314690705993
0.003996831785666695,-0.0029637763218161944
0.006457836263052745,0.009159688480720223
0.00940625566154262,0.010001605529234054
0.007529027638878147,0.004495664201127569
0.00888244789264111,0.01525487713284789
0.005690902903746516,0.012981590549113107
0.004835665060939593,0.012784244936784536
0.0054019447226198196,0.005834368936332309
0.011021937209757731,0.015689685082805667
0.005792703042868548,0.003841721906670799
0.008196715779282144,-0.003918486723551192
0.008598273488897036,0.011563690061207804
0.010625908144901716,0.019859326298784438
0.005653302872588042,0.014504247347038753
0.011098481069140891,0.004452781414111458
0.008292849171364391,-0.005600648295519995
0.005424607335458789,0.010643868040494806
0.005967238279977997,-0.005358783564041785
0.007348231966468458,0.010983811852381387
0.007342303236219315,-0.00012657119233593488
0.007761803945943528,0.01314990524549182
0.008795707973888315,-0.0018029874647601915
0.011199976637340481,0.006109608500008175
0.008913927832654678,0.00553612401114732
0.007064014952189907,0.005507524121224638
0.008459138011035384,0.016758899320341476
0.010664248808755277,0.011720883951128089
0.005179153838488607,0.010061125070882058
0.007094672531681417,0.00694694012892887
0.0112886322631621,0.015550897462578466
0.005125958565108444,0.012243326816623693
0.006215551837659905,0.011769807839553417
0.005351239599453576,-0.0008168515796152801
0.006078970611684044,0.0013459348589701643
0.009925773298457577,-0.0007012742628576931
0.010275457991502967,0.00564296311804794
0.009107136287817435,-0.005341626698976242
0.00840679324122236,-0.0032905061549171654
0.007845966180875434,0.008853604245899266
0.009411248543063258,0.01288801904808157
0.008298676171594944,0.007545904998310968
0.0017094499721640624,0.008174397464493324
0.007959378786875776,0.0069567397552724305
0.007393809509668084,0.004322041090831585
0.005355097787602089,0.003860878218478813
0.009489050194218302,0.008353586076427775
0.007562380747290039,0.00246876395912184
0.00501549214726691,-0.0036812287453340804
0.007185868865217415,-0.002156045778135999
0.006756161977136257,0.010241049222779538
0.0031448989216116014,0.007484530934183896
0.008862200197723503,0.005180891360304436
0.00951121147636953,0.009891182406083839
0.010395490068095497,0.013197619279485059
0.00938885185630313,0.012225284900709645
0.011579393300337141,0.012051060157745487
0.01089765906828846,-0.007725055144984885
0.00805528589271085,0.00992593576857318
0.00835361747601078,0.015850860586230205
0.012023412551547156,0.010035435227066833
0.0045718209336061645,-0.0049140624874354595
0.011451741920034248,0.01114528169368368
0.010459992112753953,0.00891931494866232
0.008286877859178974,0.017767635594847033
0.013816919809247622,0.0056294350702683965
0.007705036992682253,0.00042620010727739346
0.010089330716722921,-0.005414985273321083
0.008448993173472804,0.006103526662821141
0.009093757514918888,-0.007516044125911293
0.006207623567779242,0.009202859975580997
0.00529150726025971,0.0061160092191370865
0.009165904683654313,0.008176174039326616
0.006075324241020872,0.016203201533285312
0.007735157245679319,0.0157624626454127
0.005705446536839504,0.0020578885461411066
0.007511670003435176,-0.005598964209232085
0.006967181537270207,0.013312317338965478
0.008330073081624418,-0.012094055595204116
0.0076324353266096845,0.009608326758209797
0.004787017583041921,0.009753668209014176
0.0035576167007964183,0.018648732815447475
0.008793216753837353,0.00938995383248048
0.005759135976539243,0.0009473335677083753
0.0027434861779615863,-0.001760472082778622
0.009045564713301769,-0.00899514541450942
0.011126909124495049,-0.004659079324966902
0.010404304522015954,0.009997357105067214
0.005825610220051246,0.002162498139303876
0.005747970174578083,0.011769945486794092
0.008605503081231725,0.020035213962255858
0.01091508514083786,0.013537678494370002
0.012438729253396747,0.0021310972090087124
0.006273499818739151,0.012858546170709608
0.0073159495799948685,0.010566478860352538
0.01013223432016251,0.0062035392501982485
0.007396656812062778,0.014955212573203324
0.009731748906840301,-0.0026387288080479843
0.0063755210143400035,0.006284446055230425
0.0036233943357603248,0.005086875935021963
0.009087213191505695,0.01693628538076137
0.005838817014346997,0.01603856864019729
0.006736960810553302,-0.013017247662464471
0.008013906052157595,0.01724387824262283
0.006853691940114538,0.0059632497607604714
0.005740282566132669,0.005722337869783207
0.009406131077183228,0.012076371555007579
0.00785258146911535,0.006553801110996716
0.006963126079941663,0.0067379741046525235
0.011365151690138657,0.0068338600045444505
0.007128242354439538,0.006891601519367179
0.007547374795025984,0.013141220073789869
0.007007747078005689,0.009232151980490622
0.005956525110830341,0.011750241916123044
0.0062992880899016964,0.007332179310906682
0.008320498287587208,0.013765332398162909
0.007590323499746911,0.008548449049301108
0.005458042742845307,0.007706500708910211
0.007743794647369414,0.013065741888437003
0.0085114754824796,-0.0007626968102325968
0.0059995764022088205,0.02520777848344681
0.0064830932944238435,0.00040260903547212584
0.0050654251533547795,0.00642807842356186
0.0051467955657107795,-0.0054496177809422956
0.007591575678708076,0.0010388665806424857
0.007060797115197978,0.013469902502191631
0.007129912674847612,0.008807064694154964
0.00832053558403776,0.0046582326160829555
0.006963118223575303,-0.0016312762381778649
0.006527732438472114,0.009952214916511715
0.003225476619212338,-0.0038689891594596263
0.0063699071502626445,0.0009128482380249396
0.007566219786308206,0.018271524110649456
0.005841169466260696,0.004266877737212051
0.006544450482146269,0.01647706287708895
0.010842148111941943,0.007910731664011917
0.0071006952392007995,0.007625406657979398
0.007964837272697358,0.0024930110174611426
0.010411840113538903,0.010312512410671111
0.007568867960038303,0.00789705562408007
0.007435952198030745,0.005846466544206424
0.008650400377996421,0.020965916196644237
0.008094870242099492,-0.006383840419015094
0.004458102879973299,0.008815348309248383
0.004420500120412849,0.00752251589753134
0.008566234906450167,0.01722432398911958
0.006357350685805938,0.013019329791070344
0.008276209582854778,-0.020664664187268707
0.005827116225975601,-0.0016796616292476846
0.009036496262370752,-0.004838088343532136
0.00888229845805894,0.018070827108524017
0.008141303269876377,-0.004766441142033961
0.007733226710329485,-0.012999441730931304
0.007466751161472157,0.011620988361899698
0.009594544577623161,0.003943823698172211
0.0070342461342576225,0.011615617521761407
0.006293170714598298,0.01087295720063834
0.009141385964701487,0.0022303165089071967
0.009639323173431597,0.013189509894626401
0.006023757633564973,-0.0028227149848231727
0.008894966456620945,-0.0033327378012233825
0.009632127978451506,0.01033731361039426
0.007696005203439468,0.0018678619327606055
0.007019299347426199,0.01032996325919345
0.00773302261393708,0.005084213519681232
0.008742792360946997,-0.003980248849037997
0.007456444146624377,0.0041161358680126305
0.0086049079696476,-0.002071848829347033
0.007014746495879387,0.002299868096938884
0.009223937960772588,0.001093118191259227
0.009241192668368883,0.01570994730132943
0.004096812541953088,-0.01319362579195236
0.006097060070846341,0.01161697609228152
0.004264785959756248,-0.004483232423914451
0.00599098518405724,0.00945788485254336
0.005842586291103281,0.009967275894409738
0.003981339875869508,0.00991322295976763
0.006944026257609048,0.009451286511918119
0.007281271368443774,-0.001984478894341101
0.0065453724358364605,-0.007774283786278899
0.009228319645762397,0.010010354086452492
0.005770247032247026,0.010297596412663012
0.010282516236886169,0.012057812913485125
0.005875624474220036,-0.007413161888782946
0.006562253233133939,0.003954423157663726
0.00752412906979927,0.010775063662682641
0.007260741569492114,0.01216416387432127
0.010182375993714288,0.013743781171744946
0.009909171319185431,0.012931102278045474
0.010546705468864536,-8.503539536543222e-05
0.008605470567553333,0.012352632336574836
0.0038408717768305834,0.001945462516884164
0.006965267676678095,0.014052271520351645
0.00911512836668288,0.0002593371198485635
0.009518809418970176,0.006251757228436589
0.007843628573486312,0.01137662916452217
0.007314637973097679,0.0010778756031245085
0.007852657135874125,0.011776472775869079
0.009636373560679775,0.007796079431082724
0.0052944421350749095,0.0046104033508048365
0.007891759174834584,0.008493922583630707
0.007078654726948901,0.015532118604538445
0.00851564599019751,-0.0029554190518101954
0.008736020991765084,0.004569489664094961
0.0030988505410092983,0.013680061663671505
0.007705421463515914,0.014159183867465633
0.004367387347543892,0.0012294297814876242
0.007250479556815731,-0.0024657699613601803
0.008565584738448309,0.008376461690391145
0.008188997661330848,-0.01030052706501973
0.00891812132339149,0.010559330417828099
0.012377690799835105,0.013071993719387628
0.00450446229197846,0.0007060898235982594
0.012518754979126166,0.020002550629421814
0.004758823062563598,0.004338738777596357
0.003654027058907744,0.019915658614641767
0.005940110981770352,0.008084181322130813
0.0077978329255810625,0.013731481332417183
0.009807709127446858,0.009972142946443809
0.010556013572175149,0.004385715004046106
0.007387077983627916,0.00660679456961978
0.007064517211682725,0.004981903763038771
0.005863566165127958,0.0002493724049891291
0.006172708548980823,0.017287763525931536
0.007929883462612948,-0.0060342354247358695
0.0058353842186021606,0.0019712135055773156
0.011811683734800573,4.1735866054507676e-05
0.008888570490338275,-0.005911598365798662
0.008386630450009251,0.008105204230710544
0.00898634946117107,0.009548765528707174
0.011050171145700814,0.003307131390160786
0.006847694530885468,0.00935066149496112
0.002878077655269617,0.006677171657869618
0.010917867153845134,0.017563908504038824
0.0065181122423269774,0.013809313274085468
0.008986689548371927,0.0014786767093334166
0.008220408141056046,0.005935876225146492
0.0073487751395572625,0.013294891274904139
0.00646986504129376,0.01897630318235925
0.008663794395693585,0.011461031831981881
0.011418057818935087,0.01908761883475987
0.007414684394556588,0.009189972678225926
0.006800320194102439,0.009163601295026346
0.003394624516422978,0.01393686795458839
0.00864416113780425,0.015528963860990409
0.010225232069834627,0.016231883130866473
0.007421634435777344,0.009687832595976746
0.007395540832693269,0.011040557241822653
0.0064384820183504285,-0.00233442991513819
0.01016656205648647,0.009648945308795877
0.006274101572724807,-0.0027840145423541998
0.007781407715447062,0.01242147342076725
0.007167991933158546,-0.0008326364938417841
0.00793130214199314,0.003999414477517185
0.008160287690099978,0.010339100432928202
0.0027718518251285394,-0.005108001640750737
0.010040442253328558,0.013798715574181584
0.0034076496026866987,0.005123083679686901
0.00775621652497114,-0.006257693591433098
0.008988595431517093,0.012389069158380277
0.00982880223494567,0.0019099630703725637
0.0070464514740133915,0.01327486785466874
0.005079785717514961,0.005646006944544205
0.005561423737704817,-0.0015578119692892702
0.00791122469338776,0.015688929355094496
0.008790090414431526,0.014517566871873085
0.007476715369163892,0.013269291602219605
0.006249288877532622,-0.016289045168709083
0.004461645864314057,0.012720851149740824
0.005335622315492612,0.008687203373823223
0.00785152214481627,0.009606411540044784
0.00866321279245528,-0.00904644577086338
0.007078422099595719,-0.0029774513078404843
0.006042851070186856,0.010852568818957832
0.009085477292512615,0.006081986163430239
0.0035972809070874004,0.01122441866015984
0.0054212180974533355,-0.0018976149726819495
0.008543267064769208,-0.002034370655686396
0.005529927204472501,-0.020859494783379482
0.007711758989891703,0.011145184885347293
0.006416355338474433,-0.008150783065936525
0.005460931938929922,0.012518081348735772
0.0044199022133857395,0.009538541676328942
0.008026733645686127,0.004458808930034259
0.004248498817996513,0.015269857382479447
0.011756622806706975,0.0018092736890259022
0.008190423839882745,-0.0030414929760732234
0.004251014819277698,0.0009814787507117428
0.010067879462724135,0.016838412355035668
0.010759063338473073,0.012099893678775252
0.006941946526737461,0.005146377653881481
0.00377727527562835,0.014802631258302156
0.007711447104628793,0.013530685683255115
0.005559771902562436,-0.01020384063410651
0.0031286411731911855,-0.0030357300626331998
0.005477117368660758,0.0061953087925885235
0.005578367392593437,0.004578830278384971
0.00530476214316725,-0.005482510058333911
0.008557974567866045,0.01104906830429731
0.006995556860354906,0.00734519662763844
0.005577552392739582,-0.0006712603495267887
0.007968945942087432,0.02067806912457459
0.007401686462746096,-0.003397037635265193
0.009927618990927471,0.005455099920163163
0.0031131541662225435,0.0028624432606673784
0.010030764523269732,0.005462020299965439
0.006144721205076914,0.0021425483649787124
0.011279175410745924,-0.0038307926992615145
0.006301476073309433,0.016763697508904923
0.009430478671091235,0.013937617978196606
0.009307405524633577,0.0068675286713283145
0.005925960130324524,0.0024962930099050565
0.010059521070701469,-0.0017800384695268981
0.009263271074897612,0.011995307538191924
0.009114498478167156,0.0031592049429666614
0.007277889197212485,0.0016535875418389764
0.005952561164981893,-0.0031100850511902615
0.004419630388437124,0.014863221813334711
0.007662265034026931,0.0040650501712848
0.004887866942985173,0.012622334350627283
0.003873273670753214,0.011240771577391688
0.007924441487662711,0.009977289080955604
0.006751221894050232,0.0016301777282391832
0.0055282920687577146,0.014836044741718495
0.010903098261777017,0.005771318357087796
0.0075519935290451826,0.004319868986268119
0.0068069529995265915,0.006960763568948954
0.007937311897369051,0.008305661276147132
0.009335989727205297,0.010722951056815696
0.005162101042117267,0.005268229896719029
0.011046019568439112,0.012193375327099458
0.008169301412249965,-0.00035962775340759586
0.0050078803071883626,0.004748056090375539
0.006250481493166245,0.016581729336935035
0.005716821101066315,0.008082762617134615
0.00796052063694031,0.011879835648940792
0.008173305760298162,0.006587981932580011
0.006312987403624083,0.01888615658097162
0.004932683016589114,0.02029937968693973
0.007360305737579432,0.014619583706565865
0.0076210579127642735,0.017698149008751652
0.004099975822023794,0.02027206681227821
0.010060932501228463,0.008078788539848215
0.006458146599558939,0.0053569410868772906
0.008377428074362066,0.0006242202859375608
0.009534655822927783,0.0020614673836878645
0.005621768801403278,0.01626465362237142
0.0061677984016609445,-0.0004013903893979978
0.008785718064290137,0.0022582689180283442
0.011564118484083705,-3.0121003256665125e-05
0.006632437612523344,0.009970192285229723
0.007536921888876267,0.008335814402147708
0.005784506428598172,-0.0040602980914898066
0.0038665179634209605,0.008534726686028811
0.005094043245425603,0.010696107830068694
0.007769928305659421,0.0074383008277108306
0.006143813821871348,0.011929292346184511
0.006818796984708473,0.006580204281559374
0.006940197757974939,0.015414039062794276
0.00584988675744372,0.002415837280802756
0.006795537973089458,0.008472684296222678
0.005883803134686236,0.011273241947381702
0.007316169751523861,0.008122492643416973
0.0033460162071414366,0.009076973683174646
0.010473418751914012,0.001347997662236868
0.011329000456746714,0.013034026356527435
0.008114308351496223,0.012451905650785152
0.00874851397242924,0.0049326782830928445
0.011270077289825568,0.0043214641391029
0.005663651972549135,-0.00014814255350788008
0.010075303562443589,-0.003962137374697045
0.006511957976250552,0.005986690750834801
0.00823161590472694,-0.00822952287930511
0.005990499523718662,0.008415810582184978
0.007181743019757049,0.009385906172210598
0.004118105585420934,0.006393558963152421
0.008992594865384614,-0.028779039404636553
0.007093053502518569,0.009240557210326412
0.006659620456315262,0.011750796227169178
0.009922000445534712,-0.0005644818188724879
0.008763056415324358,0.017358997268737145
0.007508260079148152,0.0032852960209841893
0.008493227102312088,0.013449468451760193
0.01157804081143048,-0.0004856390259765323
0.005538765611329773,0.01138309212038828
0.0058400080140916626,-0.012293526417184316
0.010681283069258902,0.010272622904299795
0.009668718188691854,0.0013971169656502662
0.00581518035298022,0.013241850507895479
0.0043557513339184456,-0.006965044395586435
0.004420823664463248,0.012092317439396654
0.008685611935720358,-0.004306733367511949
0.009125469096459948,0.0053189195322414584
0.010122016141887239,0.018700733933075517
0.009848112327878087,0.013412276954777248
0.008415103928024623,0.002767818988464363
0.008600010929575422,-0.007270953817973139
0.00718202088968339,0.01161404902789624
0.006801521009113297,0.010820946276310042
0.008168728148250037,0.0019812688901853794
0.007548578439009606,0.008928237702262256
0.006579245560082631,0.0030380865180768242
0.0065553176903406915,0.008851491160834755
0.005696582529991624,0.01530834211790337
0.004108957389310973,0.012288959031987137
0.005327910675457738,-0.015147590176963759
0.005995989630291413,0.007219062849298343
0.004723564458485958,0.012498407367296845
0.005545434926155078,0.0029158408741545485
0.01059977987900831,0.011733870551673528
0.007953106539181019,0.010143159114029061
0.005366107597975881,0.017122766895977328
0.0052575572956831225,0.0005594346734149176
0.006105821201223606,-0.0033834946667317357
0.007462168025417616,0.007579379191151977
0.00717248554974682,0.006569379565716439
0.008205079214596888,0.0013635012380196058
0.008997227714394315,0.017496803615853856
0.007944449169491823,0.014062183267283469
0.009167423563169758,0.0067681056651801115
0.011016649153482569,0.006559275793772681
0.0057020280264007015,0.0036455893753938582
0.007401165784824385,0.01268717464302607
0.009938637150651311,0.008494576813929148
0.006536379851655036,0.014503107020275147
0.0054909893120100575,-0.0004758013667515964
0.009604949977042613,-0.010023771950682998
0.00539822757062896,0.01131629456305217
0.008858605907113766,0.01409807896712257
0.009283591165616693,0.006723248490986049
0.0086142940619611,0.0012581103188500273
0.00986012522048333,0.004735210684937383
0.005397932381607395,0.00037552049824987805
0.0050506072352458475,0.011464434881557581
0.0035863251041306607,0.011054575630844353
0.01046965748724258,-0.013420546291058396
0.009641655457923204,0.004991358538932311
0.007937217603643978,0.015443113452834185
0.009579655949606072,0.015159922007557326
0.0035357980723861497,0.01410481576448377
0.008237280871549745,0.0046197270746591804
0.011255175287746817,0.0010974603643638238
0.008819889335714225,0.01513137047878217
0.009282323750231419,-0.0042310287133369194
0.007088499211747667,-0.0009952560362279518
0.01035307462918107,0.012569456834745875
0.008952881836037496,0.006635953228824411
0.007757844232983793,0.014197563139303248
0.008384503217204622,-0.001944499909909461
0.009272795310929293,-0.009907264886979555
0.006648425095999693,0.009355869850359001
0.01006889611102335,0.01807852904654733
0.008844501085024038,0.008747287063533614
0.0005739186296071167,0.00850592540855321
0.007882222082953999,0.010220440911374279
0.007601924184791362,0.014899467177580778
0.005054849815762306,0.008417339601784068
0.007230478370816302,-0.0008718938730331997
0.003075916291403377,-0.0007267707929786447
0.005628979761191077,0.017121457185240482
0.006370217120904669,0.0065533648066746514
0.0032971836562363413,0.004627462567218357
0.0065602933846870045,-0.007957176378667935
0.007412323695875722,0.007621157990616173
0.004904775416543769,0.009722915024794434
0.006325543091391202,0.010865869520823713
0.007245443216880529,0.011564205951698374
0.00823990615390842,0.007367997117955835
0.004821614117609459,0.009579298939621417
0.009370101236810773,-0.0013457404844261685
0.006828194454578642,-0.009732289219616651
0.006873769337543347,0.011334454853575739
0.008022219816413755,0.013181165287447253
0.00373987479280848,-0.006172617018366192
0.0068700364486937665,-0.00566942192691994
0.008492708064446837,-0.006462889351646222
0.008557898771582514,0.008699472785506571
0.007469675181379991,0.012868900148709023
0.0047992660182511445,-0.0029567560788328227
0.004872912105510169,0.01117951915856362
0.009381164749030333,0.005461314982654632
0.006262538638156152,-0.012989258642203247
0.012136194644063842,0.002887657923209583
0.011122120858927175,0.00483373846730462
0.006960374565794592,0.014255639136706393
0.0027185919488891827,-0.006920977871076535
0.00629242248528039,-0.0011395887096656014
0.00529030749320536,0.00043106293826803636
0.004240710724740414,0.01130228830052609
0.005742355166711044,0.009956243279709707
0.00527801933028727,0.0061789055591549204
0.004456125619938504,0.01432892298062749
0.0052426219443242085,0.0049956295329242825
0.0037449067741283527,0.016601712796178485
0.0007466483282996574,0.004864613068191145
0.007259275135500132,-0.001404450379508125
0.0069052181991561224,0.007151036900205749
0.008587151962019873,0.013046972926125352
0.00824531083251868,0.00775663669043116
0.006916911245206148,0.004480412415667123
0.006033261070136837,0.01295793180801601
0.006308257882361933,0.011610305374276625
0.006605458495023608,0.010210550565991567
0.003695732034436401,0.012537625815622094
0.009097913594431082,0.008250934277954754
0.009663827972980554,-0.008253730576690838
0.007941166779735139,-0.0072704914568859375
0.008765580746411674,0.014197764364851602
0.0073437142133926945,0.013591339382255308
0.0046747343079881236,0.013583837290077642
0.005216709381842125,0.009844229091397523
0.007185923364820932,0.008460138569848473
0.007369791001748158,0.0015589902828596163
0.007528813981882958,0.009609608772293303
0.010014810747467446,0.024040418659323645
0.008020428615228623,0.008858605141446098
0.009014572784973796,0.007658052240806636
0.010162107761732448,0.003536954341214887
0.008671658307993076,0.008482162334351426
0.008112475599862985,0.00013131965355736388
0.007575173059272563,0.011032553601169936
0.006401710678402917,-0.003078947081806765
0.006598549514022793,0.008835057022518246
0.004316860282147993,-0.002256753885776663
0.007647201191778667,0.00346534469373316
0.007333677078959896,0.0012601597032228296
0.007493163747458071,0.021730627209192666
0.006879217937487998,0.007203735104243497
0.012533520730684663,0.006217577050733495
0.006488656886097323,0.0043511813073379155
0.0055499669948069815,0.006448161753831595
0.007584053405158997,0.014007004738313527
0.006243282434852628,0.017860119290302935
0.00594139774191143,0.008694594545483724
0.007139846688193296,0.002908435028445455
0.005749754762493296,0.004342256151419031
0.010488903396228605,0.005042666700802103
0.005571231345872202,0.023676294556961738
0.003162772365278113,0.0036832388988444617
0.005156027295343089,-0.008168045362548367
0.007762045437934063,0.010985765872744708
0.006940154379936321,0.01944022153187962
0.007388580804394791,0.004609130244157076
0.009443622367814828,0.012766835544918429
0.0033741467178568757,0.006035071237770744
0.008633337840376117,0.01124495049219917
0.010542792907915691,0.007713838718083886
0.0076903810331002236,-0.016189445640037298
0.005173961101562462,0.01055112108222387
0.006656110777120519,-3.5818826498656246e-05
0.009477909226929081,0.004255454765069963
0.010477880427093664,0.010726026743428613
0.007682335519693042,0.004276135354818269
0.0064707755315731065,0.011798997089874119
0.008724232865188428,-0.001512564754723288
0.0073734562166393606,0.00890830604767399
0.011098427186656304,0.008780421859579007
0.009627459206558065,0.009718929670063263
0.006571558104919853,0.00628181253105463
0.005514655512218336,0.014441297195033221
0.008398414663827906,0.0072877560063538726
0.008561304809739802,5.824420181323624e-06
0.0070092144408622796,-0.0018105975595186768
0.011362555971857645,0.002027513564725242
0.007682368888925778,0.016503307188540116
0.005212973861011657,0.003937155597689266
0.006305824421359476,0.019414200822108825
0.009647808855990772,0.008059215907780928
0.005765787399203662,0.004637324086962183
0.008594099149700152,-0.02177174570367335
0.010154702702917028,0.00927928087844814
0.006937549253543839,0.004781350019418436
0.009715050608126235,-0.005939495123901837
0.008208660593247935,0.011095056047305058
0.0035739914548616725,-0.013548098267086205
0.008915428597169312,0.002176382284243053
0.009727003866126438,0.00598350205032792
0.014789888937168597,0.016574758091553208
0.006448188353502598,0.007316501229164249
0.01002769236395897,0.002321858843605942
0.010680913984795365,0.0039935964342413905
0.005859811032908407,0.009124957181992374
0.008595760630895751,-0.007776324098563633
0.009639822240005867,0.015558584785238144
0.008507965513382407,-0.009846655725142182
0.006847789981156287,0.006804313863735376
0.007183876820340916,0.0073951139824492374
0.00888890596366988,-0.00624666484760543
0.009885338774706473,0.008907668215026802
0.009612431683825718,-0.0030307972818076575
0.009882488596453555,0.004380159811515066
0.008217201075135546,0.013626601381811503
0.00472190554326366,0.014517438405243699
0.009161592635870642,-0.021749797763226834
0.007635545272017471,0.0034444956378705763
0.009394219870837923,-0.009549963286970796
0.007881136495175559,-0.005162375494830602
0.008001728676736262,0.008877379924779301
0.011908137948579598,0.010516325011439656
0.004115383767631871,0.02519434405776037
0.006358018093200833,0.009826870783485684
0.010310731007575768,0.02024062372365136
0.007858523104504694,0.006918566151089594
0.009166639660404844,0.010271457861042754
0.010414924335110945,0.011823386865429933
0.008870926746055602,0.01179478046254658
0.009198290841361012,0.007038852764572729
0.008712162318759339,0.01643568202148216
0.010406573125591036,0.00740907538603151
0.009148159281841765,0.0165046855324656
0.01156725890383265,0.012670792933798506
0.007495588945288776,0.011852976695494675
0.004691390744185456,0.006503853180262344
0.007734702968059315,0.00022882748397549466
0.0061900137249591815,0.01451333072216282
0.005557655754394764,0.012809030711045744
0.006429003902488,0.010851058045243082
0.007961261306557735,0.004400939102114378
0.009890798837392946,-0.012538543824109136
0.005837612865692022,0.013658201120200811
0.007390659701096623,0.01567083179295674
0.0061770531823291215,0.007021578624346981
0.006936897770243459,0.004113077863881569
0.00587696108874797,-0.015660434996139613
0.008605356072740227,-0.002683114738970008
0.010615437555905155,0.022368803193190068
0.010935227401089232,0.020002258115599254
0.008179484295062402,0.011895166426514728
0.007015007239032732,-0.0036946357634219896
0.006301171575989879,0.0036449195968766617
0.009828481741087448,0.009889344620526618
0.009092838741827269,0.01679631646221903
0.00949370900848211,0.0038765733445231595
0.00728889651484077,0.007981647645329293
0.008002703476803664,0.011689158101025825
0.008004933799564969,-0.005202619586868442
0.008344428015293002,0.011203142700448383
0.009193422386807797,0.004334745114289894
0.0070012506752696714,0.009639634112504061
0.009389738276048309,-0.0020932391875345753
0.008558464501355565,0.015115390143366667
0.009228024244612295,-0.006230377737657221
0.009470003150197632,0.014122358526325901
0.009761622522223826,-0.004002034321049833
0.007759259839957096,-8.27204206641688e-05
0.006790837049013675,0.013419429362589514
0.005737711212208777,0.0056973843700177905
0.004761853242059902,-0.010519748474363662
0.008161923713097801,0.003671292901485955
0.008979258786454907,0.006719363116071147
0.007733835764542504,-0.016054046357831416
0.0061693401700405595,0.005949023261446108
0.008406067487931447,0.012039771978471179
0.0060238696944031325,0.005388585078593045
0.008185561829683012,0.006205792281037604
0.00587680225420898,0.007832376052685339
0.006560729886993817,0.0015202338953398198
0.008391641088693292,-0.0025459810349520344
0.005983622414060877,0.005471824549758963
0.008258701423109674,0.010982859250981736
0.008785011398496108,0.003401592724385081
0.0074447853870976246,0.011559459074980715
0.00717978751492821,0.011916407428656592
0.00542410262163811,0.008135379545426175
0.009705065184173321,-0.005067555999029413
0.009524621892061134,0.007496891693724066
0.00779387757428551,0.003952462841890096
0.0032918859890492206,0.012298334392721792
0.0070278165685136096,-0.0028225710093318203
0.009467509827704845,0.001714671053754002
0.006272183708811456,0.0036856525832193758
0.009495380540143665,0.007637298070632231
0.008704626772346437,0.007362367909575403
0.007850306951424187,0.006831535777545857
0.008087594015474158,0.017453803047644767
0.00786006191626142,-0.005796815713186334
0.00944545167866852,0.003097470742669049
0.004715643388843048,0.010087262574821858
0.007645545005160373,0.003898070899977405
0.007822529995156927,0.010330415007760729
0.006640156151399624,0.01963725092160412
0.010022162842892639,-0.002495523458875492
0.0058279500719536,0.016363135827756753
0.0077249917498856124,0.011083680245257327
0.005572194097113996,0.006321592453371913
0.009591765383868656,0.003580931725174462
0.00878097441428391,0.0064168682061833135
0.007827442817613585,0.01436240165898122
0.008478940144825175,0.004473469054414779
0.008098411135753205,0.005473718395955444
0.004932678355955331,0.005171272484200319
0.007258197233083095,0.0011891222794214523
0.007983376351133477,0.019243468226279484
0.005591264535549249,0.012316254861601277
0.008638526734601642,0.007308024698086905
0.00932849768639139,0.013752343435212248
0.005978982662191299,0.013993252193854035
0.004945369404822664,0.008531336423875022
0.008510874903590565,0.017703715450160962
0.013641740582029447,-0.005420879449850651
0.005362172106851327,0.015895430326442993
0.0069646525628865325,0.011540693635309043
0.00873714268087513,0.004761725274153373
0.005108580122607886,0.005505444964610924
0.005013263967153334,0.013238480212939663
0.00753611886277765,0.005150171524480549
0.007053916768929033,0.008209357265199852
0.00571724579389841,0.00010884965505936935
0.007797736324221057,0.002535873281246078
0.006737338107001734,0.012507121947649049
0.005772591833766579,0.010773032873756756
0.005767293118978469,0.006724962698821198
0.005133150883324719,0.004462651844450089
0.010018598865675075,0.0009627782963240266
0.008848000575225185,0.010161521739827355
0.007643944065568332,0.0046389386830566134
0.008449807164414732,0.0020919740322767927
0.009512340636807524,0.0069485643409157236
0.005813811195184071,0.007991191461344496
0.008536397656499752,0.008749486207449857
0.008545856727306473,0.006296757139948146
0.0088288620206425,0.0143471254727959
0.009269682108144307,0.005421786904237512
0.005840547394426348,-0.0011389784246625474
0.0025245828762070362,0.015822987878357144
0.006235668581467167,0.02200696913605467
0.008057345140022374,0.0122186411434595
0.006698800262682683,0.014451591241272705
0.010568603927361841,-0.003533661557982147
0.006597890706315308,-0.004375303055297714
0.007403174555016452,0.01195371699196382
0.007123829138339319,0.012603211195068903
0.008334486836949264,0.009959817922332555
0.007991699737478765,0.010717874113226139
0.008594508229392782,0.018944210763150348
0.010139244578972438,0.01840847105360971
0.009631658906053171,0.00812325794359033
0.007148031841097139,0.01721364349176474
0.00836263450512127,0.008092085430261131
0.009850070597098231,0.012518217851029042
0.006658130434492876,0.009130398633435321
0.008902399279754851,0.022473598328059688
0.0068999334164777295,0.004446309613265043
0.008276031851370784,0.013004201815065113
0.007348975296240799,0.005790904579619041
0.00892006627088921,0.006001584031709521
0.008596717167677233,0.012530658847201403
0.006529933772460989,0.014147343108433796
0.008680091117455923,-0.003178518282154396
0.007563636084928865,-0.011624543376616014
0.009180742626652649,0.0035932731360614344
0.006140803118333138,-0.005033301668931834
0.012205113656948647,0.008289741349973841
0.005776693047544534,0.02028347901396095
0.008969543021509768,0.01710617810130234
0.007245689223233223,0.006503202519334095
0.009811650112377916,0.006615791572019027
0.006398279128175899,0.009739716518680974
0.00736063849520355,0.007599945490417338
0.008105087850145902,0.005745854635774968
0.004024245051477443,0.015624981116851896
0.007146438122195249,-0.018287453681037347
0.006659531291354318,0.0015766878295197528
0.004487430226122793,0.0010375474500324009
0.009019007115755597,0.0017079232583582212
0.007498997569641225,0.00020054482599866528
0.006726679930760364,0.008223641030507777
0.006949336572453798,-0.011131069918274332
0.007363664175673594,0.008959732205612884
0.009352268985822048,0.023677042009770922
0.008757361715365976,0.0027371242078926138
0.010250255052204196,0.014152209407322267
0.010253442446864616,0.0009448921800331873
0.00567864556262154,0.007624765599262992
0.009589563297915835,0.0076844943440513205
0.009113940933645825,0.006463929269196999
0.007136908392299674,-0.002480410803511906
0.008788061825355348,0.005922537577971341
0.004311906892199122,0.013207756719570833
0.008496385036951859,0.004838931833429144
0.003610134127053989,0.002680087827307501
0.010798882143336052,0.0012004056086937303
0.005884989417082234,-0.0001346427641501406
0.00543413196463792,0.016953734755037336
0.0063895389780847306,0.0188597453144263
0.00780309649208603,-0.00818351944655217
0.009230069746452602,0.0007132328781525732
0.0017070802912216344,0.0065961082414413424
0.009091032537519503,0.012155075638298445
0.008840153109731437,0.012335176498121386
0.008040996731675838,-0.003351760975131491
0.010906269294404832,0.00746269060171307
0.010335362853946227,0.01263650839268762
0.005004501887769685,0.0169460297363395
0.004918453447021588,0.004170067251151614
0.007667202055508969,0.008587472657034878
0.003584746653632654,0.006987188519070878
0.007446184256298365,0.019993474401899455
0.009785206210947528,0.005298234066365473
0.007286244012747362,0.005345913864787811
0.008776798370770984,0.0074261924659859875
0.0079539758400336,-0.007382346930514695
0.006640707157859627,-0.009093614700040288
0.006615313000914044,0.004578841823765745
0.006007681301253883,0.006189516758347877
0.0070567943894860406,0.02162435443247425
0.009510409634047848,0.007455278903134847
0.008008098016953086,0.012814004249360633
0.00446801829168953,0.0062781260628582995
0.008191212167019112,0.007618575611277889
0.008798710659230938,0.00095224559298729
0.007405801058769104,-0.02784122474208977
0.007851615453695811,0.002659587406877705
0.009953083280019778,0.006151484713134999
0.007997989118453385,0.01274664166210826
0.005634332989785872,0.016952921245412925
0.005912642556859296,-0.02412281870195849
0.004565581281901737,0.0052273719870346465
0.008950420139262696,0.012213195659446972
0.009032894507090739,0.005833694442100939
0.008116556460013845,0.012178057898473836
0.007975819080099015,0.008482339854553027
0.008292293137847498,-0.004077480939348047
0.011090341702785578,0.006070508372409669
0.00654512468116327,0.013758762897264347
0.004762105834156576,0.008919145064029752
0.002479544936917515,0.001841223934880518
0.008965330931093455,0.005441191445266885
0.008396001735315435,-0.003038529670950219
0.01290731107679737,0.00514198178030588
0.007431209282777636,0.010151234579645028
0.009047845328455859,0.018852443277380983
0.0070236881944776485,-0.008454250781184254
0.009469047852548576,-0.0115943293251201
0.007680835729921401,-0.00020289025800687355
0.009812803724722253,-0.014254590762396983
0.005728223419969901,-0.0026308922891149344
0.007848331947494052,0.008273911697826822
0.0039193360589887954,0.008890754117568523
0.009227727402851185,0.008677105520674121
0.013585357862942925,0.0006177211602988775
0.0074536649388072945,0.00664113649620608
0.008994530112149178,-0.005638419656674832
0.007957418372647929,0.0074354927660005695
0.0035614125692935406,0.014208995909913905
0.006107973599195318,0.005431647530197669
0.010238736032413034,-0.00019369793046606514
0.009175649108513663,-0.005387117339758686
0.009627445177671572,0.008610199569569963
0.0042118478391429525,0.0018801864091040929
0.008659211057215607,0.006786417859967007
0.010984410101537244,0.017181935806191376
0.009345503065669466,0.010185191565288453
0.009890794479532884,0.005951652737446728
0.004985622385482821,0.016885125227573593
0.00724438586414376,0.004391294459328915
0.004773234011119811,0.01120775333092425
0.007897714376420362,0.015549320584809146
0.0032260330842969038,0.007640995454785678
0.005800799340668839,0.004250232129363202
0.00550392767057319,-0.02426832251582641
0.00991078426848465,-0.0030285899140961555
0.005881766362106029,0.001650238637070382
0.009711923684551475,-0.005696682479452304
0.006299267473371375,0.009661846550014752
0.005398726340922998,0.0008202634234274253
0.00859006970358951,0.003917179541229789
0.005078146746864772,-5.570962606061256e-05
0.009808597471149686,0.009589103934297934
0.008858879128925143,-0.007283631386647558
0.0038312366116925703,0.009748594866961845
0.007940590476649198,0.004345755073542549
0.009472315492388137,0.011108051760187386
0.007767585169226152,0.013080533810571263
0.011649630330155073,0.005593128453955847
0.007654483931967337,0.007783268728320309
0.007772875870829043,0.01337195597785744
0.009826801275006762,-0.002821984185371368
0.009969767478823187,0.010743627894671976
0.011885849649759405,0.011196594701024484
0.006709453108997753,0.007393955880286365
0.00849733144720351,0.014846341243403362
0.007980800804346884,0.01094584267896611
0.01164293257924667,0.004995693329568464
0.005386194212240431,0.00328846575993667
0.005383020523973692,0.003521968834938725
0.0071308700258249135,0.01892840121027158
0.00835978726788229,0.012338019927917547
0.010531078132626145,0.008351367915691438
0.011753528299636377,0.004605926807532434
0.011678488083926571,0.004017487620321685
0.007156189613566431,0.008832800789665049
0.006383624599213963,-0.005308796124176597
0.009176593020878653,0.005838078526151415
0.008398547895125615,0.001872282763402026
