partner_country,year,tariff_relief,intermediate_share,source_share
TW,2017,0.0,0.7647156174579695,0.06675610623527803
TW,2018,0.0,0.7604345553577151,0.06344196755941627
TW,2019,0.0,0.7533487673270574,0.06090582900777893
TW,2020,0.0,0.7636739829011121,0.0689597473585379
TW,2021,0.0,0.7635647568684258,0.06579869645727895
TW,2022,0.0,0.8049218562041318,0.06239574915987538
TW,2023,0.0,0.8003205942894952,0.05036329062724113
TW,2024,0.0,0.7897859989578812,0.051095194537884955
GB,2017,0.0,0.5131519440128952,0.016229227412929963
GB,2018,0.0,0.6402394931729463,0.01601666678410551
GB,2019,0.0,0.676957566744714,0.01722800079280776
GB,2020,0.0,0.4831213258726984,0.011361113762177228
GB,2021,0.0,0.4685733656591744,0.010579131147617191
GB,2022,0.0,0.7236659655696467,0.013782022005913531
GB,2023,0.0,0.7195502981665047,0.015006105913273842
GB,2024,0.0,0.7955057251390584,0.018038194590348056
HK,2017,0.0,0.7337577428648488,0.018600176047317507
HK,2018,0.0,0.7208696322884256,0.018483402846690714
HK,2019,0.0,0.7263252965668872,0.02011830566505283
HK,2020,0.0,0.7281105378953509,0.016763365969647306
HK,2021,0.0,0.7426004454713947,0.02714539581345094
HK,2022,0.0,0.7478674964617388,0.02047930444983115
HK,2023,0.0,0.7561587197404549,0.02896425183535772
HK,2024,0.0,0.7395729082371898,0.032284521748346263
ID,2017,0.0,0.6770382792626553,0.01721167574768894
ID,2018,0.0,0.6302216236035422,0.01793797815397278
ID,2019,0.0,0.6489906548659685,0.018170067950299306
ID,2020,0.0,0.7222562269966295,0.020255188106970138
ID,2021,0.0,0.662868788623398,0.026843382497847543
ID,2022,0.0,0.6980861055263713,0.03242312735579331
ID,2023,0.001235760933382555,0.7089879279266225,0.032316512148521756
ID,2024,0.0019374140825013512,0.7153034465341986,0.030917038093576158
MY,2017,0.0,0.758324818208334,0.022348634091029218
MY,2018,0.0,0.7171830349126264,0.02265685708450882
MY,2019,0.0,0.7094843329393573,0.022649213137694683
MY,2020,0.0,0.7278702838875981,0.025503275003392088
MY,2021,0.0,0.7095303676563709,0.02423252606223697
MY,2022,0.04532579736203805,0.705568407109522,0.02456734545288367
MY,2023,0.04549677618917236,0.7183090438820744,0.022400563520750708
MY,2024,0.04577544303832379,0.6916941035689218,0.021676201803282856
US,2017,0.0,0.5737235993184724,0.08307003262148652
US,2018,0.0,0.5408913079805133,0.06831851490075268
US,2019,0.0,0.5710453824396275,0.061196838113224614
US,2020,0.0,0.6372712726215362,0.07652056720606278
US,2021,0.0,0.6268392793683388,0.07463173766619752
US,2022,0.0,0.6305730969025799,0.0740411801797867
US,2023,0.0,0.6107427213313588,0.0721071927547347
US,2024,0.0,0.5785769892609508,0.06833646864325232
KY,2017,0.0,,0.0
KY,2018,0.0,0.35273750039951846,6.167269142816012e-08
KY,2019,0.0,0.6110773268467545,4.151282456767615e-08
KY,2020,0.0,1.0,4.719553369824345e-09
KY,2021,0.0,0.8498777199473255,4.1626570705231646e-08
KY,2022,0.0,0.0,3.3113432898175614e-09
KY,2023,0.0,,0.0
KY,2024,0.0,1.0,1.4841562299945771e-08
IN,2017,0.0,0.8134864920036218,0.0094661943773972
IN,2018,0.0,0.6871553379852843,0.011947925477163108
IN,2019,0.0,0.6851621901784819,0.011876422173983022
IN,2020,0.0,0.7929296209989671,0.013542452350962365
IN,2021,0.0,0.7687691468714578,0.013833230685266209
IN,2022,0.0,0.6109020698274553,0.008332809843913417
IN,2023,0.0,0.7150787626495513,0.008949531163822064
IN,2024,0.0,0.6867758815358199,0.008346554347440539
BM,2017,0.0,0.3440449169752718,6.293803743873738e-09
BM,2018,0.0,0.07398964356345959,4.352234008618837e-08
BM,2019,0.0,0.07789765416213006,6.71175372243042e-09
BM,2020,0.0,,0.0
BM,2021,0.0,0.0,8.013643447987782e-10
BM,2022,0.0,0.0,1.863251477389219e-08
BM,2023,0.0,,0.0
BM,2024,0.0,0.0,1.2305730398382028e-08
CH,2017,0.0,0.6361312684839827,0.019529389501343378
CH,2018,0.0,0.6888132787806879,0.020069301288315453
CH,2019,0.0,0.5104588764397868,0.014387821264451059
CH,2020,0.0,0.2756473087141974,0.011689310438847977
CH,2021,0.0,0.5936374268232558,0.015957084428679807
CH,2022,0.0,0.7000981691034559,0.020789310237624422
CH,2023,0.0,0.693877761622937,0.02309980303532375
CH,2024,0.0,0.6492415318002825,0.023289585438828378
JP,2017,0.0,0.6301256859203584,0.09492058009167537
JP,2018,0.0,0.6088229753116533,0.09075222226531944
JP,2019,0.0,0.5895453582334514,0.08636590966424837
JP,2020,0.0,0.5728854435390057,0.08800737855793907
JP,2021,0.0,0.5777045338113252,0.08062942032481067
JP,2022,0.3744191073222167,0.578100559566574,0.0710953062219106
JP,2023,0.4962503072083833,0.5600050317967491,0.06386132096191172
JP,2024,0.6575106486465951,0.5556965663302692,0.06362519015158172
KR,2017,0.0,0.7023604095988967,0.10882214130367877
KR,2018,0.0,0.6774435235578193,0.1074562638093865
KR,2019,0.0,0.66998428969791,0.09465103744360573
KR,2020,0.0,0.6714768349351935,0.0951674245786251
KR,2021,0.0,0.6921458063417341,0.08933502512061658
KR,2022,0.027266223820147713,0.7254555130788964,0.0829539931171667
KR,2023,0.018345267164820055,0.7291465247567913,0.06886738974255407
KR,2024,0.009999944334900169,0.7420646429874151,0.08030426223464081
FR,2017,0.0,0.3567842509361995,0.015759835015440954
FR,2018,0.0,0.3258994126502177,0.0164226476337995
FR,2019,0.0,0.33347405487132414,0.01662706950167201
FR,2020,0.0,0.3839318271785621,0.013917186863560551
FR,2021,0.0,0.32762717057738316,0.015321536904665438
FR,2022,0.0,0.3261136766523107,0.013454443939071449
FR,2023,0.0,0.3495593990715501,0.015595905494771327
FR,2024,0.0,0.37290541659693366,0.014637119832611034
LU,2017,0.0,0.8533149953789775,0.00018213066565605298
LU,2018,0.0,0.8655388327707894,0.0001639051235658843
LU,2019,0.0,0.8282828010879865,0.0001497795837616796
LU,2020,0.0,0.8601986357298748,0.00014799378490376006
LU,2021,0.0,0.8637671997072326,0.00013104345165409272
LU,2022,0.0,0.863288345889039,0.00013550187172633408
LU,2023,0.0,0.8856898031682248,0.00011387541919895077
LU,2024,0.0,0.9029091189546282,0.0001330105979002456
EG,2017,0.0,0.7912934268758673,0.000597238722403667
EG,2018,0.0,0.7286122804573398,0.0007534064602416719
EG,2019,0.0,0.5252848492406353,0.00039212755860488916
EG,2020,0.0,0.4364384594642286,0.0004964315385013503
EG,2021,0.0,0.294032647686562,0.000718067064135791
EG,2022,0.0,0.2302034939505471,0.0005758191118795935
EG,2023,0.0,0.7281469151381432,0.0004894917303077118
EG,2024,0.0,0.6101960319277294,0.0002334313513033835
DE,2017,0.0,0.4705171308497936,0.07162348125430938
DE,2018,0.0,0.46287288050642184,0.0694760622102794
DE,2019,0.0,0.4415551792676579,0.0693370479164423
DE,2020,0.0,0.4630701049969957,0.07077366146204941
DE,2021,0.0,0.46528651981591834,0.06250264268331256
DE,2022,0.0,0.4463084240793821,0.057429688888006473
DE,2023,0.0,0.46294880749326456,0.0560752009300464
DE,2024,0.0,0.4991481830823312,0.04958064534948503
CA,2017,0.0,0.7747964291829674,0.011621093655085998
CA,2018,0.0,0.788319781963659,0.014782976096216904
CA,2019,0.0,0.7159496859774227,0.014542058747468951
CA,2020,0.0,0.7251842505515232,0.011896295653501242
CA,2021,0.0,0.7769714090890758,0.012556565514471709
CA,2022,0.0,0.8226649241790273,0.013008230887373691
CA,2023,0.0,0.8161874490811245,0.01400142247048045
CA,2024,0.0,0.8407326019305693,0.011202172820939896
VG,2017,0.0,0.9609598126262204,6.291773727136375e-08
VG,2018,0.0,0.4871770103839652,1.3604221855470797e-08
VG,2019,0.0,0.0,1.8431646276090571e-07
VG,2020,0.0,0.0061367069486404835,1.4211658647670065e-07
VG,2021,0.0,0.6762351122649175,5.2687486909304424e-08
VG,2022,0.0,0.3114438644607626,2.3392570753004936e-08
VG,2023,0.0,0.36990850235313794,2.2283498023358646e-08
VG,2024,0.0,0.4823348365999102,2.471234475702206e-08
AU,2017,0.0,0.8686869810574617,0.05594831995347574
AU,2018,0.0,0.81749422759432,0.054362048492799096
AU,2019,0.0,0.8212297668829422,0.06350729117163166
AU,2020,0.0,0.845245595238972,0.06064230890519321
AU,2021,0.0,0.8547982534292358,0.06486252476056528
AU,2022,0.000359929046378401,0.8440136498316935,0.05651909397017287
AU,2023,0.00032641822277106183,0.8692081494112657,0.06472525348505895
AU,2024,0.000298077888896722,0.8374370552706637,0.05655039457444656
AR,2017,0.0,0.7920277221532813,0.00292241252817688
AR,2018,0.0,0.636988607244365,0.002168022592834075
AR,2019,0.0,0.5873280958721787,0.0037032104358950347
AR,2020,0.0,0.5551758874415381,0.0035114327463227533
AR,2021,0.0,0.6275014706787947,0.0026535184964322825
AR,2022,0.0,0.6400452161576075,0.003353628745232542
AR,2023,0.0,0.599667200639635,0.0026892134081134703
AR,2024,0.0,0.6571858754342026,0.0026894035284134817
SE,2017,0.0,0.4767628062764268,0.004850530733354973
SE,2018,0.0,0.4338224873953864,0.004786650861456087
SE,2019,0.0,0.4457683355913543,0.004891535881920305
SE,2020,0.0,0.46503456422005546,0.005311375797170474
SE,2021,0.0,0.5075179884712088,0.004108243566977546
SE,2022,0.0,0.5248375565367597,0.0037440351360469933
SE,2023,0.0,0.5095628375251013,0.0039181137662871865
SE,2024,0.0,0.5349770197886258,0.00375322917241284
BR,2017,0.0,0.9356518768707953,0.035439662702486
BR,2018,0.0,0.9504045846164069,0.040910165780654754
BR,2019,0.0,0.9216128154136606,0.042455506636206765
BR,2020,0.0,0.8968618038946544,0.0458288049968668
BR,2021,0.0,0.914755349447797,0.0459135792963624
BR,2022,0.0,0.8742111309292055,0.04546327094314869
BR,2023,0.0,0.9123974406276949,0.05281671601423258
BR,2024,0.0,0.9065865578669365,0.04927445182425387
CO,2017,0.0,0.9874364992448479,0.001511470977710482
CO,2018,0.0,0.9939406176525993,0.0030640756597636065
CO,2019,0.0,0.9929615851111467,0.003381697870648609
CO,2020,0.0,0.9716677787311507,0.001863754489677299
CO,2021,0.0,0.9858139447085116,0.0023086175205433027
CO,2022,0.0,0.9533350468352704,0.0011313662929315546
CO,2023,0.0,0.961359297710608,0.001327535241905449
CO,2024,0.0,0.9536983605780545,0.0012637698603409327
AE,2017,0.0,0.5395843387983399,0.006988606774385376
AE,2018,0.0,0.5694639620353471,0.007959716947314748
AE,2019,0.0,0.3324651903967121,0.00794453308908493
AE,2020,0.0,0.6863049338247732,0.00861389646970801
AE,2021,0.0,0.43876694475020317,0.007378832095371033
AE,2022,0.0,0.3024714093805499,0.0072918305677711435
AE,2023,0.0,0.272705752531367,0.007540939050789307
AE,2024,0.0,0.7915442917025495,0.015328403339480474
UA,2017,0.0,0.9464354971359563,0.001302907870120583
UA,2018,0.0,0.9587400275804223,0.001393227862779166
UA,2019,0.0,0.9620584317673365,0.0023939296453160193
UA,2020,0.0,0.9773916038308742,0.0042835417461024785
UA,2021,0.0,0.9785280075322768,0.004088998871149317
UA,2022,0.0,0.9567977018621872,0.0013355699620598799
UA,2023,0.0,0.9553947367420956,0.001300621027081156
UA,2024,0.0,0.9759955426224068,0.0012870605419917397
DK,2017,0.0,0.46960408114339103,0.0025158906196956006
DK,2018,0.0,0.4466211159176978,0.0022722725064335874
DK,2019,0.0,0.41444626366009857,0.0026159325275014406
DK,2020,0.0,0.3847983315977769,0.00311575801685352
DK,2021,0.0,0.4074241669395965,0.0027488516931982927
DK,2022,0.0,0.4512899164132182,0.0022825710794456156
DK,2023,0.0,0.5677034790078029,0.0022161545068495538
DK,2024,0.0,0.6113083060904404,0.0023650364517812353
RU,2017,0.0,0.8112246985774693,0.030133073318548302
RU,2018,0.0,0.8801472667728725,0.037388983902420715
RU,2019,0.0,0.867430472364572,0.03757921177049265
RU,2020,0.0,0.8572724745444386,0.035591563150567614
RU,2021,0.0,0.8555905213873486,0.038651138870842004
RU,2022,0.0,0.8299191447161633,0.05470698050887156
RU,2023,0.0,0.8114002586213559,0.06297975815184935
RU,2024,0.0,0.7950036323665071,0.062049185665977315
SA,2017,0.0,0.9613125432886229,0.017754949538951393
SA,2018,0.0,0.9552470577298611,0.02267926579711483
SA,2019,0.0,0.9727610063190917,0.027098353747957153
SA,2020,0.0,0.9796099083288131,0.018881839943854697
SA,2021,0.0,0.9819094532275895,0.02039053433234817
SA,2022,0.0,0.9851432873765604,0.029007201534188138
SA,2023,0.0,0.9790344778328335,0.022162175058689147
SA,2024,0.0,0.9663362885070462,0.020091691206812874
TH,2017,0.0,0.6803727227342568,0.024674417536391834
TH,2018,0.0,0.6586537800636038,0.023079012499166815
TH,2019,0.0,0.6148642451632372,0.019424030571662625
TH,2020,0.0,0.5841627871019612,0.020047466126094017
TH,2021,0.0,0.5426617744284035,0.01951048577091744
TH,2022,0.07545687739928164,0.5496095566790212,0.017885028235881548
TH,2023,0.07564990920182768,0.5379522668619029,0.020987730952642104
TH,2024,0.07718514600110057,0.5444845949425969,0.02038492508079446
IS,2017,0.0,0.11900330485670677,6.619572484261261e-05
IS,2018,0.0,0.14416651008874679,8.711547337593122e-05
IS,2019,0.0,0.13538165943748062,7.580112021872571e-05
IS,2020,0.0,0.1971322642220452,5.609559163502254e-05
IS,2021,0.0,0.18482793982206122,6.333053206732797e-05
IS,2022,0.0,0.1350164588224732,7.88221410364402e-05
IS,2023,0.0,0.08314335343646495,0.00010314396890755935
IS,2024,0.0,0.10874582894733396,6.99930851053879e-05
NL,2017,0.0,0.47128302183803056,0.00840899884146329
NL,2018,0.0,0.36777095100399276,0.007972756559468087
NL,2019,0.0,0.39097601828937245,0.007513054626027337
NL,2020,0.0,0.33830417407124685,0.008955217280389565
NL,2021,0.0,0.36130786344297616,0.007579565757172739
NL,2022,0.0,0.3730395785158164,0.006749423633524756
NL,2023,0.0,0.2904026164499931,0.00946566934232034
NL,2024,0.0,0.24215560364516622,0.010458350634601432
IT,2017,0.0,0.39365124294137094,0.011672461265523577
IT,2018,0.0,0.4071057883605156,0.010588448619786889
IT,2019,0.0,0.401825998734765,0.01015684972325641
IT,2020,0.0,0.42499464959802047,0.010243751200555977
IT,2021,0.0,0.39697628380275873,0.010270312668446406
IT,2022,0.0,0.3732706119116362,0.009386530664055056
IT,2023,0.0,0.31116596266987806,0.010997996649807404
IT,2024,0.0,0.3934068873035465,0.009143440263555094
FI,2017,0.0,0.7576728497772274,0.0024843945649125807
FI,2018,0.0,0.7319437557832642,0.0024417865741241484
FI,2019,0.0,0.7279745017229267,0.0024034758736804426
FI,2020,0.0,0.728535289016401,0.0021922433761364327
FI,2021,0.0,0.7238182958291346,0.002160113601638599
FI,2022,0.0,0.7576036190232687,0.002154111148129417
FI,2023,0.0,0.7394193439999188,0.0020481059678110866
FI,2024,0.0,0.7149034220659307,0.0018731431831309313
IL,2017,0.0,0.6790241637976503,0.0025256538528669274
IL,2018,0.0,0.6292961428119643,0.0030518982780007708
IL,2019,0.0,0.47454943134101935,0.0027485769847441057
IL,2020,0.0,0.6669658984010454,0.0033536047257549857
IL,2021,0.0,0.5593745024202135,0.0024027042412734178
IL,2022,0.0,0.6101575456248423,0.002621047075075385
IL,2023,0.0,0.4164931794346347,0.001990188091728768
IL,2024,0.0,0.4340255069836054,0.0016289494205558748
ES,2017,0.0,0.5651786548401188,0.0049211120913198216
ES,2018,0.0,0.5784051634201908,0.004729263708854325
ES,2019,0.0,0.5086616631292012,0.004727296490757226
ES,2020,0.0,0.41676461124613423,0.005885721244084771
ES,2021,0.0,0.45422760192713657,0.005239371112059687
ES,2022,0.0,0.5258784873114236,0.004161005651512493
ES,2023,0.0,0.46033896400693386,0.004114415231411211
ES,2024,0.0,0.5170624963551583,0.0039956660814905
CY,2017,0.0,0.07732590057922031,4.071975912818719e-05
CY,2018,0.0,0.09074049105902048,3.62422994737012e-05
CY,2019,0.0,0.10417139017642094,2.923048665347668e-05
CY,2020,0.0,0.03685078605978302,2.0411343116644832e-05
CY,2021,0.0,0.12992989933588625,1.6281833101755787e-05
CY,2022,0.0,0.2836427663961208,1.3764772358802412e-05
CY,2023,0.0,0.18928760968105784,1.518366061684408e-05
CY,2024,0.0,0.2068860687452576,1.3690908371409758e-05
KZ,2017,0.0,0.9727729931628295,0.004739216697836906
KZ,2018,0.0,0.828252438597126,0.004197985217575222
KZ,2019,0.0,0.7914741618933963,0.0056264115713694305
KZ,2020,0.0,0.8357658059597239,0.006745662494608965
KZ,2021,0.0,0.8847446773940472,0.005737346827237049
KZ,2022,0.0,0.8998856488557788,0.007156672236010988
KZ,2023,0.0,0.8773756022133726,0.008054245373537
KZ,2024,0.0,0.8822898185890401,0.007658553851830005
BG,2017,0.0,0.9031020381378837,0.0005823584786725349
BG,2018,0.0,0.905395554334462,0.0006011323077095398
BG,2019,0.0,0.8777973929806024,0.0006177893842567827
BG,2020,0.0,0.8865112434802328,0.0007232343133957851
BG,2021,0.0,0.8597546268358291,0.0007291555885161804
BG,2022,0.0,0.8668475605085714,0.0004947187226809807
BG,2023,0.0,0.8846275852041712,0.0006298924265519632
BG,2024,0.0,0.8673195858731647,0.0005093840569513318
UZ,2017,0.0,0.5680025939192949,0.0008870740169777116
UZ,2018,0.0,0.39771694969770327,0.0009992221016130866
UZ,2019,0.0,0.486188444769596,0.0012562181107524195
UZ,2020,0.0,0.6255650617157733,0.0008675946627572847
UZ,2021,0.0,0.6361995214618831,0.000900419161111868
UZ,2022,0.0,0.49611385162860616,0.0009409651961804799
UZ,2023,0.0,0.6045187067757909,0.0008846222014140127
UZ,2024,0.0,0.5705065768450224,0.0008396673207864976
AM,2017,0.0,0.9033797190789098,9.726267995069543e-05
AM,2018,0.0,0.7956325245600464,8.093605669128165e-05
AM,2019,0.0,0.8359255204515905,0.0001434293459680741
AM,2020,0.0,0.9033837763694182,0.00019489263345604408
AM,2021,0.0,0.9021952968878147,0.00022728131254440726
AM,2022,0.0,0.8993935579247292,0.00021348439062779772
AM,2023,0.0,0.978907198292156,0.00022641137812491396
AM,2024,0.0,0.989274826720446,0.0005796785204755661
TN,2017,0.0,0.5529110097167428,8.383938299125856e-05
TN,2018,0.0,0.7315606945529601,0.00010018567580973096
TN,2019,0.0,0.6072737443223508,5.792779645415918e-05
TN,2020,0.0,0.5731826056376212,6.58594646954642e-05
TN,2021,0.0,0.6487307968942236,6.593327679703165e-05
TN,2022,0.0,0.6210970386296986,4.594073292778733e-05
TN,2023,0.0,0.4120455563775481,3.449562684278786e-05
TN,2024,0.0,0.2792944297265189,0.0002131855889552041
GR,2017,0.0,0.6798206249476497,0.0003408120937079282
GR,2018,0.0,0.4351659841952372,0.00046477464269785516
GR,2019,0.0,0.4078376215682941,0.000515833444672962
GR,2020,0.0,0.3512788359775336,0.0005470098347191959
GR,2021,0.0,0.4574456493968682,0.0004109969223391451
GR,2022,0.0,0.5976983588667709,0.00031511810757594357
GR,2023,0.0,0.6918178138942821,0.00028525765290719616
GR,2024,0.0,0.551109203235361,0.0003406943950444674
CZ,2017,0.0,0.5577845394763024,0.0022109395302779495
CZ,2018,0.0,0.5282981459132768,0.0017945294455864946
CZ,2019,0.0,0.572016578489845,0.001696833136736922
CZ,2020,0.0,0.5520389616941319,0.0018210099878944654
CZ,2021,0.0,0.5553378069749931,0.0016572798978171765
CZ,2022,0.0,0.5531724503071902,0.0014496421093688082
CZ,2023,0.0,0.5156534240555184,0.001411700153946841
CZ,2024,0.0,0.4508691435754294,0.0017636207680971345
NZ,2017,0.0,0.4295847340508645,0.005448068742629945
NZ,2018,0.0,0.41240499587060103,0.005553262323211367
NZ,2019,0.0,0.34910599144738463,0.006438163303306615
NZ,2020,0.0,0.339520297140922,0.006581922963421295
NZ,2021,0.0,0.3397438221938043,0.006807961857025589
NZ,2022,0.0,0.34921499814176177,0.00643905791202903
NZ,2023,0.0,0.3472949678647988,0.00562765439888201
NZ,2024,0.0,0.33301318950515496,0.005261712893870832
PL,2017,0.0,0.6874618288329715,0.001998737365813882
PL,2018,0.0,0.6732336825235833,0.0018988721734229104
PL,2019,0.0,0.6522460810884307,0.002075946481308128
PL,2020,0.0,0.6253443343203519,0.002302886537179897
PL,2021,0.0,0.6415422514748653,0.002271422531731172
PL,2022,0.0,0.6493635890344307,0.0016443064234952151
PL,2023,0.0,0.6662255536026145,0.0020324552086844567
PL,2024,0.0,0.6573353672548428,0.0020535938881454732
VN,2017,0.0,0.6187031640077693,0.02677716732014092
VN,2018,0.0,0.6419820922646166,0.027341399170651776
VN,2019,0.0,0.664846681755025,0.027638042842728125
VN,2020,0.0,0.7235644720561704,0.03291561901009407
VN,2021,0.0,0.7128378353597142,0.02936257088589492
VN,2022,0.0039290550682327665,0.6784604096105068,0.029949263496936357
VN,2023,0.003961547905113846,0.4452483835810129,0.032380085878136476
VN,2024,0.004026331554893308,0.494737880088146,0.04654008383832758
CL,2017,0.0,0.91274076278667,0.0130231181998952
CL,2018,0.0,0.902330507224285,0.01431389709612138
CL,2019,0.0,0.8536254904548896,0.014089004724608327
CL,2020,0.0,0.8914595414341485,0.019895334754034495
CL,2021,0.0,0.9170931652149703,0.016939459881977793
CL,2022,0.0,0.9098953955769828,0.018853067939745706
CL,2023,0.0,0.9012798211000359,0.018696766210528837
CL,2024,0.0,0.8848096241240735,0.01801385003312152
NO,2017,0.0,0.6741334459305439,0.0017654367088421987
NO,2018,0.0,0.6086973073030243,0.0015954551482719515
NO,2019,0.0,0.7162426343977215,0.002441919840370373
NO,2020,0.0,0.8570142752648594,0.0038485662867378894
NO,2021,0.0,0.900605629378881,0.004373800730290197
NO,2022,0.0,0.7822261942104789,0.00310613380689112
NO,2023,0.0,0.6471289724793884,0.0016075832483784683
NO,2024,0.0,0.6077608792080257,0.0019555433854301957
PH,2017,0.0,0.48365886104405664,0.006724940578199851
PH,2018,0.0,0.46049366557781907,0.006052516012365337
PH,2019,0.0,0.5173183351979346,0.006837874668619939
PH,2020,0.0,0.6250027300941032,0.006947141010198356
PH,2021,0.0,0.6504096973274037,0.00643944122567943
PH,2022,0.0,0.6891500278767535,0.006054756505140721
PH,2023,0.030693410796892605,0.6568617574190142,0.005985250013890533
PH,2024,0.030872565104478684,0.677508569825549,0.005331797821937799
BD,2017,0.0,0.2806061243736457,0.0006599234220240201
BD,2018,0.0,0.24570850952928022,0.0005131118542939095
BD,2019,0.0,0.23131419493307462,0.0005498551881037491
BD,2020,0.0,0.3242398450221745,0.00042792757287295766
BD,2021,0.0,0.4561769641270084,0.0004339066697446949
BD,2022,0.0,0.46584212354104004,0.0004033029610413017
BD,2023,0.0,0.4340916995599944,0.0004345509469158147
BD,2024,0.0,0.43668502463379966,0.0005018400827529887
PA,2017,0.0,0.9658458791115034,3.712187475274234e-05
PA,2018,0.0,0.7392769541575588,4.255842462568411e-05
PA,2019,0.0,0.939276465364303,0.00023567630895160888
PA,2020,0.0,0.8727448563982029,0.00015019121431969086
PA,2021,0.0,0.9770355284504667,0.0006023307526566437
PA,2022,0.0,0.9773358985473969,0.0006433689250296953
PA,2023,0.0,0.9838202770352737,0.0006895054636237639
PA,2024,0.0,0.8505932895322585,3.398016279841411e-05
LK,2017,0.0,0.24875999783198802,0.0002433537426994926
LK,2018,0.0,0.34622873069155435,0.0001687783529495372
LK,2019,0.0,0.3388397851044981,0.00020692806077337306
LK,2020,0.0,0.36095182848734,0.00016976726894357455
LK,2021,0.0,0.4997316816667678,0.0002488455895754369
LK,2022,0.0,0.3740690983242446,0.0001473773990803196
LK,2023,0.0,0.3685231130979737,0.00014982746659806357
LK,2024,0.0,0.3345574112092634,0.0001553170271126087
SG,2017,0.0,0.6759472115497793,0.02622538035595455
SG,2018,0.0,0.651509297662542,0.022351002963376852
SG,2019,0.0,0.671638746245342,0.023597967008878836
SG,2020,0.0,0.654204635274536,0.02179264671187826
SG,2021,0.0,0.6340064596184748,0.020708702705213976
SG,2022,0.04171738247933307,0.6161876578241012,0.01810562667090222
SG,2023,0.04224740889626385,0.5955098428211513,0.018217274042783765
SG,2024,0.04279668237909455,0.5777258763371178,0.017944936955178507
IE,2017,0.0,0.6530036987433243,0.0037531234071254927
IE,2018,0.0,0.6458776393811331,0.003653131067721619
IE,2019,0.0,0.7597659844026167,0.007118865065609651
IE,2020,0.0,0.7207938584518047,0.00755604563723223
IE,2021,0.0,0.6889862988675198,0.0073433308013259565
IE,2022,0.0,0.6421736995679006,0.007473279604192208
IE,2023,0.0,0.3932716266433255,0.007192268808530764
IE,2024,0.0,0.5364771222758182,0.005473672077719866
LI,2017,,,
LI,2018,,,
LI,2019,,,
LI,2020,,,
LI,2021,,,
LI,2022,,,
LI,2023,,,
LI,2024,,,
SI,2017,0.0,0.44472813002174444,0.0002967759601438467
SI,2018,0.0,0.4760175988296813,0.00030846938544020153
SI,2019,0.0,0.5583357051789554,0.0002723582087694397
SI,2020,0.0,0.5444795931588927,0.0002712537571535151
SI,2021,0.0,0.5852629338889517,0.00026183846313326955
SI,2022,0.0,0.5957580299977511,0.00018470729525616456
SI,2023,0.0,0.545020006170122,0.00015824618375644524
SI,2024,0.0,0.6049578906410213,0.00017054337615443846
TR,2017,0.0,0.8335208343182273,0.0020892388111186165
TR,2018,0.0,0.8307277704312764,0.0017787228766305689
TR,2019,0.0,0.7920449042035207,0.0016889411175017887
TR,2020,0.0,0.813561136314575,0.0018605099466744472
TR,2021,0.0,0.7959777242374306,0.0019214968004066409
TR,2022,0.0,0.7987663573311966,0.0016440239208990208
TR,2023,0.0,0.811773996397261,0.0017199071283880685
TR,2024,0.0,0.8434537603316467,0.0016927240474013145
AT,2017,0.0,0.4826032050391237,0.0032260670654526875
AT,2018,0.0,0.4741907241446695,0.003260078966778434
AT,2019,0.0,0.4427629518866257,0.0036624546915668536
AT,2020,0.0,0.4409530251723176,0.0032828460594168983
AT,2021,0.0,0.4329565006556837,0.0032530252630644367
AT,2022,0.0,0.45442105041129444,0.003102122268679928
AT,2023,0.0,0.4335186294263616,0.00307844568659092
AT,2024,0.0,0.41640108788806096,0.0031762729744417278
BE,2017,0.0,0.61314826589445,0.005328710761278933
BE,2018,0.0,0.578810062309642,0.003632306944390208
BE,2019,0.0,0.5549435968405872,0.003640342992651319
BE,2020,0.0,0.5274569899849471,0.005187037651506944
BE,2021,0.0,0.5208398760751939,0.0035707989872221643
BE,2022,0.0,0.4942790311327743,0.003575172740020992
BE,2023,0.0,0.4195129335802376,0.003277352424764944
BE,2024,0.0,0.454351246738351,0.003296683077498307
SN,2017,0.0,0.8750961041856429,9.016427305810378e-05
SN,2018,0.0,0.849317036193973,6.773039681349622e-05
SN,2019,0.0,0.8922656070155598,0.0001601607514989757
SN,2020,0.0,0.9309062157007095,0.00016912740417457034
SN,2021,0.0,0.9605526921336233,0.00018344271051824664
SN,2022,0.0,0.8759887600842972,0.00011174099785071397
SN,2023,0.0,0.8523358432015339,0.00014440494751868287
SN,2024,0.0,0.9718355860130948,0.0003811688613723419
ZA,2017,0.0,0.9545877082830981,0.013378592756386818
ZA,2018,0.0,0.9381451111120482,0.012789781381444237
ZA,2019,0.0,0.9500131979659502,0.01023087650704157
ZA,2020,0.0,0.7687949676283379,0.010344222453464289
ZA,2021,0.0,0.8027980841491517,0.012257423397521153
ZA,2022,0.0,0.8518133358342251,0.011698815041508303
ZA,2023,0.0,0.9032837933805744,0.011511947975988661
ZA,2024,0.0,0.9720598752810165,0.01153759236765977
MH,2017,0.0,0.008997601766199197,1.0988660293415822e-05
MH,2018,0.0,0.0028595986806190152,1.7430354552903002e-05
MH,2019,0.0,0.009405365393772699,2.374927315289019e-05
MH,2020,0.0,0.020359734492458637,4.121309224994103e-06
MH,2021,0.0,0.0744437337159447,1.1483373560069273e-06
MH,2022,0.0,0.639703940559715,7.249099598538579e-08
MH,2023,0.0,0.12911275516170137,4.4159378224110786e-07
MH,2024,0.0,0.009728747190497385,3.274266045661452e-06
MM,2017,0.0,0.43745942942248356,0.003370428623864051
MM,2018,0.0,0.5234983690127458,0.0035696113666000345
MM,2019,0.0,0.3797017864094916,0.004226246329721512
MM,2020,0.0,0.4523091985452788,0.00440891035441979
MM,2021,0.0,0.42580519991337623,0.003339918081776901
MM,2022,4.679549948624796e-05,0.23925235092085598,0.003992883190149126
MM,2023,8.054256906023268e-05,0.39435459420753294,0.0028563224788359315
MM,2024,0.0001586510636915583,0.41828509920667234,0.0024440249037963493
LT,2017,0.0,0.5989248520643564,0.00015314730694561187
LT,2018,0.0,0.5834351277247248,0.00017071764216684793
LT,2019,0.0,0.713097904678018,0.00022948465402755516
LT,2020,0.0,0.6515971901431054,0.00025994161901243156
LT,2021,0.0,0.626986543607832,0.00017655420975755238
LT,2022,0.0,0.7072554541276536,4.778691960449143e-05
LT,2023,0.0,0.7523266804113776,7.3935704720297e-05
LT,2024,0.0,0.6615280011853966,0.00011267454916132973
ET,2017,0.0,0.9169349351130316,0.00021509602474969238
ET,2018,0.0,0.9141934742542682,0.00010269812952118238
ET,2019,0.0,0.9408708030288058,0.00012458241732110997
ET,2020,0.0,0.8718940669497294,7.940426688823361e-05
ET,2021,0.0,0.6745786990453883,6.461456311658295e-05
ET,2022,0.0,0.9422147908683688,6.935714431768418e-05
ET,2023,0.0,0.6736697297398752,0.00010533978115088316
ET,2024,0.0,0.8713421500705206,0.00017294982305650063
RS,2017,0.0,0.5818328072197598,8.826232330997928e-05
RS,2018,0.0,0.4949507018562973,0.00011733923487646858
RS,2019,0.0,0.8574141108801052,0.0001931487387033046
RS,2020,0.0,0.8233016289238523,0.0002686077112125682
RS,2021,0.0,0.9149129495101417,0.0005130747700063744
RS,2022,0.0,0.9256950290904715,0.0005724740342800109
RS,2023,0.0,0.9513457711706893,0.0007053264065184987
RS,2024,0.0,0.9718563327103816,0.0009817458264457775
MX,2017,0.0,0.6574951925683487,0.006367461801972455
MX,2018,0.0,0.712691229523085,0.005448181916054196
MX,2019,0.0,0.698952146150685,0.005465258735908423
MX,2020,0.0,0.7457032702973175,0.0056403926557379944
MX,2021,0.0,0.7994160770248794,0.004779059599919148
MX,2022,0.0,0.8449193637904753,0.006242843048472232
MX,2023,0.0,0.8583238805084229,0.0053704547677113235
MX,2024,0.0,0.8548959488792048,0.004919189512241008
SC,2017,0.0,0.0040416798768541365,8.845542301318548e-07
SC,2018,0.0,0.040574306905167966,1.6566203605022227e-08
SC,2019,0.0,0.0010068583102290968,4.552672301278399e-08
SC,2020,0.0,0.029265554842847978,2.5101181078229947e-08
SC,2021,0.0,0.8425075209366615,6.420833926176008e-09
SC,2022,0.0,0.7836470673740824,3.5594353378593616e-08
SC,2023,0.0,0.013976923672594925,2.0623641198378777e-06
SC,2024,0.0,0.8471801128564892,8.658326275022636e-08
PK,2017,0.0,0.7672911230440473,0.0013382544117802584
PK,2018,0.0,0.7596860478009824,0.0013879977362773446
PK,2019,0.0,0.6886270724378286,0.0012107607108615731
PK,2020,0.0,0.7208518657388919,0.0013678520731513538
PK,2021,0.0,0.7472558265686492,0.0018056015875139956
PK,2022,0.0,0.7049083301374925,0.0013476248162445203
PK,2023,0.0,0.8116962726964643,0.0016645371485024935
PK,2024,0.0,0.8162391455994097,0.001349170750928605
TZ,2017,0.0,0.9224112764823215,0.0001585704019253606
TZ,2018,0.0,0.773735245026313,0.00020087221169486975
TZ,2019,0.0,0.9246393560005023,0.00019013762662074992
TZ,2020,0.0,0.8938035861578426,0.0002180858564252997
TZ,2021,0.0,0.8515834736046646,0.00018263293576328843
TZ,2022,0.0,0.9188076212696294,0.00021807539942758094
TZ,2023,0.0,0.8934197493357334,0.00028852025694191307
TZ,2024,0.0,0.8837509216923085,0.0002951262996759193
CW,2017,0.0,0.40002352848907885,3.834626431072134e-08
CW,2018,0.0,0.7194128711178308,7.300943346603954e-08
CW,2019,0.0,0.0,3.7568016728045165e-09
CW,2020,0.0,0.7291237703042782,1.1729448630847027e-08
CW,2021,0.0,1.0,2.7528300912859657e-09
CW,2022,0.0,0.8808503487101924,6.157546326893562e-09
CW,2023,0.0,0.7757954207552781,2.5063944526524088e-08
CW,2024,0.0,1.0,1.2784691524884423e-07
MU,2017,0.0,0.385657843506399,1.676733150116483e-05
MU,2018,0.0,0.4053398041330363,1.9790975818336266e-05
MU,2019,0.0,0.499991677633571,2.0634757678580957e-05
MU,2020,0.0,0.5911950447872827,1.427945652450794e-05
MU,2021,0.0,0.6350352416791206,1.478501241072996e-05
MU,2022,0.0,0.6037108943232887,1.2409218621594966e-05
MU,2023,0.0,0.4449481425405193,1.2266694882423848e-05
MU,2024,0.0,0.5508130714435082,8.274612283522363e-06
JO,2017,0.0,0.8748413847160764,0.0001631845217018256
JO,2018,0.0,0.9075685803995253,0.0001102111252675112
JO,2019,0.0,0.9394816904210175,0.00022527997848374156
JO,2020,0.0,0.9331630571490052,0.00022087487296714266
JO,2021,0.0,0.8959366606715523,0.00015895009729555964
JO,2022,0.0,0.9620232172912212,0.0002858611794179125
JO,2023,0.0,0.9562738409623412,0.0002829818124610641
JO,2024,0.0,0.9368915552066132,0.000186617667030567
NG,2017,0.0,0.7276025938541301,0.0006612516461862571
NG,2018,0.0,0.4266168213734907,0.0007791376891446335
NG,2019,0.0,0.652251111189583,0.0011364018238155396
NG,2020,0.0,0.6760304231391351,0.0013298221388505485
NG,2021,0.0,0.5230160070755864,0.0009940247588732713
NG,2022,0.0,0.6509395543096396,0.0004712784644454233
NG,2023,0.0,0.5826647173432972,0.0009988723772098005
NG,2024,0.0,0.4048210469172832,0.0012544199322632795
NP,2017,0.0,0.1538852321198241,1.3438258182791228e-05
NP,2018,0.0,0.28800876740541015,1.44458898637983e-05
NP,2019,0.0,0.1881929322586218,2.1446419496402775e-05
NP,2020,0.0,0.2071470085310597,1.0569845311168962e-05
NP,2021,0.0,0.20936209571150227,1.3395250863800475e-05
NP,2022,0.0,0.3069714146140055,1.00575372827916e-05
NP,2023,0.0,0.10148485011709,1.4113163160486642e-05
NP,2024,0.0,0.1694376953902537,1.3415036164295646e-05
SK,2017,0.0,0.23842256632501171,0.0010665875414481902
SK,2018,0.0,0.22160612427768706,0.0010985287337778793
SK,2019,0.0,0.12948851280331827,0.0012917624948696864
SK,2020,0.0,0.11711545518746765,0.0016017467642470455
SK,2021,0.0,0.15692412412080267,0.001424081656555463
SK,2022,0.0,0.13793915594657183,0.0014477903342829052
SK,2023,0.0,0.12066644089842904,0.001664995475004338
SK,2024,0.0,0.1389535712370956,0.001482581692299957
JE,2017,,,
JE,2018,,,
JE,2019,,,
JE,2020,,,
JE,2021,,,
JE,2022,,,
JE,2023,,,
JE,2024,,,
KH,2017,0.0,0.4774919809202011,0.0006045297207434224
KH,2018,0.0,0.49762879580608316,0.0007186872915494695
KH,2019,0.0,0.41263449379789807,0.0007652877104908484
KH,2020,0.0,0.36025960274139224,0.0008012577805210658
KH,2021,0.0,0.372701072912212,0.0006915240164090035
KH,2022,0.0,0.3589312544230712,0.00075540352727238
KH,2023,0.0,0.4818249573074069,0.0008742632771870347
KH,2024,0.0,0.5373717697100173,0.0010716056702908686
PT,2017,0.0,0.48010544503810926,0.0007780959720938176
PT,2018,0.0,0.5539599617947988,0.0006237108533054947
PT,2019,0.0,0.6304603148827164,0.0004854093267962864
PT,2020,0.0,0.7046697747394294,0.0004636809529529066
PT,2021,0.0,0.7585743730415394,0.00047369285580904207
PT,2022,0.0,0.7205765683285089,0.0003732124348060945
PT,2023,0.0,0.7765392886497472,0.00047858781886928774
PT,2024,0.0,0.763090339534245,0.00036867743265347997
IR,2017,0.0,0.8079697341811907,0.006871824791795536
IR,2018,0.0,0.7888981054319817,0.006096938526826958
IR,2019,0.0,0.981482087162623,0.008947255038599484
IR,2020,0.0,0.9390958522011007,0.004360513264027378
IR,2021,0.0,0.838591970597149,0.0035524805030830386
IR,2022,0.0,0.7437512914877206,0.0034655062775280562
IR,2023,0.0,0.9519161129463161,0.001953120730206677
IR,2024,0.0,0.9078588154403288,0.0018772064103391316
GE,2017,0.0,0.8200330978630697,5.5873247623316436e-05
GE,2018,0.0,0.8307626724582038,4.1253457466681425e-05
GE,2019,0.0,0.8538086463980732,5.6930526046387486e-05
GE,2020,0.0,0.9338679915135023,8.42435667653425e-05
GE,2021,0.0,0.9383672306627475,0.0001058339175281517
GE,2022,0.0,0.9487152844542887,0.00010095361308478496
GE,2023,0.0,0.8740925597178413,1.529805339233445e-05
GE,2024,0.0,0.8363877262346702,0.0001601109299073557
MA,2017,0.0,0.7827182545053006,0.00037238529739740665
MA,2018,0.0,0.8235488335277318,0.00034594385092431395
MA,2019,0.0,0.7677503113563129,0.00032314486667478465
MA,2020,0.0,0.706359397072292,0.00029766467165104874
MA,2021,0.0,0.7917208385620081,0.0003304976582752614
MA,2022,0.0,0.89324560550676,0.00023896310972297725
MA,2023,0.0,0.8051668860764257,0.00023753274464842302
MA,2024,0.0,0.8927811580823047,0.0005222063121698582
LB,2017,0.0,0.7943134794230686,1.3712603666974967e-05
LB,2018,0.0,0.8507496499095656,2.4748436393729517e-05
LB,2019,0.0,0.62444567458714,1.352753398073018e-05
LB,2020,0.0,0.5144338357168146,1.6775668218428576e-05
LB,2021,0.0,0.6777843503193564,1.9026296113983713e-05
LB,2022,0.0,0.7314294450095208,2.502094658125784e-05
LB,2023,0.0,0.6576718182861139,2.545143166092129e-05
LB,2024,0.0,0.7916341336778617,3.267455427605144e-05
PE,2017,0.0,0.9779766274384624,0.008113976614282568
PE,2018,0.0,0.9717838694493177,0.007924649442209837
PE,2019,0.0,0.9559934247301872,0.008169855772206185
PE,2020,0.0,0.962561725999714,0.007817059823218135
PE,2021,0.0,0.973144863613371,0.009974850216095565
PE,2022,0.0,0.957673354965785,0.009853848716912285
PE,2023,0.0,0.9572815775925987,0.011194063823319146
PE,2024,0.0,0.9774164205875132,0.012584715777287479
HU,2017,0.0,0.34858015009805476,0.0023777240453170525
HU,2018,0.0,0.3947562923938611,0.001607010766174611
HU,2019,0.0,0.5298619581036548,0.0011427590072079939
HU,2020,0.0,0.46983825362088966,0.0014143493678805406
HU,2021,0.0,0.5110457609282736,0.0013514758062288972
HU,2022,0.0,0.40258454861911,0.0014300908308379154
HU,2023,0.0,0.4283690789643653,0.00129467991666615
HU,2024,0.0,0.4477004407153367,0.0011432311038256108
BS,2017,0.0,0.9882210634505546,1.2634079082014001e-05
BS,2018,0.0,0.9778170069839682,6.766969261388236e-06
BS,2019,0.0,0.6589812680666713,4.176608016804806e-05
BS,2020,0.0,0.7536468567444399,3.913802371222331e-05
BS,2021,0.0,0.9923946789069844,7.200849089531008e-06
BS,2022,0.0,0.9859100591732743,3.6518347505799973e-06
BS,2023,0.0,0.13675820833400035,2.660327807210195e-07
BS,2024,0.0,0.8784511214800497,1.8417449731059435e-07
RO,2017,0.0,0.7214140615833842,0.0007890526122565627
RO,2018,0.0,0.7407603919123016,0.0006424230468546709
RO,2019,0.0,0.7653301011045656,0.0006317587446875445
RO,2020,0.0,0.7867701293759849,0.0007858561477078605
RO,2021,0.0,0.7560153887964045,0.0007624848395821645
RO,2022,0.0,0.7342299469079884,0.000674504902359595
RO,2023,0.0,0.6956480953691995,0.0005829131772971871
RO,2024,0.0,0.7414714867827336,0.0004445425135616882
IM,2017,,,
IM,2018,,,
IM,2019,,,
IM,2020,,,
IM,2021,,,
IM,2022,,,
IM,2023,,,
IM,2024,,,
OM,2017,0.0,0.9893925180563254,0.007955291918655603
OM,2018,0.0,0.9800871977839483,0.00980547697050725
OM,2019,0.0,0.9217608534583248,0.010327221356737495
OM,2020,0.0,0.8889299277319695,0.008240471661010955
OM,2021,0.0,0.8930540899160494,0.01169632981357936
OM,2022,0.0,0.8806044982764153,0.014659510414660815
OM,2023,0.0,0.902361364208684,0.012749806486156746
OM,2024,0.0,0.9134004442191416,0.01307745826123401
EC,2017,0.0,0.7387150781453712,0.000668937520374332
EC,2018,0.0,0.4980862920236072,0.0010403778274800846
EC,2019,0.0,0.18332152011083996,0.0019349313258499362
EC,2020,0.0,0.3704404359641457,0.002313961520950768
EC,2021,0.0,0.40846867704835627,0.0022718116204846757
EC,2022,0.0,0.2907241602634912,0.002843778802653525
EC,2023,0.0,0.468846215146764,0.003291357830318467
EC,2024,0.0,0.5725524482483558,0.0032754719169202982
CG,2017,0.0,0.9978312542292679,0.002381345971105532
CG,2018,0.0,0.9992071813330602,0.004477712396138628
CG,2019,0.0,0.9936417188152398,0.002239881852548461
CG,2020,0.0,0.9980360423172994,0.0018122924931500857
CG,2021,0.0,0.9954276416594277,0.0005657798451663474
CG,2022,0.0,0.9979834122947415,0.002310077969918542
CG,2023,0.0,0.9982095758548559,0.00233403023742545
CG,2024,0.0,0.9999664491561703,0.001778918552490216
LA,2017,0.0,0.8062897248279938,0.0009942197055983863
LA,2018,0.0,0.8686141598239386,0.0011232270786448474
LA,2019,0.0,0.746056294235169,0.0012319490071915815
LA,2020,0.0,0.7627771896821403,0.0012080148444571577
LA,2021,0.0,0.842517097919219,0.00121399008062849
LA,2022,4.24555414369243e-05,0.8452225639384114,0.0014836889043913161
LA,2023,4.2229615423887936e-05,0.8667814212958329,0.0013280081754667612
LA,2024,5.77025174627149e-05,0.8942811093506495,0.0020636805934406096
AZ,2017,0.0,0.9923046089939638,0.00034715992296390565
AZ,2018,0.0,0.9833409264340014,7.624523886425563e-05
AZ,2019,0.0,0.9933263400494359,0.00046230159578921715
AZ,2020,0.0,0.9957418031423727,0.0002914327956016261
AZ,2021,0.0,0.9908977534049528,8.548430210749791e-05
AZ,2022,0.0,0.9818282167799471,0.00010076690609777293
AZ,2023,0.0,0.9464826489306013,4.191548017344677e-05
AZ,2024,0.0,0.9134256280135041,1.0391544403551554e-05
QA,2017,0.0,0.16811945331961156,0.004352026369580346
QA,2018,0.0,0.1756839396777338,0.0026986766007227312
QA,2019,0.0,0.13059005693015796,0.005291224792786848
QA,2020,0.0,0.34224284456154225,0.002294899723889494
QA,2021,0.0,0.19075026700334127,0.006495623487555352
QA,2022,0.0,0.2678799564800865,0.005701700601366005
QA,2023,0.0,0.23346759567035102,0.008828932450901108
QA,2024,0.0,0.346147013129647,0.004693030347408774
SB,2017,0.0,0.994967631916657,0.0002457233631924223
SB,2018,0.0,0.9970074156264224,0.00032956043996496356
SB,2019,0.0,0.9999955109007164,0.00024506809855414356
SB,2020,0.0,0.9999915831620693,0.00019065535604993159
SB,2021,0.0,1.0,0.0001339165192869706
SB,2022,0.0,1.0,0.00012480750362821083
SB,2023,0.0,0.9999956684530003,0.00012990518145156884
SB,2024,0.0,0.9999893128415809,0.00016764181401571402
MW,2017,0.0,0.9561774497418776,2.0669351480485184e-05
MW,2018,0.0,0.9528781687096328,1.7996169941926398e-05
MW,2019,0.0,0.8455377857275205,1.0559100626710603e-05
MW,2020,0.0,0.947092126810281,8.412568661164358e-06
MW,2021,0.0,0.9546270887812113,5.336444400761099e-06
MW,2022,0.0,0.9081335651593799,6.527074646525975e-06
MW,2023,0.0,0.9839226841742745,7.993121989726542e-06
MW,2024,0.0,0.9613545655771293,7.621857672038748e-06
IQ,2017,0.0,0.9999241429047733,0.00830895420101254
IQ,2018,0.0,0.9976761610341071,0.011824385435993765
IQ,2019,0.0,0.9968002509800308,0.012716520428765896
IQ,2020,0.0,0.9991018140979565,0.010360137045040484
IQ,2021,0.0,0.9967494280688108,0.011131569928767168
IQ,2022,0.0,0.9946975516617065,0.0163019782463556
IQ,2023,0.0,0.9929043924505707,0.015104010968925972
IQ,2024,0.0,0.9685016453026698,0.01617394396016664
TG,2017,0.0,0.8611740806740972,4.378439720334563e-05
TG,2018,0.0,0.9816035243539682,7.620180194067952e-05
TG,2019,0.0,0.9758999349923274,9.537465948383694e-05
TG,2020,0.0,0.9743141647377048,8.763590994474203e-05
TG,2021,0.0,0.9913748816324176,0.0002206490181449437
TG,2022,0.0,0.9469470482603815,7.877096422589607e-05
TG,2023,0.0,0.985420957922627,7.06788814377489e-05
TG,2024,0.0,0.9206575952194613,1.9050289531875155e-05
KM,2017,0.0,0.5659232589925659,2.2553485952094195e-08
KM,2018,0.0,0.24839930666100676,1.857414864198522e-08
KM,2019,0.0,0.7851840151634812,1.6823562433616546e-08
KM,2020,0.0,1.0,6.298641461067065e-08
KM,2021,0.0,1.0,4.7420408815053696e-08
KM,2022,0.0,0.9627122019216409,3.117888406057751e-08
KM,2023,0.0,0.7638754405670243,2.7489315820497235e-08
KM,2024,0.0,0.9172809903529805,9.472000310506691e-08
LY,2017,0.0,0.9999781450601211,0.0010832221263956088
LY,2018,0.0,0.9960761387589114,0.003202090391272796
LY,2019,0.0,0.9567417872675991,0.004366725902113707
LY,2020,0.0,1.0,0.0004438747283611035
LY,2021,0.0,0.9999879425313858,0.0013679496394408677
LY,2022,0.0,0.9999907232343948,0.0012141883969647995
LY,2023,0.0,0.9999641913393545,0.0009366142837588647
LY,2024,0.0,0.9970885416905721,0.0004908048691044479
SD,2017,0.0,0.9677106380105828,0.00044554847500845784
SD,2018,0.0,0.9999403835799539,0.00043774374508771623
SD,2019,0.0,0.999968305288145,0.0003951657708131094
SD,2020,0.0,0.9998636955268044,0.00041125342704421714
SD,2021,0.0,0.9998217079401168,0.00032567193407370053
SD,2022,0.0,0.999961629148034,0.0003631140195077875
SD,2023,0.0,0.9994308365937336,0.0003756250059264398
SD,2024,0.0,1.0,0.00023698390232019287
KW,2017,0.0,0.9189977233406418,0.005230056206367129
KW,2018,0.0,0.8969956071344167,0.007815423241579059
KW,2019,0.0,0.9058061718082493,0.006993990572404216
KW,2020,0.0,0.9416443939907693,0.005624251572560777
KW,2021,0.0,0.9396013474629606,0.007168236438300478
KW,2022,0.0,0.9649949264227806,0.010578418433656128
KW,2023,0.0,0.9292262646414372,0.006882450983499239
KW,2024,0.0,0.8970204277452482,0.004548321548657079
SY,2017,0.0,0.7386037718624237,7.906358817068175e-07
SY,2018,0.0,0.7347812518575759,4.421421381783824e-07
SY,2019,0.0,0.8396259659997383,7.257974748672083e-07
SY,2020,0.0,0.20399184774429338,6.909258416529811e-07
SY,2021,0.0,0.23792074980867658,5.245898060720773e-07
SY,2022,0.0,0.7656531242508425,9.172550262141904e-07
SY,2023,0.0,0.06378585515929105,6.44031900945155e-07
SY,2024,0.0,0.07667870916055469,1.178820624602394e-06
MR,2017,0.0,0.966452355631328,0.00047346550652709735
MR,2018,0.0,0.9853689047437793,0.00045266912381610033
MR,2019,0.0,0.9642816708619627,0.0004937143112096788
MR,2020,0.0,0.9632548827985106,0.0006850500050870932
MR,2021,0.0,0.9734534831284374,0.0007340602510211649
MR,2022,0.0,0.9743263026360851,0.0004909390069569323
MR,2023,0.0,0.9507589650218583,0.0005063120965264885
MR,2024,0.0,0.9584160671511398,0.0005788349367227127
GN,2017,0.0,0.9914379734494826,0.0008822256746219479
GN,2018,0.0,0.9999600985505405,0.0011498946676421612
GN,2019,0.0,0.9999470554395492,0.0013053126932263438
GN,2020,0.0,0.9999621349034212,0.0013088838332812134
GN,2021,0.0,0.9999871023888962,0.0011668413364145692
GN,2022,0.0,0.999982708186186,0.0018748526527080796
GN,2023,0.0,0.9999855081071111,0.002731510931112222
GN,2024,0.0,0.999992019705114,0.003227389083377081
YE,2017,0.0,0.9988841732149434,0.0003969436256237456
YE,2018,0.0,0.9987030572536253,0.00037681534947459246
YE,2019,0.0,0.9996460746633545,0.0004589198916638757
YE,2020,0.0,0.9997177867291116,0.00036173085432771317
YE,2021,0.0,0.9994157451012695,0.0002030361987418809
YE,2022,0.0,0.9990207679426409,0.00026210191413077486
YE,2023,0.0,0.9455702251698866,7.188420952181756e-06
YE,2024,0.0,0.921938657731967,8.438369663116867e-06
PG,2017,0.0,0.5530772072831465,0.0012452678989307402
PG,2018,0.0,0.5093463136179416,0.00148536968645997
PG,2019,0.0,0.45475941576832385,0.0016050574201790298
PG,2020,0.0,0.3552925263713035,0.001218884123458729
PG,2021,0.0,0.3144247152821186,0.0009205092341985462
PG,2022,0.0,0.39668579465458886,0.0009940312465554534
PG,2023,0.0,0.448467907731774,0.001054220222122065
PG,2024,0.0,0.5046732405712586,0.0013793284975883312
CR,2017,0.0,0.6376124123598141,0.00010002901533673706
CR,2018,0.0,0.7021138341802277,0.00025412559681059493
CR,2019,0.0,0.5363958573826701,0.00015731434942687963
CR,2020,0.0,0.33912715946937333,0.0001493729812932156
CR,2021,0.0,0.4108702133312353,0.00019819546214090697
CR,2022,0.0,0.32344778163397137,0.0002077688098071935
CR,2023,0.0,0.33688449133505893,0.0002755468612473349
CR,2024,0.0,0.4979772953149876,0.0002142372059978749
GG,2017,,,
GG,2018,,,
GG,2019,,,
GG,2020,,,
GG,2021,,,
GG,2022,,,
GG,2023,,,
GG,2024,,,
AG,2017,0.0,1.0,6.0915539281883906e-09
AG,2018,0.0,0.5290845291415855,2.3031576368018247e-08
AG,2019,0.0,0.6400420098391465,3.605533106774881e-08
AG,2020,0.0,0.3522260199887509,1.5505762194278617e-08
AG,2021,0.0,0.04230269155749019,1.1206576572699688e-06
AG,2022,0.0,0.09219896263182027,4.3332238290552605e-07
AG,2023,0.0,0.06630458092042749,2.3384380228914086e-06
AG,2024,0.0,0.0013165045609742426,2.167309661188814e-06
EE,2017,0.0,0.5695722506444955,0.00019523511164584262
EE,2018,0.0,0.6170929055481649,0.0001295074731304251
EE,2019,0.0,0.44450679737674104,0.00015729319507928156
EE,2020,0.0,0.518739868257706,0.00018879638536194063
EE,2021,0.0,0.5337973091064713,0.00011748489004568272
EE,2022,0.0,0.4508259644319021,0.000123994361891605
EE,2023,0.0,0.42089314271707556,0.00014695479849228998
EE,2024,0.0,0.39064704608592127,0.00014148727441790545
KE,2017,0.0,0.8832103057952776,7.530729482249807e-05
KE,2018,0.0,0.8148679232484124,8.853119355305417e-05
KE,2019,0.0,0.8608159428131306,9.400431442181056e-05
KE,2020,0.0,0.885094042473446,8.18779327356582e-05
KE,2021,0.0,0.8845432583812106,9.545105161908777e-05
KE,2022,0.0,0.834557296271747,0.00011264034316630675
KE,2023,0.0,0.7545089170353216,9.892369722223893e-05
KE,2024,0.0,0.6666403204238355,0.0001005271257677469
DZ,2017,0.0,0.16498986279126326,0.00034279037058166143
DZ,2018,0.0,0.371107802473027,0.0006190083905799444
DZ,2019,0.0,0.2665874411903183,0.0006064888949300132
DZ,2020,0.0,0.2187581254807125,0.0005349155736695736
DZ,2021,0.0,0.08630741108980808,0.00045124570758739495
DZ,2022,0.0,0.026075017987458295,0.00047324101017313946
DZ,2023,0.0,0.16223936530810168,0.00036043248120568526
DZ,2024,0.0,0.06226063053650202,0.00033800680250356747
UG,2017,0.0,0.960775340728824,2.013124366604182e-05
UG,2018,0.0,0.9676285200168904,2.4218059000638255e-05
UG,2019,0.0,0.8849828707670113,2.761176617942294e-05
UG,2020,0.0,0.9738612339956588,2.658770621621019e-05
UG,2021,0.0,0.9168772612527032,1.836000525341564e-05
UG,2022,0.0,0.9844839811167614,3.02471025852688e-05
UG,2023,0.0,0.9821316417298435,3.737664054684407e-05
UG,2024,0.0,0.9541295217802355,4.2044799115648686e-05
ZM,2017,0.0,0.997283369977258,0.0010850470964053364
ZM,2018,0.0,0.9981622780689546,0.0009015461836383389
ZM,2019,0.0,0.9987122419597717,0.001021236717768028
ZM,2020,0.0,0.9989562895679032,0.001013314224034134
ZM,2021,0.0,0.9986398741812649,0.0011201608071997019
ZM,2022,0.0,0.9983695351819193,0.0013083588392174084
ZM,2023,0.0,0.998298521076841,0.0010574046420027362
ZM,2024,0.0,0.9964610464494629,0.0013328905284237995
PS,2017,0.0,0.9206325620887285,7.084006555343251e-08
PS,2018,0.0,0.9032899119569328,2.919457468533025e-07
PS,2019,0.0,0.7589525882059149,9.310955587124968e-08
PS,2020,0.0,,0.0
PS,2021,0.0,0.11536627470695436,1.4122858887251484e-07
PS,2022,0.0,0.2742031174154576,9.593064990079282e-09
PS,2023,0.0,0.42922720058600905,2.1802256660375388e-08
PS,2024,0.0,0.0,2.1694805149933187e-08
MK,2017,0.0,0.7775613723797881,5.172002735805047e-05
MK,2018,0.0,0.8738522936888528,3.186585185562485e-05
MK,2019,0.0,0.9545162260304441,9.780256713623748e-05
MK,2020,0.0,0.9566889726903326,0.00012175173850800878
MK,2021,0.0,0.9586607890722918,0.00010606401350740142
MK,2022,0.0,0.804366129816412,3.7858545405898276e-05
MK,2023,0.0,0.7653421968087764,6.287956077483144e-05
MK,2024,0.0,0.8035390812354793,4.857393824631801e-05
BH,2017,0.0,0.2449360870871117,9.656653608510648e-05
BH,2018,0.0,0.4017848594074017,0.00010098024384030007
BH,2019,0.0,0.4267139790594861,0.0001312523685698959
BH,2020,0.0,0.17092358233099963,7.874090498251609e-05
BH,2021,0.0,0.8907690962708152,0.0001672527273440028
BH,2022,0.0,0.6693778468803996,0.00010225161515821799
BH,2023,0.0,0.2939770298060255,7.718390984308256e-05
BH,2024,0.0,0.542797751639904,5.355055879511699e-05
BL,2017,,,
BL,2018,,,
BL,2019,,,
BL,2020,,,
BL,2021,,,
BL,2022,,,
BL,2023,,,
BL,2024,,,
TT,2017,0.0,0.7418625232605379,0.00010923750282681249
TT,2018,0.0,0.4571612683980627,0.00020011768101077556
TT,2019,0.0,0.9403961084701563,0.00013563475976631636
TT,2020,0.0,0.9903416938409257,0.000121608709541634
TT,2021,0.0,0.4770788021498656,0.00025943667238992243
TT,2022,0.0,0.9691848295624569,0.00013750643995259017
TT,2023,0.0,0.6639286600819677,0.0003292607900540627
TT,2024,0.0,0.9925730937973606,0.00021169288135705988
VE,2017,0.0,0.9741043196742728,0.004342650122258952
VE,2018,0.0,0.9909795947916603,0.0039062053252736425
VE,2019,0.0,0.9876462469131716,0.0025830779515989568
VE,2020,0.0,0.9683353607953983,0.0002866894398503431
VE,2021,0.0,0.9836595468681523,0.00041511955817796
VE,2022,0.0,0.9592952745442727,0.00034495722265885827
VE,2023,0.0,0.9641537892419677,0.000314796774257936
VE,2024,0.0,0.9020754758524324,0.0006776906175650934
HR,2017,0.0,0.5068211060076727,0.00010801357115038648
HR,2018,0.0,0.4942147083485181,0.00011088015731026548
HR,2019,0.0,0.4587354917904923,7.727850788728358e-05
HR,2020,0.0,0.7089147230531395,7.27551957382699e-05
HR,2021,0.0,0.37194269416002107,0.00012967432197615766
HR,2022,0.0,0.8030836841320063,6.405213643418704e-05
HR,2023,0.0,0.7951453267911036,5.532814755422035e-05
HR,2024,0.0,0.7381740412956053,7.423108928513477e-05
ZW,2017,0.0,0.9845131302598241,0.00011095012118428178
ZW,2018,0.0,0.9981532659236094,0.00022154741988260666
ZW,2019,0.0,0.7805373170868091,7.363619200508521e-05
ZW,2020,0.0,0.8169887331483153,0.00010498694706552689
ZW,2021,0.0,0.9736702858199389,0.0002466403941272967
ZW,2022,0.0,0.9676697092017358,0.0003185464644244703
ZW,2023,0.0,0.9747312183922808,0.0007184989797086081
ZW,2024,0.0,0.991437170900862,0.0007033344424137671
KG,2017,0.0,0.5317805098811711,6.553032144529172e-05
KG,2018,0.0,0.5486149327134467,3.564095804403528e-05
KG,2019,0.0,0.5249559683417614,4.3955505651659326e-05
KG,2020,0.0,0.46640790225232875,2.326754570409988e-05
KG,2021,0.0,0.7409140363413246,4.0650441587338085e-05
KG,2022,0.0,0.7362091187072558,3.949417255855849e-05
KG,2023,0.0,0.7712220291928613,4.422953033204504e-05
KG,2024,0.0,0.9900979455847129,0.0013454224533375986
UY,2017,0.0,0.6310675831999534,0.001572087357185071
UY,2018,0.0,0.5499518272650342,0.0013236427312087373
UY,2019,0.0,0.4465395163828766,0.001566022781294559
UY,2020,0.0,0.4477855620315078,0.0012519497095087185
UY,2021,0.0,0.3558271821121993,0.001506354435451634
UY,2022,0.0,0.3523677057808019,0.0014826067056644648
UY,2023,0.0,0.4308142757782716,0.0009809976122294208
UY,2024,0.0,0.6297716228718453,0.0013277733860257502
BY,2017,0.0,0.9166184424525503,0.00030944133757280254
BY,2018,0.0,0.8870294559341197,0.0003002966700218674
BY,2019,0.0,0.8713303730217133,0.00048537968028320935
BY,2020,0.0,0.7974690116833878,0.00047721625633172243
BY,2021,0.0,0.7129979352953361,0.00045160275220833593
BY,2022,0.0,0.7509417811186759,0.0007468085803116523
BY,2023,0.0,0.8325236374911927,0.0011090764273444177
BY,2024,0.0,0.8339255697357656,0.0007646165678108561
MO,2017,0.0,0.5864449279676881,7.819500716484073e-05
MO,2018,0.0,0.4079666211273658,4.17609780587253e-05
MO,2019,0.0,0.4310570774830981,4.4158938953489484e-05
MO,2020,0.0,0.3486407581399036,4.140828720785584e-05
MO,2021,0.0,0.5336970655278318,4.235236874159248e-05
MO,2022,0.0,0.43529266766570796,4.0401594447394095e-05
MO,2023,0.0,0.4441999924649787,3.898447858750395e-05
MO,2024,0.0,0.42627514584912113,3.561191014951305e-05
BW,2017,0.0,0.003975626842654695,2.0092153062260732e-05
BW,2018,0.0,0.0021243758688051515,7.417104543912448e-06
BW,2019,0.0,0.00045349749721694,9.016517335559624e-06
BW,2020,0.0,0.023243500644646593,4.641202209383054e-05
BW,2021,0.0,0.3862230793011068,7.192482584740577e-05
BW,2022,0.0,0.8572155307174975,0.0001645614810769041
BW,2023,0.0,0.9240804649267202,0.00021058931144642118
BW,2024,0.0,0.9932612732682748,0.0003247792018709836
GH,2017,0.0,0.9952030080431022,0.0014030422004700804
GH,2018,0.0,0.9917260702574208,0.0012846824626150813
GH,2019,0.0,0.9962012507747837,0.0017151150397549653
GH,2020,0.0,0.9988080928905408,0.0009522941873514849
GH,2021,0.0,0.9939801036092891,0.000616910875259652
GH,2022,0.0,0.9886691594589759,0.0009792146632532524
GH,2023,0.0,0.9420854960176644,0.000772613443465891
GH,2024,0.0,0.9979691843795553,0.000843396110799995
AO,2017,0.0,0.9859024262934225,0.012487477318932289
AO,2018,0.0,0.9842917976232655,0.013614986905463759
AO,2019,0.0,0.9943919130162482,0.012686966166262503
AO,2020,0.0,0.9855190353098593,0.007938625307420363
AO,2021,0.0,0.9789782023642395,0.01095937267012842
AO,2022,0.0,0.9936825884393006,0.009673737053918972
AO,2023,0.0,0.9966422019644402,0.010055048593025098
AO,2024,0.0,0.9961309336103241,0.007508772032887696
AF,2017,0.0,0.5909700140542785,2.517021511945663e-06
AF,2018,0.0,0.35848057195782923,1.5773581099732714e-05
AF,2019,0.0,0.18161908614538277,1.9399872056252177e-05
AF,2020,0.0,0.047987283010617755,3.534620975353802e-05
AF,2021,0.0,0.06094524066426529,2.505334325555584e-05
AF,2022,0.0,0.09474895483427778,2.0215520542498092e-05
AF,2023,0.0,0.029144738581520953,3.1410304353933e-05
AF,2024,0.0,0.09146826697564152,2.026311122021414e-05
SS,2017,0.0,1.0,0.0007680386488940331
SS,2018,0.0,0.9999984562075727,0.0008469594947649171
SS,2019,0.0,1.0,0.0008195902697290169
SS,2020,0.0,1.0,0.0003688907676534769
SS,2021,0.0,1.0,0.0001256474092388444
SS,2022,0.0,1.0,9.854351188938838e-05
SS,2023,0.0,0.9998688814406809,0.00015161814654524522
SS,2024,0.0,1.0,0.00012822470138334986
MN,2017,0.0,0.9672349491141236,0.0038773921027205954
MN,2018,0.0,0.9530392033433327,0.004152220403026243
MN,2019,0.0,0.9762101990338178,0.004207954527481235
MN,2020,0.0,0.9740565564684132,0.0034398306095909954
MN,2021,0.0,0.9764039639959171,0.0036052642946703137
MN,2022,0.0,0.986121832842618,0.004839928533602236
MN,2023,0.0,0.9576504933583887,0.006973713699915325
MN,2024,0.0,0.9720831451184793,0.006856934831088314
MT,2017,0.0,0.7533060361247119,0.00024712640023815356
MT,2018,0.0,0.7509245078233997,0.00018351832594409105
MT,2019,0.0,0.7370614602501826,0.0001905720437676769
MT,2020,0.0,0.9263628507046578,5.186149212859915e-05
MT,2021,0.0,0.9368221795417957,4.9365927759422576e-05
MT,2022,0.0,0.8730745202244136,4.429262408051406e-05
MT,2023,0.0,0.6723697553230709,3.2662252162694025e-05
MT,2024,0.0,0.8179462714220455,2.1538383249082466e-05
GI,2017,0.0,1.0,2.2775284077102287e-08
GI,2018,0.0,,0.0
GI,2019,0.0,,0.0
GI,2020,0.0,,0.0
GI,2021,0.0,,0.0
GI,2022,0.0,1.0,7.3501473086169186e-09
GI,2023,0.0,,0.0
GI,2024,0.0,,0.0
BN,2017,0.0,0.8334783156422297,0.0002115969435444291
BN,2018,0.0,0.48309770026494303,0.00016261891518659538
BN,2019,0.0,0.339253479091707,0.0002406680998826504
BN,2020,0.0,0.789565067688313,0.0007921265818709905
BN,2021,0.0,0.7961086529267853,0.0011618201059380119
BN,2022,8.974400127330522e-05,0.8652363828536138,0.001162868090911397
BN,2023,8.917187330989741e-05,0.7398186232102177,0.001036512105063404
BN,2024,9.005397473690294e-05,0.7358352661867875,0.0011096518005382463
KP,2017,0.0,0.4587629473259715,0.0009998405610493987
KP,2018,0.0,0.6257499044651827,0.00010226644499203812
KP,2019,0.0,0.6186455728271086,0.00011068122606630776
KP,2020,0.0,0.608790721378385,2.988418644476001e-05
KP,2021,0.0,0.6918294081410226,3.0296923363383515e-05
KP,2022,0.0,0.7468298432530115,5.5325284700496356e-05
KP,2023,0.0,0.33160207038687484,0.00012429231224864921
KP,2024,0.0,0.31999864006983003,0.00014244726347162483
MV,2017,0.0,0.02993792630155063,3.4072026477302657e-07
MV,2018,0.0,0.0206189203728691,5.215249573965624e-07
MV,2019,0.0,0.0006559475295374778,1.791512490954553e-05
MV,2020,0.0,0.00865498531664189,3.094057343413042e-06
MV,2021,0.0,0.03138074231157582,1.815842531536565e-06
MV,2022,0.0,0.42738195885532754,2.0195572286163888e-08
MV,2023,0.0,0.1731065930675078,1.552695446253617e-08
MV,2024,0.0,0.935232174574981,8.326359945063708e-09
LR,2017,0.0,0.9939144416550134,1.7246547778199266e-05
LR,2018,0.0,0.9665388191535537,4.6536256387968734e-05
LR,2019,0.0,0.9750320402277907,6.548887168905826e-05
LR,2020,0.0,0.9908871769230494,5.19071500338221e-05
LR,2021,0.0,0.989133049054699,9.85459713586625e-06
LR,2022,0.0,0.9837050732101691,6.157834517239254e-06
LR,2023,0.0,0.9936827882800031,3.5877629597548476e-05
LR,2024,0.0,0.9990705813588362,4.461549936609427e-05
TJ,2017,0.0,0.9522939803288871,3.4551713417476945e-05
TJ,2018,0.0,0.9345264432150152,4.9864571808902185e-05
TJ,2019,0.0,0.9738696914608854,5.359734146307496e-05
TJ,2020,0.0,0.8773179127325981,2.9435350546047778e-05
TJ,2021,0.0,0.9838156817078993,8.879099242486887e-05
TJ,2022,0.0,0.9966293327014957,0.0001836905188421697
TJ,2023,0.0,0.9972712015026747,0.00013339789338632146
TJ,2024,0.0,0.9993460298380339,0.00016565596132316814
LV,2017,0.0,0.6945496830644151,0.00010711256025123707
LV,2018,0.0,0.6311806487993774,0.00011220700423685024
LV,2019,0.0,0.6490573689418373,0.00010427132720620753
LV,2020,0.0,0.6319987516534725,0.00010772604166785851
LV,2021,0.0,0.6455916763300262,9.965467172019744e-05
LV,2022,0.0,0.5323525131626232,0.00012606709101509764
LV,2023,0.0,0.4974773541032118,0.00011488652806409757
LV,2024,0.0,0.49704922877502,0.00012046928866538946
MC,2017,,,
MC,2018,,,
MC,2019,,,
MC,2020,,,
MC,2021,,,
MC,2022,,,
MC,2023,,,
MC,2024,,,
BA,2017,0.0,0.579823486224012,3.420367682201085e-05
BA,2018,0.0,0.48254833638995864,4.0356103150182234e-05
BA,2019,0.0,0.5584570149520314,4.049737602300385e-05
BA,2020,0.0,0.4658863768491832,3.863323678712918e-05
BA,2021,0.0,0.5320238910331919,4.3667099615144455e-05
BA,2022,0.0,0.5207032052231944,5.012198472614597e-05
BA,2023,0.0,0.5285583198924274,3.473684162313025e-05
BA,2024,0.0,0.4575816003325918,5.29979914635585e-05
CM,2017,0.0,0.9990990319595472,0.00030562653538295783
CM,2018,0.0,0.8997657696938899,0.0005769244467831551
CM,2019,0.0,0.7578057024204367,0.0005357089736599506
CM,2020,0.0,0.7852712113515892,0.00041043347860936
CM,2021,0.0,0.8111879410127935,0.0006794782041088989
CM,2022,0.0,0.7819294095190918,0.00018855140005048348
CM,2023,0.0,0.8955635770396422,0.00021929390620358723
CM,2024,0.0,0.9031316291453713,0.0004523147839365889
RW,2017,0.0,0.9885860129839902,1.7372196040087324e-05
RW,2018,0.0,0.6997280578129821,2.058864381117121e-05
RW,2019,0.0,0.9016887333757292,1.8478801278661276e-05
RW,2020,0.0,0.8132137500766904,2.0349432102752262e-05
RW,2021,0.0,0.6239648578460043,1.1949215789776395e-05
RW,2022,0.0,0.966754467548349,3.6619149452118524e-05
RW,2023,0.0,0.9662257693091754,5.585495566024113e-05
RW,2024,0.0,0.9871906163303397,6.749952411136052e-05
MG,2017,0.0,0.8081467692379418,0.00013659452189855443
MG,2018,0.0,0.7865081232542142,0.00010501059361528248
MG,2019,0.0,0.7952892788827239,0.00010873061757518924
MG,2020,0.0,0.715395002719927,7.455709303843081e-05
MG,2021,0.0,0.8987304122282098,0.00016624371827314523
MG,2022,0.0,0.8265771844637179,0.0002591818790036811
MG,2023,0.0,0.58889890588013,0.00012230939447674153
MG,2024,0.0,0.6596289153463675,0.00014045583839279244
GQ,2017,0.0,0.8822523214897674,0.0008925066440138294
GQ,2018,0.0,0.792066446935839,0.0011245396780975507
GQ,2019,0.0,0.8457083147564158,0.0009157502967406297
GQ,2020,0.0,0.9737635437248657,0.000634664129118884
GQ,2021,0.0,0.788387367074406,0.0005075231162089642
GQ,2022,0.0,0.7902531963157606,0.0006276565695582702
GQ,2023,0.0,0.9110465112966248,0.0005839128742474022
GQ,2024,0.0,0.8430022555319322,0.00041674694211930733
PY,2017,0.0,0.9889990082114376,1.9883759062583638e-05
PY,2018,0.0,0.9618195535937772,2.0656135995136142e-05
PY,2019,0.0,0.9800169487376131,8.629521588634102e-06
PY,2020,0.0,0.8879407266099755,9.303824951996689e-06
PY,2021,0.0,0.9898716958049274,2.2418897387670268e-05
PY,2022,0.0,0.965101249867517,3.4035441254202856e-05
PY,2023,0.0,0.9347828365872054,2.1074464806672323e-05
PY,2024,0.0,0.9734662353105892,2.2895713551761074e-05
MZ,2017,0.0,0.9652913782313057,0.0002180407775549227
MZ,2018,0.0,0.9136348244511265,0.00017298218431354264
MZ,2019,0.0,0.92722132536193,0.00029043303528487955
MZ,2020,0.0,0.8610205968250683,0.00024101056263621385
MZ,2021,0.0,0.8045797297348704,0.0004711362477390174
MZ,2022,0.0,0.9008637256813735,0.000326728203860586
MZ,2023,0.0,0.5818670276458139,0.0007457373414669756
MZ,2024,0.0,0.510600792354603,0.0007719813905823705
CD,2017,0.0,0.9996939670873487,0.0019845763164124623
CD,2018,0.0,0.9990297077431429,0.002979457068669339
CD,2019,0.0,0.999723795331169,0.002367671224588012
CD,2020,0.0,0.9998920349981434,0.00382532765475528
CD,2021,0.0,0.999904349161284,0.00490101982008642
CD,2022,0.0,0.9999226488236718,0.006939534604346507
CD,2023,0.0,0.9999802014834777,0.0076038240377734444
CD,2024,0.0,0.9999517305878675,0.009230265412766158
CU,2017,0.0,0.8753140702130805,0.0001753846501207581
CU,2018,0.0,0.9166810608841919,0.00019849133883194654
CU,2019,0.0,0.9273162293310694,0.00026244746966417714
CU,2020,0.0,0.935208191499958,0.0002522010007036429
CU,2021,0.0,0.8839160792609961,0.0001866528721932795
CU,2022,0.0,0.9538854129450184,0.00018731273776620137
CU,2023,0.0,0.8898698470065132,0.00015264360587877914
CU,2024,0.0,0.8333241692893568,0.00011420777408194194
BB,2017,0.0,0.06930771284825228,1.489484180704777e-05
BB,2018,0.0,0.08978043543126234,1.1179823367211013e-05
BB,2019,0.0,0.07923731760620621,1.0764860421813644e-05
BB,2020,0.0,0.11627189165288299,8.135378926850585e-06
BB,2021,0.0,0.05147495532445474,6.364865282975459e-06
BB,2022,0.0,0.011692538472236362,1.0911750024138942e-05
BB,2023,0.0,0.007457051110942474,5.015746090892618e-06
BB,2024,0.0,0.028642222334593275,4.6586131785348055e-06
FJ,2017,0.0,0.12138792307699181,1.3462385307643804e-05
FJ,2018,0.0,0.4019508165967035,1.67974090145074e-05
FJ,2019,0.0,0.1859663943666294,9.568781132449533e-06
FJ,2020,0.0,0.5150839652751056,1.579399977576997e-05
FJ,2021,0.0,0.8383697327503139,2.3204306490054883e-05
FJ,2022,0.0,0.6775843702390453,1.787570105623572e-05
FJ,2023,0.0,0.5441227800747339,1.097804070810926e-05
FJ,2024,0.0,0.5646131888675298,1.4786825092775838e-05
PF,2017,0.0,0.07985802750017408,3.2501387490444496e-06
PF,2018,0.0,0.062372845201114566,3.696251637454593e-06
PF,2019,0.0,0.09150069972668591,3.6163311712116207e-06
PF,2020,0.0,0.14395718402535673,2.2283295763023777e-06
PF,2021,0.0,0.1251325273425215,1.797785991736203e-06
PF,2022,0.0,0.18399428302440785,1.4255865781975306e-06
PF,2023,0.0,0.04487756023585932,4.868911578785475e-06
PF,2024,0.0,0.13227756531755777,2.0652230162318183e-06
DO,2017,0.0,0.6493279846142956,0.00012638494819532594
DO,2018,0.0,0.7810513701779768,9.358239612006016e-05
DO,2019,0.0,0.8771431764369874,0.00023792294079222223
DO,2020,0.0,0.7875164981018304,0.00015934226394122508
DO,2021,0.0,0.8472970381104239,0.00014443375859584417
DO,2022,0.0,0.845128048277883,0.00017246121306612678
DO,2023,0.0,0.835464129792763,0.00016136465813233525
DO,2024,0.0,0.8018592986194186,0.00023187337548027028
SO,2017,0.0,0.38304017887082076,7.09661295928227e-06
SO,2018,0.0,0.32902778566740837,8.698155080092667e-06
SO,2019,0.0,0.7012163842569202,9.934262463429207e-06
SO,2020,0.0,0.7810106486578875,4.219438366502411e-06
SO,2021,0.0,0.7958348690031128,4.498762328268332e-06
SO,2022,0.0,0.423975872993898,3.0496136813956033e-06
SO,2023,0.0,0.46247914139057394,2.852047126308415e-06
SO,2024,0.0,0.8787369077261424,1.3081887220792124e-06
CI,2017,0.0,0.912108288579521,9.47852640652957e-05
CI,2018,0.0,0.9857825335498093,0.00013169214032739354
CI,2019,0.0,0.982888363019524,0.0002423350681866403
CI,2020,0.0,0.9898103949276255,0.00031132220441803355
CI,2021,0.0,0.9854217117124716,0.00026581323445996316
CI,2022,0.0,0.983434065850348,0.00039865980220648553
CI,2023,0.0,0.9773338176201993,0.0004498639810749586
CI,2024,0.0,0.9652893456814403,0.00038001422543241126
PR,2017,,,
PR,2018,,,
PR,2019,,,
PR,2020,,,
PR,2021,,,
PR,2022,,,
PR,2023,,,
PR,2024,,,
GT,2017,0.0,0.919716190786039,6.229029142774128e-05
GT,2018,0.0,0.7372955860837462,4.398978653695298e-05
GT,2019,0.0,0.9486635024010519,0.00013118420603726376
GT,2020,0.0,0.9498089782659892,0.00014405680929068825
GT,2021,0.0,0.9244158597116395,0.0001861180056073199
GT,2022,0.0,0.9558566594309095,0.000236935818955587
GT,2023,0.0,0.7658744451666287,4.692185962520035e-05
GT,2024,0.0,0.7661824822194997,3.94545242077834e-05
JM,2017,0.0,0.9717508903657219,2.853480395657941e-05
JM,2018,0.0,0.9912266402411549,3.95812065418846e-05
JM,2019,0.0,0.9306113370373839,1.976936861434245e-05
JM,2020,0.0,0.916960664972094,1.7070331369525638e-05
JM,2021,0.0,0.7199148096982486,3.311177957701837e-06
JM,2022,0.0,0.8419796457917946,6.05013721591705e-06
JM,2023,0.0,0.6599769441377515,5.5313030506670975e-06
JM,2024,0.0,0.5887696610395934,3.3367322318390055e-06
BJ,2017,0.0,0.90620947624511,5.497638096574345e-05
BJ,2018,0.0,0.9162663857572627,3.184921600471161e-05
BJ,2019,0.0,0.9825620616931248,8.176986692653048e-05
BJ,2020,0.0,0.9513933903471342,3.905088740675167e-05
BJ,2021,0.0,0.9182333552288181,5.4915183206474485e-05
BJ,2022,0.0,0.9519961935599484,3.1399101324285105e-05
BJ,2023,0.0,0.9373875668403158,4.162851019935613e-05
BJ,2024,0.0,0.8217257415510262,3.0005831789414224e-05
TL,2017,0.0,0.8035860516117365,1.1807314165388491e-06
TL,2018,0.0,0.984869051140489,1.5881984506775692e-06
TL,2019,0.0,0.20192557434001895,1.312902667599982e-05
TL,2020,0.0,0.8097633268590593,8.089307767203205e-07
TL,2021,0.0,0.9980027223983469,5.905871820975251e-05
TL,2022,0.0,0.9563042309123043,6.047296290333342e-05
TL,2023,0.0,0.9984549849255379,3.9767801116314176e-05
TL,2024,0.0,0.9964977241810714,4.39921146635643e-07
NA,2017,0.0,0.9511714096583067,0.00017666798384620956
NA,2018,0.0,0.9953841370562593,0.0003373528495420168
NA,2019,0.0,0.9813594114540476,0.00034076360484482386
NA,2020,0.0,0.9912210235593966,0.00037862884652663833
NA,2021,0.0,0.9891509796156456,0.00038329296549427435
NA,2022,0.0,0.9833098220923456,0.0003082390143722249
NA,2023,0.0,0.9858550393915643,0.0003194832783250583
NA,2024,0.0,0.9952202432836473,0.0004424951200688201
BO,2017,0.0,0.9989088842950424,0.00026790871162406027
BO,2018,0.0,0.9956746369631918,0.00021802190665010137
BO,2019,0.0,0.9580207415001176,0.00021483460365097687
BO,2020,0.0,0.8441536707202633,0.0001961357524089071
BO,2021,0.0,0.8751132776889908,0.0003370246711499081
BO,2022,0.0,0.8665322463074436,0.0003616408965270751
BO,2023,0.0,0.8977544420565325,0.0006217469570683208
BO,2024,0.0,0.8760069334638788,0.0007297639869335446
TO,2017,0.0,0.5977420114290606,3.512906371102767e-07
TO,2018,0.0,0.5618916185580043,6.236982156043033e-08
TO,2019,0.0,0.582749955814436,8.645161310116182e-08
TO,2020,0.0,0.09272627779473203,1.2750106555061776e-07
TO,2021,0.0,0.7251749517374517,1.7307381601803972e-08
TO,2022,0.0,,0.0
TO,2023,0.0,,0.0
TO,2024,0.0,1.0,3.0466427809643474e-08
WS,2017,0.0,0.044327921405822396,3.9589311226232806e-07
WS,2018,0.0,0.10431507843991507,3.3480775161156294e-07
WS,2019,0.0,0.03907988893654484,2.94292762694195e-07
WS,2020,0.0,0.24755379053842677,3.088030269145167e-07
WS,2021,0.0,0.06311135403144734,2.67444256270516e-07
WS,2022,0.0,0.004915026999528369,3.9054603636975157e-07
WS,2023,0.0,0.001176385918553934,5.991460292607972e-07
WS,2024,0.0,0.05586547209897382,4.3307952392767485e-07
TM,2017,0.0,0.007450002347768835,0.003954848901817474
TM,2018,0.0,0.01809854119138398,0.0033829983144221766
TM,2019,0.0,0.007418223736027454,0.005116332745009582
TM,2020,0.0,0.008142483498596625,0.004563759649842804
TM,2021,0.0,0.00770028807356768,0.002858581209344118
TM,2022,0.0,0.005567449269794134,0.004268962596296846
TM,2023,0.0,0.0028255346923645656,0.00410264335006937
TM,2024,0.0,0.004639614800061339,0.004064227426185601
SZ,2017,0.0,0.7924224351515382,2.5748995447020126e-06
SZ,2018,0.0,0.9767510481263796,1.4447246672208422e-05
SZ,2019,0.0,0.312337498119813,4.01916660377546e-07
SZ,2020,0.0,0.4518672852268513,2.5147403853948624e-07
SZ,2021,0.0,0.4531424965479204,5.319550491837523e-07
SZ,2022,0.0,0.5974034090535304,3.1459209965956127e-07
SZ,2023,0.0,0.8509415088617294,2.0010164929903217e-07
SZ,2024,0.0,0.295619414426205,2.260054240150609e-07
CF,2017,0.0,0.8878598104049468,1.6861491196024196e-05
CF,2018,0.0,0.9812110540577587,2.8354053229388054e-05
CF,2019,0.0,0.9666142036783693,1.917160666074779e-05
CF,2020,0.0,0.9998453704836268,3.0478299387081168e-05
CF,2021,0.0,0.9995723744923843,1.4968694515664163e-05
CF,2022,0.0,0.9993479652373101,1.0267251379501802e-05
CF,2023,0.0,0.9877252125607892,1.2070795045158031e-05
CF,2024,0.0,0.9778613478518738,1.3822364397132124e-05
BZ,2017,0.0,0.07913656873946975,3.105895533842152e-07
BZ,2018,0.0,0.20076820569099318,1.676397567836184e-07
BZ,2019,0.0,0.2123690859516143,9.965190474371279e-08
BZ,2020,0.0,0.5369656690727501,2.919260114028364e-07
BZ,2021,0.0,0.07032208240585108,2.298427794404626e-08
BZ,2022,0.0,0.6630231265386075,2.9319099145694816e-07
BZ,2023,0.0,0.8509718072311211,6.397917599538258e-07
BZ,2024,0.0,0.5581660522014866,3.8910785015029896e-07
VU,2017,0.0,0.43217149905568825,8.563495535119697e-06
VU,2018,0.0,0.18588439167564963,8.242111076373688e-06
VU,2019,0.0,0.16825002262304686,7.745100055584951e-06
VU,2020,0.0,0.35199549125911506,4.257850901946533e-06
VU,2021,0.0,0.3201521203429101,4.940697275365868e-06
VU,2022,0.0,0.6282808868067972,4.476071556796267e-06
VU,2023,0.0,0.90617511204692,5.930328798496446e-06
VU,2024,0.0,0.5022627475086643,8.1508334743568e-06
SV,2017,0.0,0.4426653337313881,6.885165588874766e-05
SV,2018,0.0,0.5641998541112904,8.55771496254895e-05
SV,2019,0.0,0.5464376756818341,5.972735428038841e-05
SV,2020,0.0,0.39229044629100385,9.097718869715493e-05
SV,2021,0.0,0.9225099581381078,3.514127941647631e-05
SV,2022,0.0,0.6905659212857164,3.4035678222207035e-05
SV,2023,0.0,0.35271287818399183,7.782872748766905e-06
SV,2024,0.0,0.7969928778125813,3.0820702699526266e-05
FM,2017,0.0,0.0,7.011193614264322e-06
FM,2018,0.0,0.0,1.144569408173713e-05
FM,2019,0.0,0.0,6.682958219599702e-06
FM,2020,0.0,0.0,3.896615549065849e-06
FM,2021,0.0,0.0,7.280877979349629e-06
FM,2022,0.0,0.0,3.383727184543417e-08
FM,2023,0.0,0.0,1.3249772502870159e-05
FM,2024,0.0,0.0013075371341661611,3.930013107809159e-05
AL,2017,0.0,0.90188744049862,6.679645792154555e-05
AL,2018,0.0,0.8109345487715532,4.7867463498868065e-05
AL,2019,0.0,0.8028504144738569,4.293543202241655e-05
AL,2020,0.0,0.7784124194651435,3.727055648643153e-05
AL,2021,0.0,0.8267394354765759,4.686859454783988e-05
AL,2022,0.0,0.899959245752361,6.626312810975906e-05
AL,2023,0.0,0.8654586996406428,7.369479816865944e-05
AL,2024,0.0,0.8444123063507137,8.30626512783217e-05
ML,2017,0.0,0.9437709085764963,4.051513344106108e-05
ML,2018,0.0,0.9653057605057359,4.6217076572451465e-05
ML,2019,0.0,0.9572786199293752,8.465014531829079e-05
ML,2020,0.0,0.9668141402817807,9.002015115740649e-05
ML,2021,0.0,0.9298875363031871,5.293713043589116e-05
ML,2022,0.0,0.9029816730601384,3.5878762584166486e-05
ML,2023,0.0,0.9291574972805403,3.287257380279677e-05
ML,2024,0.0,0.9278190604618192,3.100409442181538e-05
BI,2017,0.0,0.840426803559087,4.151321071829454e-06
BI,2018,0.0,0.8202966042960217,6.252252656895146e-06
BI,2019,0.0,0.797306050132156,6.861693622970116e-06
BI,2020,0.0,0.6358344378601151,4.0810880305755595e-06
BI,2021,0.0,0.439009524901885,3.5684707288357974e-06
BI,2022,0.0,0.2822323357893739,4.12703269116699e-06
BI,2023,0.0,0.10657981810912553,4.0237942519497026e-06
BI,2024,0.0,0.7809877521700351,9.676398608625237e-06
GU,2017,,,
GU,2018,,,
GU,2019,,,
GU,2020,,,
GU,2021,,,
GU,2022,,,
GU,2023,,,
GU,2024,,,
HN,2017,0.0,0.775616190525324,1.801302420515732e-05
HN,2018,0.0,0.870574437731309,2.5113494730911032e-05
HN,2019,0.0,0.3778556571030652,1.6422312763314948e-05
HN,2020,0.0,0.6741254650732407,2.4421864599912402e-05
HN,2021,0.0,0.378657535200735,1.389592555634103e-05
HN,2022,0.0,0.6124513972460577,1.2041182993429917e-05
HN,2023,0.0,0.8854653122179693,3.350634259286033e-05
HN,2024,0.0,0.9387463608136295,3.990218859451005e-05
KV,2017,,,
KV,2018,,,
KV,2019,,,
KV,2020,,,
KV,2021,,,
KV,2022,,,
KV,2023,,,
KV,2024,,,
MD,2017,0.0,0.19690498301860476,2.0333919785242013e-05
MD,2018,0.0,0.17425950385084807,2.0046875140885633e-05
MD,2019,0.0,0.11318702524286678,2.464597221939913e-05
MD,2020,0.0,0.424687182025974,3.196705113453326e-05
MD,2021,0.0,0.22445189609993443,4.284685857198787e-05
MD,2022,0.0,0.38170047964872983,3.4529315170944424e-05
MD,2023,0.0,0.17929359029622813,3.9279679173002866e-05
MD,2024,0.0,0.16489731172064379,5.3339448280417505e-05
NF,2017,,,0.0
NF,2018,,,0.0
NF,2019,,,0.0
NF,2020,,,0.0
NF,2021,,,0.0
NF,2022,,,0.0
NF,2023,,,0.0
NF,2024,,,0.0
