draw,false_date,annual_cutoff_year,coefficient
1,2020-01-24,2020,0.0037376708326406854
2,2018-01-02,2018,0.006041609995315169
3,2019-02-19,2019,0.007384270803423442
4,2019-01-29,2019,0.007384270803423442
5,2020-07-02,2020,0.0037376708326406854
6,2019-09-25,2019,0.007384270803423442
7,2018-01-30,2018,0.006041609995315169
8,2019-04-20,2019,0.007384270803423442
9,2018-11-12,2018,0.006041609995315169
10,2018-11-07,2018,0.006041609995315169
11,2021-07-23,2021,0.005149423463450771
12,2019-11-17,2019,0.007384270803423442
13,2019-04-08,2019,0.007384270803423442
14,2018-05-02,2018,0.006041609995315169
15,2021-04-20,2021,0.005149423463450771
16,2019-04-13,2019,0.007384270803423442
17,2019-04-15,2019,0.007384270803423442
18,2021-03-27,2021,0.005149423463450771
19,2019-01-12,2019,0.007384270803423442
20,2020-04-30,2020,0.0037376708326406854
21,2019-11-09,2019,0.007384270803423442
22,2020-05-31,2020,0.0037376708326406854
23,2018-01-27,2018,0.006041609995315169
24,2019-03-05,2019,0.007384270803423442
25,2021-08-19,2021,0.005149423463450771
26,2019-11-23,2019,0.007384270803423442
27,2019-06-10,2019,0.007384270803423442
28,2018-10-19,2018,0.006041609995315169
29,2018-03-06,2018,0.006041609995315169
30,2020-04-10,2020,0.0037376708326406854
31,2019-08-30,2019,0.007384270803423442
32,2018-09-25,2018,0.006041609995315169
33,2019-06-12,2019,0.007384270803423442
34,2018-12-29,2018,0.006041609995315169
35,2019-12-17,2019,0.007384270803423442
36,2019-03-06,2019,0.007384270803423442
37,2021-10-20,2021,0.005149423463450771
38,2018-02-24,2018,0.006041609995315169
39,2019-09-05,2019,0.007384270803423442
40,2018-03-04,2018,0.006041609995315169
41,2020-08-06,2020,0.0037376708326406854
42,2020-01-04,2020,0.0037376708326406854
43,2021-03-24,2021,0.005149423463450771
44,2020-02-13,2020,0.0037376708326406854
45,2018-08-08,2018,0.006041609995315169
46,2019-11-13,2019,0.007384270803423442
47,2019-05-28,2019,0.007384270803423442
48,2020-04-11,2020,0.0037376708326406854
49,2019-09-08,2019,0.007384270803423442
50,2019-08-22,2019,0.007384270803423442
51,2019-04-04,2019,0.007384270803423442
52,2018-11-15,2018,0.006041609995315169
53,2020-05-24,2020,0.0037376708326406854
54,2021-06-16,2021,0.005149423463450771
55,2021-01-23,2021,0.005149423463450771
56,2020-04-01,2020,0.0037376708326406854
57,2020-09-16,2020,0.0037376708326406854
58,2020-10-11,2020,0.0037376708326406854
59,2021-07-01,2021,0.005149423463450771
60,2018-11-20,2018,0.006041609995315169
61,2020-01-24,2020,0.0037376708326406854
62,2021-08-22,2021,0.005149423463450771
63,2018-08-06,2018,0.006041609995315169
64,2020-11-20,2020,0.0037376708326406854
65,2018-08-27,2018,0.006041609995315169
66,2019-02-03,2019,0.007384270803423442
67,2018-11-06,2018,0.006041609995315169
68,2021-10-21,2021,0.005149423463450771
69,2020-10-21,2020,0.0037376708326406854
70,2018-12-17,2018,0.006041609995315169
71,2018-12-11,2018,0.006041609995315169
72,2018-12-27,2018,0.006041609995315169
73,2021-11-23,2021,0.005149423463450771
74,2021-07-24,2021,0.005149423463450771
75,2019-04-09,2019,0.007384270803423442
76,2020-05-25,2020,0.0037376708326406854
77,2021-12-27,2021,0.005149423463450771
78,2021-04-15,2021,0.005149423463450771
79,2020-01-26,2020,0.0037376708326406854
80,2020-06-10,2020,0.0037376708326406854
81,2020-07-27,2020,0.0037376708326406854
82,2018-08-04,2018,0.006041609995315169
83,2020-04-05,2020,0.0037376708326406854
84,2021-02-09,2021,0.005149423463450771
85,2021-10-20,2021,0.005149423463450771
86,2018-09-02,2018,0.006041609995315169
87,2021-09-11,2021,0.005149423463450771
88,2019-12-04,2019,0.007384270803423442
89,2018-05-28,2018,0.006041609995315169
90,2020-12-30,2020,0.0037376708326406854
91,2019-01-03,2019,0.007384270803423442
92,2020-02-26,2020,0.0037376708326406854
93,2020-08-08,2020,0.0037376708326406854
94,2018-02-27,2018,0.006041609995315169
95,2020-11-10,2020,0.0037376708326406854
96,2021-05-18,2021,0.005149423463450771
97,2019-11-18,2019,0.007384270803423442
98,2019-02-05,2019,0.007384270803423442
99,2021-10-11,2021,0.005149423463450771
100,2021-02-06,2021,0.005149423463450771
101,2019-04-02,2019,0.007384270803423442
102,2021-03-30,2021,0.005149423463450771
103,2020-10-31,2020,0.0037376708326406854
104,2019-03-30,2019,0.007384270803423442
105,2019-09-17,2019,0.007384270803423442
106,2018-09-25,2018,0.006041609995315169
107,2018-03-02,2018,0.006041609995315169
108,2020-12-18,2020,0.0037376708326406854
109,2018-01-30,2018,0.006041609995315169
110,2021-02-07,2021,0.005149423463450771
111,2019-10-17,2019,0.007384270803423442
112,2019-07-28,2019,0.007384270803423442
113,2020-11-20,2020,0.0037376708326406854
114,2020-02-24,2020,0.0037376708326406854
115,2019-08-24,2019,0.007384270803423442
116,2020-03-01,2020,0.0037376708326406854
117,2018-03-30,2018,0.006041609995315169
118,2021-10-19,2021,0.005149423463450771
119,2019-08-18,2019,0.007384270803423442
120,2020-06-18,2020,0.0037376708326406854
121,2021-07-13,2021,0.005149423463450771
122,2020-12-17,2020,0.0037376708326406854
123,2018-09-20,2018,0.006041609995315169
124,2021-08-14,2021,0.005149423463450771
125,2018-08-15,2018,0.006041609995315169
126,2018-11-29,2018,0.006041609995315169
127,2019-11-08,2019,0.007384270803423442
128,2021-06-23,2021,0.005149423463450771
129,2018-01-16,2018,0.006041609995315169
130,2018-09-01,2018,0.006041609995315169
131,2021-07-19,2021,0.005149423463450771
132,2021-06-28,2021,0.005149423463450771
133,2020-02-27,2020,0.0037376708326406854
134,2019-07-31,2019,0.007384270803423442
135,2018-09-29,2018,0.006041609995315169
136,2018-05-11,2018,0.006041609995315169
137,2019-04-14,2019,0.007384270803423442
138,2019-02-17,2019,0.007384270803423442
139,2020-12-11,2020,0.0037376708326406854
140,2019-07-04,2019,0.007384270803423442
141,2019-11-18,2019,0.007384270803423442
142,2019-08-27,2019,0.007384270803423442
143,2020-08-25,2020,0.0037376708326406854
144,2019-11-25,2019,0.007384270803423442
145,2021-06-04,2021,0.005149423463450771
146,2020-08-14,2020,0.0037376708326406854
147,2021-06-09,2021,0.005149423463450771
148,2021-03-02,2021,0.005149423463450771
149,2020-04-02,2020,0.0037376708326406854
150,2021-11-27,2021,0.005149423463450771
151,2021-05-17,2021,0.005149423463450771
152,2019-02-14,2019,0.007384270803423442
153,2021-02-15,2021,0.005149423463450771
154,2021-04-09,2021,0.005149423463450771
155,2021-12-06,2021,0.005149423463450771
156,2018-02-20,2018,0.006041609995315169
157,2021-12-16,2021,0.005149423463450771
158,2018-10-09,2018,0.006041609995315169
159,2018-05-30,2018,0.006041609995315169
160,2019-11-25,2019,0.007384270803423442
161,2021-04-08,2021,0.005149423463450771
162,2018-10-08,2018,0.006041609995315169
163,2021-10-29,2021,0.005149423463450771
164,2020-01-11,2020,0.0037376708326406854
165,2021-03-04,2021,0.005149423463450771
166,2020-08-30,2020,0.0037376708326406854
167,2021-06-05,2021,0.005149423463450771
168,2019-12-02,2019,0.007384270803423442
169,2018-12-18,2018,0.006041609995315169
170,2021-07-23,2021,0.005149423463450771
171,2020-06-21,2020,0.0037376708326406854
172,2019-03-12,2019,0.007384270803423442
173,2018-11-10,2018,0.006041609995315169
174,2021-07-07,2021,0.005149423463450771
175,2020-07-23,2020,0.0037376708326406854
176,2019-07-04,2019,0.007384270803423442
177,2018-05-13,2018,0.006041609995315169
178,2018-05-02,2018,0.006041609995315169
179,2020-09-26,2020,0.0037376708326406854
180,2018-11-11,2018,0.006041609995315169
181,2021-05-11,2021,0.005149423463450771
182,2020-03-14,2020,0.0037376708326406854
183,2020-10-15,2020,0.0037376708326406854
184,2018-01-25,2018,0.006041609995315169
185,2018-08-07,2018,0.006041609995315169
186,2019-05-01,2019,0.007384270803423442
187,2018-04-24,2018,0.006041609995315169
188,2019-04-17,2019,0.007384270803423442
189,2018-02-21,2018,0.006041609995315169
190,2020-12-08,2020,0.0037376708326406854
191,2019-02-22,2019,0.007384270803423442
192,2021-07-03,2021,0.005149423463450771
193,2019-07-12,2019,0.007384270803423442
194,2020-05-06,2020,0.0037376708326406854
195,2019-04-04,2019,0.007384270803423442
196,2019-01-30,2019,0.007384270803423442
197,2020-10-17,2020,0.0037376708326406854
198,2020-09-17,2020,0.0037376708326406854
199,2020-05-30,2020,0.0037376708326406854
200,2018-10-09,2018,0.006041609995315169
201,2021-12-08,2021,0.005149423463450771
202,2019-03-29,2019,0.007384270803423442
203,2018-01-16,2018,0.006041609995315169
204,2020-09-23,2020,0.0037376708326406854
205,2018-07-11,2018,0.006041609995315169
206,2019-06-01,2019,0.007384270803423442
207,2021-07-18,2021,0.005149423463450771
208,2020-04-15,2020,0.0037376708326406854
209,2018-11-30,2018,0.006041609995315169
210,2021-07-14,2021,0.005149423463450771
211,2020-01-31,2020,0.0037376708326406854
212,2020-11-01,2020,0.0037376708326406854
213,2020-04-04,2020,0.0037376708326406854
214,2020-09-12,2020,0.0037376708326406854
215,2020-04-12,2020,0.0037376708326406854
216,2020-10-10,2020,0.0037376708326406854
217,2018-11-04,2018,0.006041609995315169
218,2021-05-06,2021,0.005149423463450771
219,2020-05-08,2020,0.0037376708326406854
220,2020-05-13,2020,0.0037376708326406854
221,2021-12-09,2021,0.005149423463450771
222,2021-09-21,2021,0.005149423463450771
223,2019-04-20,2019,0.007384270803423442
224,2020-09-14,2020,0.0037376708326406854
225,2021-08-07,2021,0.005149423463450771
226,2019-10-18,2019,0.007384270803423442
227,2020-04-11,2020,0.0037376708326406854
228,2019-10-06,2019,0.007384270803423442
229,2018-08-31,2018,0.006041609995315169
230,2021-07-30,2021,0.005149423463450771
231,2020-08-29,2020,0.0037376708326406854
232,2021-12-03,2021,0.005149423463450771
233,2018-10-18,2018,0.006041609995315169
234,2018-01-14,2018,0.006041609995315169
235,2018-03-03,2018,0.006041609995315169
236,2018-12-28,2018,0.006041609995315169
237,2019-05-17,2019,0.007384270803423442
238,2021-11-26,2021,0.005149423463450771
239,2019-12-03,2019,0.007384270803423442
240,2020-07-12,2020,0.0037376708326406854
241,2021-09-22,2021,0.005149423463450771
242,2021-02-11,2021,0.005149423463450771
243,2021-07-30,2021,0.005149423463450771
244,2020-06-01,2020,0.0037376708326406854
245,2019-07-10,2019,0.007384270803423442
246,2018-02-25,2018,0.006041609995315169
247,2019-12-03,2019,0.007384270803423442
248,2020-10-12,2020,0.0037376708326406854
249,2019-09-13,2019,0.007384270803423442
250,2021-08-06,2021,0.005149423463450771
251,2020-06-08,2020,0.0037376708326406854
252,2018-04-05,2018,0.006041609995315169
253,2021-08-02,2021,0.005149423463450771
254,2018-08-23,2018,0.006041609995315169
255,2021-10-27,2021,0.005149423463450771
256,2018-12-22,2018,0.006041609995315169
257,2021-03-31,2021,0.005149423463450771
258,2020-08-02,2020,0.0037376708326406854
259,2019-09-27,2019,0.007384270803423442
260,2018-01-01,2018,0.006041609995315169
261,2018-06-22,2018,0.006041609995315169
262,2020-10-08,2020,0.0037376708326406854
263,2018-10-27,2018,0.006041609995315169
264,2018-05-19,2018,0.006041609995315169
265,2020-11-11,2020,0.0037376708326406854
266,2018-08-13,2018,0.006041609995315169
267,2019-03-09,2019,0.007384270803423442
268,2018-02-15,2018,0.006041609995315169
269,2021-06-23,2021,0.005149423463450771
270,2018-03-17,2018,0.006041609995315169
271,2018-03-22,2018,0.006041609995315169
272,2020-09-29,2020,0.0037376708326406854
273,2018-11-23,2018,0.006041609995315169
274,2020-08-19,2020,0.0037376708326406854
275,2019-05-07,2019,0.007384270803423442
276,2020-05-05,2020,0.0037376708326406854
277,2018-06-30,2018,0.006041609995315169
278,2018-05-10,2018,0.006041609995315169
279,2021-01-18,2021,0.005149423463450771
280,2018-07-04,2018,0.006041609995315169
281,2020-11-22,2020,0.0037376708326406854
282,2020-09-29,2020,0.0037376708326406854
283,2018-08-17,2018,0.006041609995315169
284,2018-03-18,2018,0.006041609995315169
285,2019-02-15,2019,0.007384270803423442
286,2020-10-12,2020,0.0037376708326406854
287,2020-10-14,2020,0.0037376708326406854
288,2020-08-02,2020,0.0037376708326406854
289,2018-07-11,2018,0.006041609995315169
290,2020-03-13,2020,0.0037376708326406854
291,2021-01-23,2021,0.005149423463450771
292,2018-09-20,2018,0.006041609995315169
293,2021-09-16,2021,0.005149423463450771
294,2020-05-03,2020,0.0037376708326406854
295,2021-05-16,2021,0.005149423463450771
296,2018-02-02,2018,0.006041609995315169
297,2020-11-28,2020,0.0037376708326406854
298,2019-06-12,2019,0.007384270803423442
299,2018-06-22,2018,0.006041609995315169
300,2019-04-26,2019,0.007384270803423442
301,2019-07-15,2019,0.007384270803423442
302,2018-10-14,2018,0.006041609995315169
303,2018-12-03,2018,0.006041609995315169
304,2020-08-26,2020,0.0037376708326406854
305,2019-06-17,2019,0.007384270803423442
306,2018-09-21,2018,0.006041609995315169
307,2018-07-29,2018,0.006041609995315169
308,2020-07-24,2020,0.0037376708326406854
309,2018-11-01,2018,0.006041609995315169
310,2021-10-06,2021,0.005149423463450771
311,2020-07-25,2020,0.0037376708326406854
312,2020-11-14,2020,0.0037376708326406854
313,2021-07-10,2021,0.005149423463450771
314,2018-07-03,2018,0.006041609995315169
315,2019-04-13,2019,0.007384270803423442
316,2018-07-05,2018,0.006041609995315169
317,2018-12-28,2018,0.006041609995315169
318,2021-12-13,2021,0.005149423463450771
319,2018-12-14,2018,0.006041609995315169
320,2021-12-01,2021,0.005149423463450771
321,2021-10-24,2021,0.005149423463450771
322,2020-10-03,2020,0.0037376708326406854
323,2018-09-16,2018,0.006041609995315169
324,2019-05-23,2019,0.007384270803423442
325,2019-11-10,2019,0.007384270803423442
326,2019-11-27,2019,0.007384270803423442
327,2021-05-11,2021,0.005149423463450771
328,2019-07-23,2019,0.007384270803423442
329,2020-05-04,2020,0.0037376708326406854
330,2021-06-02,2021,0.005149423463450771
331,2019-03-08,2019,0.007384270803423442
332,2018-01-16,2018,0.006041609995315169
333,2020-04-27,2020,0.0037376708326406854
334,2020-01-29,2020,0.0037376708326406854
335,2021-02-15,2021,0.005149423463450771
336,2019-06-07,2019,0.007384270803423442
337,2018-05-26,2018,0.006041609995315169
338,2018-01-02,2018,0.006041609995315169
339,2021-05-26,2021,0.005149423463450771
340,2021-02-25,2021,0.005149423463450771
341,2020-03-18,2020,0.0037376708326406854
342,2019-09-08,2019,0.007384270803423442
343,2020-09-09,2020,0.0037376708326406854
344,2021-05-30,2021,0.005149423463450771
345,2018-12-30,2018,0.006041609995315169
346,2020-05-14,2020,0.0037376708326406854
347,2019-05-09,2019,0.007384270803423442
348,2021-03-09,2021,0.005149423463450771
349,2020-05-04,2020,0.0037376708326406854
350,2019-12-20,2019,0.007384270803423442
351,2021-04-02,2021,0.005149423463450771
352,2018-01-15,2018,0.006041609995315169
353,2019-07-03,2019,0.007384270803423442
354,2019-03-15,2019,0.007384270803423442
355,2018-12-18,2018,0.006041609995315169
356,2020-12-26,2020,0.0037376708326406854
357,2020-10-01,2020,0.0037376708326406854
358,2019-01-06,2019,0.007384270803423442
359,2019-09-19,2019,0.007384270803423442
360,2020-04-26,2020,0.0037376708326406854
361,2020-08-26,2020,0.0037376708326406854
362,2021-11-10,2021,0.005149423463450771
363,2018-10-12,2018,0.006041609995315169
364,2018-07-12,2018,0.006041609995315169
365,2020-12-29,2020,0.0037376708326406854
366,2018-01-12,2018,0.006041609995315169
367,2018-02-18,2018,0.006041609995315169
368,2020-07-19,2020,0.0037376708326406854
369,2018-05-12,2018,0.006041609995315169
370,2021-10-25,2021,0.005149423463450771
371,2018-07-11,2018,0.006041609995315169
372,2019-07-01,2019,0.007384270803423442
373,2018-03-28,2018,0.006041609995315169
374,2018-01-28,2018,0.006041609995315169
375,2018-02-12,2018,0.006041609995315169
376,2019-07-01,2019,0.007384270803423442
377,2019-05-22,2019,0.007384270803423442
378,2018-06-18,2018,0.006041609995315169
379,2019-05-16,2019,0.007384270803423442
380,2019-06-23,2019,0.007384270803423442
381,2019-12-24,2019,0.007384270803423442
382,2021-07-02,2021,0.005149423463450771
383,2020-05-09,2020,0.0037376708326406854
384,2021-11-01,2021,0.005149423463450771
385,2021-08-12,2021,0.005149423463450771
386,2020-09-08,2020,0.0037376708326406854
387,2020-07-12,2020,0.0037376708326406854
388,2018-03-21,2018,0.006041609995315169
389,2021-07-20,2021,0.005149423463450771
390,2020-05-21,2020,0.0037376708326406854
391,2018-04-13,2018,0.006041609995315169
392,2020-03-16,2020,0.0037376708326406854
393,2019-07-05,2019,0.007384270803423442
394,2019-03-10,2019,0.007384270803423442
395,2019-08-15,2019,0.007384270803423442
396,2018-10-31,2018,0.006041609995315169
397,2020-09-27,2020,0.0037376708326406854
398,2019-11-17,2019,0.007384270803423442
399,2018-01-06,2018,0.006041609995315169
400,2021-05-03,2021,0.005149423463450771
401,2021-10-31,2021,0.005149423463450771
402,2018-03-04,2018,0.006041609995315169
403,2020-02-22,2020,0.0037376708326406854
404,2019-05-25,2019,0.007384270803423442
405,2018-09-06,2018,0.006041609995315169
406,2021-02-15,2021,0.005149423463450771
407,2021-12-09,2021,0.005149423463450771
408,2019-10-27,2019,0.007384270803423442
409,2018-06-25,2018,0.006041609995315169
410,2021-07-01,2021,0.005149423463450771
411,2019-02-22,2019,0.007384270803423442
412,2021-11-10,2021,0.005149423463450771
413,2021-10-26,2021,0.005149423463450771
414,2020-07-11,2020,0.0037376708326406854
415,2020-02-16,2020,0.0037376708326406854
416,2018-09-16,2018,0.006041609995315169
417,2019-02-10,2019,0.007384270803423442
418,2018-01-12,2018,0.006041609995315169
419,2021-01-06,2021,0.005149423463450771
420,2018-08-23,2018,0.006041609995315169
421,2019-08-03,2019,0.007384270803423442
422,2018-04-18,2018,0.006041609995315169
423,2021-11-28,2021,0.005149423463450771
424,2018-12-11,2018,0.006041609995315169
425,2019-07-15,2019,0.007384270803423442
426,2019-12-02,2019,0.007384270803423442
427,2018-11-29,2018,0.006041609995315169
428,2021-09-15,2021,0.005149423463450771
429,2020-03-31,2020,0.0037376708326406854
430,2020-06-08,2020,0.0037376708326406854
431,2020-09-25,2020,0.0037376708326406854
432,2020-12-12,2020,0.0037376708326406854
433,2021-04-25,2021,0.005149423463450771
434,2019-10-25,2019,0.007384270803423442
435,2020-10-14,2020,0.0037376708326406854
436,2020-08-23,2020,0.0037376708326406854
437,2018-05-26,2018,0.006041609995315169
438,2019-01-19,2019,0.007384270803423442
439,2021-06-05,2021,0.005149423463450771
440,2019-01-12,2019,0.007384270803423442
441,2021-04-19,2021,0.005149423463450771
442,2018-12-19,2018,0.006041609995315169
443,2021-04-04,2021,0.005149423463450771
444,2020-11-04,2020,0.0037376708326406854
445,2019-09-02,2019,0.007384270803423442
446,2019-08-03,2019,0.007384270803423442
447,2021-06-04,2021,0.005149423463450771
448,2020-01-11,2020,0.0037376708326406854
449,2020-03-24,2020,0.0037376708326406854
450,2019-12-18,2019,0.007384270803423442
451,2021-05-28,2021,0.005149423463450771
452,2019-04-26,2019,0.007384270803423442
453,2018-04-24,2018,0.006041609995315169
454,2021-05-16,2021,0.005149423463450771
455,2021-01-15,2021,0.005149423463450771
456,2018-01-29,2018,0.006041609995315169
457,2018-07-18,2018,0.006041609995315169
458,2021-06-14,2021,0.005149423463450771
459,2020-08-30,2020,0.0037376708326406854
460,2018-10-21,2018,0.006041609995315169
461,2018-04-27,2018,0.006041609995315169
462,2018-06-24,2018,0.006041609995315169
463,2020-08-24,2020,0.0037376708326406854
464,2021-07-09,2021,0.005149423463450771
465,2018-09-02,2018,0.006041609995315169
466,2019-07-25,2019,0.007384270803423442
467,2020-01-28,2020,0.0037376708326406854
468,2020-07-15,2020,0.0037376708326406854
469,2019-10-29,2019,0.007384270803423442
470,2021-09-06,2021,0.005149423463450771
471,2020-12-09,2020,0.0037376708326406854
472,2018-04-20,2018,0.006041609995315169
473,2021-05-10,2021,0.005149423463450771
474,2019-05-18,2019,0.007384270803423442
475,2019-06-06,2019,0.007384270803423442
476,2018-06-14,2018,0.006041609995315169
477,2021-07-16,2021,0.005149423463450771
478,2020-04-19,2020,0.0037376708326406854
479,2018-04-19,2018,0.006041609995315169
480,2021-08-18,2021,0.005149423463450771
481,2020-02-24,2020,0.0037376708326406854
482,2019-01-13,2019,0.007384270803423442
483,2018-03-26,2018,0.006041609995315169
484,2021-01-11,2021,0.005149423463450771
485,2020-03-28,2020,0.0037376708326406854
486,2018-12-05,2018,0.006041609995315169
487,2018-06-23,2018,0.006041609995315169
488,2021-01-21,2021,0.005149423463450771
489,2018-03-25,2018,0.006041609995315169
490,2018-04-19,2018,0.006041609995315169
491,2021-07-15,2021,0.005149423463450771
492,2019-10-05,2019,0.007384270803423442
493,2020-11-15,2020,0.0037376708326406854
494,2019-02-11,2019,0.007384270803423442
495,2020-08-19,2020,0.0037376708326406854
496,2018-11-10,2018,0.006041609995315169
497,2021-02-11,2021,0.005149423463450771
498,2019-12-29,2019,0.007384270803423442
499,2020-11-30,2020,0.0037376708326406854
500,2018-03-02,2018,0.006041609995315169
501,2020-11-06,2020,0.0037376708326406854
502,2021-12-06,2021,0.005149423463450771
503,2018-03-10,2018,0.006041609995315169
504,2021-01-13,2021,0.005149423463450771
505,2021-05-22,2021,0.005149423463450771
506,2021-11-03,2021,0.005149423463450771
507,2020-08-21,2020,0.0037376708326406854
508,2018-05-07,2018,0.006041609995315169
509,2021-05-16,2021,0.005149423463450771
510,2020-08-26,2020,0.0037376708326406854
511,2019-03-16,2019,0.007384270803423442
512,2018-04-27,2018,0.006041609995315169
513,2019-11-17,2019,0.007384270803423442
514,2018-07-20,2018,0.006041609995315169
515,2021-11-25,2021,0.005149423463450771
516,2021-11-03,2021,0.005149423463450771
517,2019-07-25,2019,0.007384270803423442
518,2019-06-23,2019,0.007384270803423442
519,2018-10-26,2018,0.006041609995315169
520,2018-12-27,2018,0.006041609995315169
521,2020-01-12,2020,0.0037376708326406854
522,2021-07-29,2021,0.005149423463450771
523,2019-02-05,2019,0.007384270803423442
524,2019-08-20,2019,0.007384270803423442
525,2018-10-07,2018,0.006041609995315169
526,2021-11-24,2021,0.005149423463450771
527,2021-06-09,2021,0.005149423463450771
528,2019-05-26,2019,0.007384270803423442
529,2019-07-25,2019,0.007384270803423442
530,2020-06-18,2020,0.0037376708326406854
531,2018-01-05,2018,0.006041609995315169
532,2020-06-23,2020,0.0037376708326406854
533,2018-02-18,2018,0.006041609995315169
534,2021-01-27,2021,0.005149423463450771
535,2018-07-17,2018,0.006041609995315169
536,2019-10-04,2019,0.007384270803423442
537,2021-08-02,2021,0.005149423463450771
538,2021-05-24,2021,0.005149423463450771
539,2021-07-25,2021,0.005149423463450771
540,2020-03-29,2020,0.0037376708326406854
541,2019-01-28,2019,0.007384270803423442
542,2021-04-29,2021,0.005149423463450771
543,2020-08-12,2020,0.0037376708326406854
544,2021-09-10,2021,0.005149423463450771
545,2019-04-10,2019,0.007384270803423442
546,2019-12-03,2019,0.007384270803423442
547,2019-01-28,2019,0.007384270803423442
548,2019-01-08,2019,0.007384270803423442
549,2020-03-09,2020,0.0037376708326406854
550,2020-05-26,2020,0.0037376708326406854
551,2021-07-28,2021,0.005149423463450771
552,2018-11-17,2018,0.006041609995315169
553,2021-01-08,2021,0.005149423463450771
554,2019-07-16,2019,0.007384270803423442
555,2020-04-03,2020,0.0037376708326406854
556,2021-03-02,2021,0.005149423463450771
557,2020-09-30,2020,0.0037376708326406854
558,2020-04-09,2020,0.0037376708326406854
559,2021-09-25,2021,0.005149423463450771
560,2018-03-10,2018,0.006041609995315169
561,2018-08-30,2018,0.006041609995315169
562,2021-09-08,2021,0.005149423463450771
563,2021-11-21,2021,0.005149423463450771
564,2020-12-24,2020,0.0037376708326406854
565,2019-06-26,2019,0.007384270803423442
566,2019-05-30,2019,0.007384270803423442
567,2019-06-13,2019,0.007384270803423442
568,2021-08-25,2021,0.005149423463450771
569,2019-11-23,2019,0.007384270803423442
570,2021-06-05,2021,0.005149423463450771
571,2020-03-03,2020,0.0037376708326406854
572,2018-04-28,2018,0.006041609995315169
573,2020-10-04,2020,0.0037376708326406854
574,2020-04-06,2020,0.0037376708326406854
575,2018-01-24,2018,0.006041609995315169
576,2021-12-26,2021,0.005149423463450771
577,2019-08-16,2019,0.007384270803423442
578,2021-04-11,2021,0.005149423463450771
579,2021-12-20,2021,0.005149423463450771
580,2019-11-08,2019,0.007384270803423442
581,2019-07-14,2019,0.007384270803423442
582,2019-12-05,2019,0.007384270803423442
583,2020-05-30,2020,0.0037376708326406854
584,2018-02-14,2018,0.006041609995315169
585,2020-04-15,2020,0.0037376708326406854
586,2019-05-21,2019,0.007384270803423442
587,2020-03-12,2020,0.0037376708326406854
588,2018-05-10,2018,0.006041609995315169
589,2020-10-03,2020,0.0037376708326406854
590,2021-06-02,2021,0.005149423463450771
591,2020-11-15,2020,0.0037376708326406854
592,2019-10-01,2019,0.007384270803423442
593,2019-12-22,2019,0.007384270803423442
594,2020-05-16,2020,0.0037376708326406854
595,2018-10-20,2018,0.006041609995315169
596,2019-06-01,2019,0.007384270803423442
597,2021-08-13,2021,0.005149423463450771
598,2020-10-31,2020,0.0037376708326406854
599,2019-08-20,2019,0.007384270803423442
600,2021-07-17,2021,0.005149423463450771
601,2021-05-05,2021,0.005149423463450771
602,2020-01-18,2020,0.0037376708326406854
603,2021-03-19,2021,0.005149423463450771
604,2021-01-02,2021,0.005149423463450771
605,2021-05-06,2021,0.005149423463450771
606,2018-02-18,2018,0.006041609995315169
607,2018-08-13,2018,0.006041609995315169
608,2019-03-17,2019,0.007384270803423442
609,2021-02-03,2021,0.005149423463450771
610,2019-09-01,2019,0.007384270803423442
611,2019-12-12,2019,0.007384270803423442
612,2020-10-02,2020,0.0037376708326406854
613,2021-07-07,2021,0.005149423463450771
614,2019-11-30,2019,0.007384270803423442
615,2020-11-25,2020,0.0037376708326406854
616,2018-12-10,2018,0.006041609995315169
617,2020-04-25,2020,0.0037376708326406854
618,2020-12-13,2020,0.0037376708326406854
619,2019-10-12,2019,0.007384270803423442
620,2019-02-07,2019,0.007384270803423442
621,2020-11-25,2020,0.0037376708326406854
622,2018-11-05,2018,0.006041609995315169
623,2019-03-13,2019,0.007384270803423442
624,2018-07-25,2018,0.006041609995315169
625,2019-09-28,2019,0.007384270803423442
626,2020-12-18,2020,0.0037376708326406854
627,2021-02-16,2021,0.005149423463450771
628,2018-04-20,2018,0.006041609995315169
629,2021-09-11,2021,0.005149423463450771
630,2018-05-01,2018,0.006041609995315169
631,2020-05-28,2020,0.0037376708326406854
632,2021-06-04,2021,0.005149423463450771
633,2020-11-10,2020,0.0037376708326406854
634,2020-11-29,2020,0.0037376708326406854
635,2021-11-01,2021,0.005149423463450771
636,2019-06-07,2019,0.007384270803423442
637,2020-08-23,2020,0.0037376708326406854
638,2018-08-07,2018,0.006041609995315169
639,2018-12-03,2018,0.006041609995315169
640,2020-06-29,2020,0.0037376708326406854
641,2021-10-09,2021,0.005149423463450771
642,2019-05-19,2019,0.007384270803423442
643,2021-07-18,2021,0.005149423463450771
644,2018-09-21,2018,0.006041609995315169
645,2021-03-04,2021,0.005149423463450771
646,2018-11-28,2018,0.006041609995315169
647,2020-06-08,2020,0.0037376708326406854
648,2020-10-11,2020,0.0037376708326406854
649,2020-09-11,2020,0.0037376708326406854
650,2018-12-03,2018,0.006041609995315169
651,2019-03-04,2019,0.007384270803423442
652,2021-07-12,2021,0.005149423463450771
653,2020-10-29,2020,0.0037376708326406854
654,2020-12-13,2020,0.0037376708326406854
655,2018-02-14,2018,0.006041609995315169
656,2019-04-24,2019,0.007384270803423442
657,2020-06-20,2020,0.0037376708326406854
658,2019-06-29,2019,0.007384270803423442
659,2021-11-11,2021,0.005149423463450771
660,2020-03-25,2020,0.0037376708326406854
661,2018-02-14,2018,0.006041609995315169
662,2019-10-03,2019,0.007384270803423442
663,2020-11-15,2020,0.0037376708326406854
664,2021-11-21,2021,0.005149423463450771
665,2020-07-01,2020,0.0037376708326406854
666,2021-11-01,2021,0.005149423463450771
667,2019-04-23,2019,0.007384270803423442
668,2020-12-30,2020,0.0037376708326406854
669,2018-11-02,2018,0.006041609995315169
670,2018-02-28,2018,0.006041609995315169
671,2021-09-07,2021,0.005149423463450771
672,2018-12-28,2018,0.006041609995315169
673,2019-05-14,2019,0.007384270803423442
674,2020-12-26,2020,0.0037376708326406854
675,2019-09-02,2019,0.007384270803423442
676,2021-07-14,2021,0.005149423463450771
677,2019-12-08,2019,0.007384270803423442
678,2019-04-09,2019,0.007384270803423442
679,2019-10-26,2019,0.007384270803423442
680,2018-11-20,2018,0.006041609995315169
681,2021-01-04,2021,0.005149423463450771
682,2020-10-10,2020,0.0037376708326406854
683,2018-05-13,2018,0.006041609995315169
684,2020-12-12,2020,0.0037376708326406854
685,2018-07-11,2018,0.006041609995315169
686,2019-09-18,2019,0.007384270803423442
687,2019-06-22,2019,0.007384270803423442
688,2020-10-24,2020,0.0037376708326406854
689,2018-05-24,2018,0.006041609995315169
690,2021-02-19,2021,0.005149423463450771
691,2020-03-29,2020,0.0037376708326406854
692,2020-09-18,2020,0.0037376708326406854
693,2020-11-21,2020,0.0037376708326406854
694,2018-08-22,2018,0.006041609995315169
695,2021-01-27,2021,0.005149423463450771
696,2018-07-24,2018,0.006041609995315169
697,2018-10-24,2018,0.006041609995315169
698,2018-02-17,2018,0.006041609995315169
699,2020-01-20,2020,0.0037376708326406854
700,2021-02-12,2021,0.005149423463450771
701,2018-06-17,2018,0.006041609995315169
702,2020-10-28,2020,0.0037376708326406854
703,2020-09-17,2020,0.0037376708326406854
704,2018-08-16,2018,0.006041609995315169
705,2020-04-20,2020,0.0037376708326406854
706,2021-07-09,2021,0.005149423463450771
707,2019-07-26,2019,0.007384270803423442
708,2018-11-03,2018,0.006041609995315169
709,2019-03-24,2019,0.007384270803423442
710,2020-12-24,2020,0.0037376708326406854
711,2021-12-21,2021,0.005149423463450771
712,2020-04-16,2020,0.0037376708326406854
713,2018-09-05,2018,0.006041609995315169
714,2021-10-07,2021,0.005149423463450771
715,2019-03-08,2019,0.007384270803423442
716,2021-05-22,2021,0.005149423463450771
717,2019-06-14,2019,0.007384270803423442
718,2019-06-10,2019,0.007384270803423442
719,2018-01-10,2018,0.006041609995315169
720,2021-09-28,2021,0.005149423463450771
721,2019-10-11,2019,0.007384270803423442
722,2019-08-03,2019,0.007384270803423442
723,2020-03-05,2020,0.0037376708326406854
724,2020-01-02,2020,0.0037376708326406854
725,2018-11-10,2018,0.006041609995315169
726,2018-06-01,2018,0.006041609995315169
727,2018-03-28,2018,0.006041609995315169
728,2021-05-03,2021,0.005149423463450771
729,2019-01-24,2019,0.007384270803423442
730,2020-08-14,2020,0.0037376708326406854
731,2020-02-07,2020,0.0037376708326406854
732,2019-08-25,2019,0.007384270803423442
733,2018-07-02,2018,0.006041609995315169
734,2019-12-05,2019,0.007384270803423442
735,2018-07-05,2018,0.006041609995315169
736,2021-07-29,2021,0.005149423463450771
737,2018-12-25,2018,0.006041609995315169
738,2019-05-08,2019,0.007384270803423442
739,2021-07-01,2021,0.005149423463450771
740,2018-04-09,2018,0.006041609995315169
741,2018-03-02,2018,0.006041609995315169
742,2019-09-21,2019,0.007384270803423442
743,2021-05-15,2021,0.005149423463450771
744,2018-11-29,2018,0.006041609995315169
745,2020-11-15,2020,0.0037376708326406854
746,2018-06-16,2018,0.006041609995315169
747,2020-04-09,2020,0.0037376708326406854
748,2019-07-06,2019,0.007384270803423442
749,2019-04-11,2019,0.007384270803423442
750,2018-04-21,2018,0.006041609995315169
751,2020-04-19,2020,0.0037376708326406854
752,2021-11-27,2021,0.005149423463450771
753,2019-02-03,2019,0.007384270803423442
754,2019-04-23,2019,0.007384270803423442
755,2021-03-10,2021,0.005149423463450771
756,2018-02-09,2018,0.006041609995315169
757,2019-11-01,2019,0.007384270803423442
758,2019-03-22,2019,0.007384270803423442
759,2018-12-24,2018,0.006041609995315169
760,2018-04-14,2018,0.006041609995315169
761,2019-09-16,2019,0.007384270803423442
762,2019-01-10,2019,0.007384270803423442
763,2021-08-14,2021,0.005149423463450771
764,2019-01-27,2019,0.007384270803423442
765,2020-05-20,2020,0.0037376708326406854
766,2018-09-20,2018,0.006041609995315169
767,2018-08-28,2018,0.006041609995315169
768,2019-03-19,2019,0.007384270803423442
769,2021-07-23,2021,0.005149423463450771
770,2018-04-25,2018,0.006041609995315169
771,2021-11-11,2021,0.005149423463450771
772,2021-11-24,2021,0.005149423463450771
773,2021-10-11,2021,0.005149423463450771
774,2020-04-28,2020,0.0037376708326406854
775,2020-11-24,2020,0.0037376708326406854
776,2018-11-23,2018,0.006041609995315169
777,2018-03-09,2018,0.006041609995315169
778,2018-09-26,2018,0.006041609995315169
779,2019-03-24,2019,0.007384270803423442
780,2020-01-11,2020,0.0037376708326406854
781,2020-03-24,2020,0.0037376708326406854
782,2020-01-02,2020,0.0037376708326406854
783,2018-04-16,2018,0.006041609995315169
784,2020-05-25,2020,0.0037376708326406854
785,2018-05-08,2018,0.006041609995315169
786,2020-11-08,2020,0.0037376708326406854
787,2019-09-21,2019,0.007384270803423442
788,2021-05-28,2021,0.005149423463450771
789,2021-04-22,2021,0.005149423463450771
790,2021-03-19,2021,0.005149423463450771
791,2019-08-21,2019,0.007384270803423442
792,2019-07-15,2019,0.007384270803423442
793,2021-07-03,2021,0.005149423463450771
794,2020-09-02,2020,0.0037376708326406854
795,2018-05-26,2018,0.006041609995315169
796,2020-06-19,2020,0.0037376708326406854
797,2019-06-29,2019,0.007384270803423442
798,2020-04-15,2020,0.0037376708326406854
799,2019-11-11,2019,0.007384270803423442
800,2018-07-27,2018,0.006041609995315169
801,2019-03-03,2019,0.007384270803423442
802,2018-09-06,2018,0.006041609995315169
803,2018-04-22,2018,0.006041609995315169
804,2019-02-14,2019,0.007384270803423442
805,2018-10-02,2018,0.006041609995315169
806,2019-01-09,2019,0.007384270803423442
807,2021-07-18,2021,0.005149423463450771
808,2020-11-23,2020,0.0037376708326406854
809,2018-01-11,2018,0.006041609995315169
810,2021-04-06,2021,0.005149423463450771
811,2018-10-02,2018,0.006041609995315169
812,2018-02-17,2018,0.006041609995315169
813,2020-10-17,2020,0.0037376708326406854
814,2021-10-12,2021,0.005149423463450771
815,2019-11-22,2019,0.007384270803423442
816,2018-11-06,2018,0.006041609995315169
817,2021-09-25,2021,0.005149423463450771
818,2021-04-29,2021,0.005149423463450771
819,2020-07-31,2020,0.0037376708326406854
820,2021-09-19,2021,0.005149423463450771
821,2018-03-29,2018,0.006041609995315169
822,2018-07-08,2018,0.006041609995315169
823,2019-03-28,2019,0.007384270803423442
824,2018-10-31,2018,0.006041609995315169
825,2021-10-11,2021,0.005149423463450771
826,2019-04-10,2019,0.007384270803423442
827,2018-02-06,2018,0.006041609995315169
828,2019-06-12,2019,0.007384270803423442
829,2020-06-09,2020,0.0037376708326406854
830,2021-02-23,2021,0.005149423463450771
831,2021-06-13,2021,0.005149423463450771
832,2019-07-03,2019,0.007384270803423442
833,2019-01-15,2019,0.007384270803423442
834,2021-07-03,2021,0.005149423463450771
835,2020-06-05,2020,0.0037376708326406854
836,2020-02-20,2020,0.0037376708326406854
837,2019-08-20,2019,0.007384270803423442
838,2019-10-12,2019,0.007384270803423442
839,2019-08-27,2019,0.007384270803423442
840,2018-12-15,2018,0.006041609995315169
841,2020-05-12,2020,0.0037376708326406854
842,2021-08-10,2021,0.005149423463450771
843,2019-08-09,2019,0.007384270803423442
844,2020-11-24,2020,0.0037376708326406854
845,2019-06-15,2019,0.007384270803423442
846,2018-09-02,2018,0.006041609995315169
847,2019-04-19,2019,0.007384270803423442
848,2020-12-06,2020,0.0037376708326406854
849,2018-08-10,2018,0.006041609995315169
850,2021-08-26,2021,0.005149423463450771
851,2018-08-13,2018,0.006041609995315169
852,2020-11-01,2020,0.0037376708326406854
853,2019-05-23,2019,0.007384270803423442
854,2018-10-30,2018,0.006041609995315169
855,2020-10-26,2020,0.0037376708326406854
856,2018-09-14,2018,0.006041609995315169
857,2019-01-30,2019,0.007384270803423442
858,2021-08-07,2021,0.005149423463450771
859,2018-06-03,2018,0.006041609995315169
860,2018-06-30,2018,0.006041609995315169
861,2020-09-30,2020,0.0037376708326406854
862,2019-06-17,2019,0.007384270803423442
863,2018-04-23,2018,0.006041609995315169
864,2018-08-08,2018,0.006041609995315169
865,2021-06-05,2021,0.005149423463450771
866,2019-09-24,2019,0.007384270803423442
867,2018-01-14,2018,0.006041609995315169
868,2019-10-31,2019,0.007384270803423442
869,2018-02-25,2018,0.006041609995315169
870,2018-08-08,2018,0.006041609995315169
871,2020-03-12,2020,0.0037376708326406854
872,2018-08-27,2018,0.006041609995315169
873,2021-09-22,2021,0.005149423463450771
874,2019-06-14,2019,0.007384270803423442
875,2019-02-23,2019,0.007384270803423442
876,2019-09-09,2019,0.007384270803423442
877,2018-04-27,2018,0.006041609995315169
878,2021-08-02,2021,0.005149423463450771
879,2018-03-22,2018,0.006041609995315169
880,2020-01-03,2020,0.0037376708326406854
881,2020-12-30,2020,0.0037376708326406854
882,2020-06-24,2020,0.0037376708326406854
883,2018-06-16,2018,0.006041609995315169
884,2019-03-30,2019,0.007384270803423442
885,2018-01-11,2018,0.006041609995315169
886,2020-05-15,2020,0.0037376708326406854
887,2021-08-22,2021,0.005149423463450771
888,2020-11-08,2020,0.0037376708326406854
889,2019-10-05,2019,0.007384270803423442
890,2019-11-17,2019,0.007384270803423442
891,2019-06-15,2019,0.007384270803423442
892,2018-01-22,2018,0.006041609995315169
893,2021-02-01,2021,0.005149423463450771
894,2018-03-19,2018,0.006041609995315169
895,2021-07-18,2021,0.005149423463450771
896,2021-05-23,2021,0.005149423463450771
897,2018-03-23,2018,0.006041609995315169
898,2020-05-10,2020,0.0037376708326406854
899,2018-01-24,2018,0.006041609995315169
900,2020-02-07,2020,0.0037376708326406854
901,2019-06-03,2019,0.007384270803423442
902,2020-03-18,2020,0.0037376708326406854
903,2020-07-02,2020,0.0037376708326406854
904,2019-11-19,2019,0.007384270803423442
905,2020-01-27,2020,0.0037376708326406854
906,2019-10-11,2019,0.007384270803423442
907,2018-11-29,2018,0.006041609995315169
908,2020-01-11,2020,0.0037376708326406854
909,2021-11-18,2021,0.005149423463450771
910,2019-04-19,2019,0.007384270803423442
911,2019-03-08,2019,0.007384270803423442
912,2019-02-16,2019,0.007384270803423442
913,2020-06-25,2020,0.0037376708326406854
914,2018-06-24,2018,0.006041609995315169
915,2018-06-22,2018,0.006041609995315169
916,2020-11-07,2020,0.0037376708326406854
917,2018-12-04,2018,0.006041609995315169
918,2021-12-10,2021,0.005149423463450771
919,2020-09-30,2020,0.0037376708326406854
920,2021-01-24,2021,0.005149423463450771
921,2021-05-04,2021,0.005149423463450771
922,2018-10-11,2018,0.006041609995315169
923,2021-06-18,2021,0.005149423463450771
924,2019-07-24,2019,0.007384270803423442
925,2019-11-21,2019,0.007384270803423442
926,2019-05-15,2019,0.007384270803423442
927,2021-06-04,2021,0.005149423463450771
928,2020-04-15,2020,0.0037376708326406854
929,2018-05-17,2018,0.006041609995315169
930,2019-08-29,2019,0.007384270803423442
931,2020-01-27,2020,0.0037376708326406854
932,2018-12-07,2018,0.006041609995315169
933,2019-04-08,2019,0.007384270803423442
934,2020-08-02,2020,0.0037376708326406854
935,2018-08-27,2018,0.006041609995315169
936,2018-02-15,2018,0.006041609995315169
937,2019-08-07,2019,0.007384270803423442
938,2019-03-27,2019,0.007384270803423442
939,2021-10-15,2021,0.005149423463450771
940,2020-09-21,2020,0.0037376708326406854
941,2019-10-01,2019,0.007384270803423442
942,2021-04-26,2021,0.005149423463450771
943,2019-05-15,2019,0.007384270803423442
944,2021-03-11,2021,0.005149423463450771
945,2021-04-29,2021,0.005149423463450771
946,2021-08-16,2021,0.005149423463450771
947,2020-11-23,2020,0.0037376708326406854
948,2021-10-04,2021,0.005149423463450771
949,2019-09-14,2019,0.007384270803423442
950,2020-05-02,2020,0.0037376708326406854
951,2018-08-31,2018,0.006041609995315169
952,2020-08-09,2020,0.0037376708326406854
953,2019-03-24,2019,0.007384270803423442
954,2021-01-23,2021,0.005149423463450771
955,2021-01-10,2021,0.005149423463450771
956,2019-07-28,2019,0.007384270803423442
957,2020-07-03,2020,0.0037376708326406854
958,2018-02-13,2018,0.006041609995315169
959,2021-02-17,2021,0.005149423463450771
960,2018-07-26,2018,0.006041609995315169
961,2021-11-13,2021,0.005149423463450771
962,2021-12-18,2021,0.005149423463450771
963,2021-04-30,2021,0.005149423463450771
964,2021-06-15,2021,0.005149423463450771
965,2019-08-02,2019,0.007384270803423442
966,2018-07-31,2018,0.006041609995315169
967,2018-09-22,2018,0.006041609995315169
968,2019-05-25,2019,0.007384270803423442
969,2018-01-05,2018,0.006041609995315169
970,2020-07-15,2020,0.0037376708326406854
971,2020-01-29,2020,0.0037376708326406854
972,2020-09-15,2020,0.0037376708326406854
973,2020-12-08,2020,0.0037376708326406854
974,2020-01-06,2020,0.0037376708326406854
975,2021-04-19,2021,0.005149423463450771
976,2019-10-27,2019,0.007384270803423442
977,2020-04-24,2020,0.0037376708326406854
978,2021-01-21,2021,0.005149423463450771
979,2021-03-18,2021,0.005149423463450771
980,2020-02-13,2020,0.0037376708326406854
981,2020-07-20,2020,0.0037376708326406854
982,2021-06-30,2021,0.005149423463450771
983,2018-03-19,2018,0.006041609995315169
984,2018-10-24,2018,0.006041609995315169
985,2021-12-30,2021,0.005149423463450771
986,2019-04-01,2019,0.007384270803423442
987,2020-07-23,2020,0.0037376708326406854
988,2018-12-04,2018,0.006041609995315169
989,2020-04-23,2020,0.0037376708326406854
990,2020-06-13,2020,0.0037376708326406854
991,2021-01-13,2021,0.005149423463450771
992,2020-06-04,2020,0.0037376708326406854
993,2018-09-06,2018,0.006041609995315169
994,2019-01-26,2019,0.007384270803423442
995,2018-05-14,2018,0.006041609995315169
996,2021-01-08,2021,0.005149423463450771
997,2021-04-30,2021,0.005149423463450771
998,2021-02-14,2021,0.005149423463450771
999,2019-07-11,2019,0.007384270803423442
