draw,coefficient
1,0.019441065970795285
2,-0.041911980672380084
3,-0.08064421646424748
4,0.045949505366059226
5,-0.05319868223994359
6,-0.034660445463692374
7,0.03623947930821914
8,0.05101071586569258
9,-0.06179708168484414
10,-0.015247216757526013
11,-0.07309844257396331
12,0.028118416671990415
13,0.044342617375998206
14,0.027514930762455966
15,-0.05211826151047784
16,0.04239710256264942
17,0.011078083908523604
18,-0.08484047768266284
19,-0.0027807062983251783
20,-0.032297639974152435
21,-0.03278321090081527
22,0.017997243660117377
23,-0.0779449234304063
24,0.016276380021982964
25,0.04099918001212003
26,0.03396632762740708
27,0.03047168502190945
28,-0.042854251553366696
29,0.04009808715455239
30,-0.033274400671202874
31,-0.08652487047333718
32,-0.03343816596622421
33,0.03373386319277282
34,0.002352517539715609
35,-0.02361240178055972
36,-0.004570810668403167
37,-0.01133396854495904
38,0.03755574986644638
39,0.047653178834856785
40,0.008073741452578668
41,-0.02054286446098928
42,-0.028169918556259863
43,-0.06294895118349396
44,-0.03955408233846266
45,0.04059463137721545
46,-0.0016816582498571818
47,-0.018093320112880742
48,-0.006672520150687285
49,-0.027330133894690033
50,-0.049466628533843114
51,-0.013481731515529491
52,0.03181476266657384
53,0.04389857989175026
54,-0.026251485622774934
55,0.0005261648504783099
56,-0.047105361641445034
57,-0.09176228912191661
58,-0.06585637857311115
59,-0.021489757594191635
60,0.016729671822592305
61,0.016315655409409928
62,-0.03845626952053438
63,0.04055428739465076
64,-0.07192783549172961
65,-0.05019329952005314
66,0.0574412258232478
67,0.0630723946004741
68,-0.023049893084528275
69,-0.029239537966072753
70,0.026046005834254846
71,-0.04131477632556081
72,0.034379544230491804
73,-0.015809937306128657
74,-0.06840320737015607
75,-0.08064113677697894
76,0.027615457738171926
77,0.018186033972164308
78,0.03398040458455035
79,-0.011542782094487607
80,0.0001360809720812929
81,-0.052901237588278714
82,-0.0058614341240169005
83,0.014636587056646031
84,-0.05450434749039157
85,-0.052896090508746225
86,-0.050339681160533126
87,-0.03995595779117004
88,-0.012839335774036545
89,0.05942188761505886
90,-0.08304963748324429
91,-0.017454729051048664
92,-0.07442881483815406
93,-0.018767214859188978
94,-0.018647939915795615
95,0.022406194933978253
96,-0.0429027473518941
97,0.02457430620594736
98,-0.005068972888161814
99,-0.024575129636643763
100,-0.0032722584543324784
101,-0.0237992384250613
102,-0.041411529272670576
103,0.018812370542543155
104,0.018770660792287484
105,0.03864859075528137
106,-0.007421884725294656
107,0.014449123404013976
108,0.01647787134881494
109,0.026628679707484056
110,-0.06265232390580382
111,0.0037435280929857123
112,-0.014382287685431107
113,0.011442136053193957
114,0.007301104586799787
115,-0.05505658812098046
116,-0.02401512790924805
117,0.03571449055742316
118,0.0037659274495939654
119,-0.03423710893707767
120,-0.05252649779752156
121,0.04933054135428888
122,-0.0030642605891482593
123,-0.038234448159980554
124,-0.08330782951974537
125,-0.01434802010231551
126,-0.006863230919163979
127,-0.049541290652267214
128,0.041355913321156096
129,0.020316815735161257
130,-0.04488865137490281
131,0.026788593660284715
132,-0.018544097188681725
133,-0.061072065819836256
134,-0.05019357043824568
135,0.0035600159388215263
136,-0.06336630639705859
137,0.006032105177876053
138,0.016515113345102438
139,0.0018906353339590276
140,0.0268155314017533
141,-0.007881869050500175
142,-0.06744788216773775
143,-0.06632730592539708
144,-0.007528084503953773
145,0.002127491450713458
146,-0.04609435546153587
147,-0.05298773682033819
148,-0.02837873812805285
149,0.013535972047968404
150,0.040804611154979485
151,0.010159541793413886
152,-0.04426410181988329
153,-0.019960102296447253
154,-0.03463416523178525
155,-0.08759401565750308
156,-0.05610664730339299
157,0.05849370615988365
158,0.027572630779033623
159,-0.032595866548494494
160,0.05761143612439382
161,-0.025852915040774943
162,-0.02442757954324875
163,-0.0064474406007140155
164,-0.03750867680739168
165,-0.02176050776073435
166,0.021806875525193628
167,-0.04305719769299676
168,-0.05427406958926377
169,-0.01911504951465356
170,0.018555831687748492
171,-0.02153309607872022
172,0.021969381395818676
173,-0.08247469722795846
174,0.008865249665739169
175,-0.009642784907689895
176,0.033288636323100106
177,0.02805320642890221
178,0.029363330014797018
179,0.013598917466794412
180,-0.025696083963488887
181,-0.006283059229040655
182,-0.04461414615629676
183,-0.01160358995177275
184,-0.018464529659688273
185,-0.014765411351677079
186,-0.039411464170035736
187,-0.10670421906098103
188,0.015085727645563013
189,-0.018494566911279674
190,-0.04229475229357251
191,-0.016717935489410325
192,0.011768181503717817
193,-0.018251255346667244
194,-0.07079615416327074
195,-0.07728595214530476
196,-0.04524681116546655
197,0.041613954220820176
198,-0.04973896934879822
199,-0.04293813218642914
200,-0.07527219490483159
201,0.0045784932029184966
202,-0.04022369382779273
203,-0.03130964020392627
204,-0.03352866565195331
205,-0.08123199837306637
206,-0.03533549076388937
207,0.028001417635564407
208,-0.02795019087236116
209,0.012031243415056125
210,0.012584223701382048
211,-0.01084897317540346
212,0.03226161648608463
213,0.04414380426158037
214,-0.07475278558308202
215,0.03372332403527933
216,-0.022691473296901785
217,-0.03556046624865854
218,-0.0059932548718888215
219,0.03182831146325749
220,-0.042249524757106256
221,-0.018842042902193278
222,-0.04266284854871411
223,0.0427703895687288
224,-0.006588379921020918
225,0.03206818455025581
226,-0.005772266177387199
227,-0.009206198324205175
228,0.017823710257912746
229,-0.05760593831642665
230,0.04073888184321294
231,0.006979895491736319
232,-0.05223498422413432
233,-0.01634093140355024
234,0.03288408371478674
235,0.002417578858664165
236,-0.05868912872919226
237,-0.09202677803805022
238,-0.036503740020602596
239,0.015089590891680174
240,-0.015995460647198857
241,0.006387466702311061
242,0.01506770478005977
243,-0.04684354920708714
244,0.04014761585291793
245,-0.046998117059443525
246,-0.061284304702789616
247,-7.376145686704404e-06
248,0.007689741468095599
249,-0.025316436157469313
250,0.06145113633004564
251,0.023628478860879296
252,-0.06674091547293147
253,-0.034050647091826015
254,-0.015699111143269818
255,-0.037747526965732484
256,-0.04765237203840028
257,-0.02865517274076022
258,0.014800212953089191
259,-0.06386917457102
260,-0.04377332134517032
261,-0.06625594755648664
262,-0.02534202617030171
263,-0.08694819929764769
264,0.005733233670842854
265,0.03464833543938082
266,-0.012039330358600303
267,-0.018814824795509638
268,-0.05079877301694901
269,0.012392552713142626
270,-0.027387955423063628
271,0.03452493158473774
272,0.03812848730986671
273,-0.009636705830254215
274,0.05866234061896903
275,0.00025417095009138525
276,-0.07398515486485474
277,0.011810782773221472
278,-0.04919478684263756
279,-0.030181811979283865
280,0.03764441849859979
281,0.00512150521558959
282,-0.005110738736419991
283,-0.03976216912442432
284,0.04261022693542273
285,-0.02753465672194385
286,-0.02667836826703497
287,0.034914309493079713
288,0.010323631193616001
289,-0.027351533003611036
290,-0.09900209211624743
291,-0.021196682415103127
292,-0.09316318930899833
293,-0.08917518003591472
294,-0.06378182860726606
295,-0.02467545688834706
296,-0.04626031555090445
297,-0.008557959060099965
298,0.014589091139575946
299,0.030026231121118442
300,-0.03756451358600285
301,-0.011013953356930384
302,-0.032476350459850666
303,-0.010137197786465556
304,-0.07799599320775488
305,0.009263081908519896
306,-0.05181706938502321
307,0.015427426454869785
308,0.05683761098214901
309,-0.03696549530153043
310,0.04510452256864765
311,-0.029644170716504662
312,-0.048703608903864125
313,0.024506917842392742
314,0.013839932607945344
315,0.03735972076589653
316,-0.05324475628345326
317,0.028849520262736315
318,0.03842642936202197
319,-0.03227971205347585
320,-0.004759214371806291
321,-0.014936824143582864
322,-0.040778160418776285
323,-0.014159146264096808
324,-0.007883037750088983
325,-0.06612703263825878
326,0.01720761977861589
327,-0.022228830003420786
328,-0.018801648576484243
329,0.025712396691374095
330,0.0055590329825047705
331,-0.024921627888616057
332,-0.02691038955529028
333,-0.0296730424273855
334,-0.025413621947464684
335,-0.02753606612065963
336,-0.0250630911045658
337,0.04970653330688122
338,0.02313432308241322
339,-0.04705922548975616
340,0.042215475457703974
341,-0.05435924792925211
342,-0.04119583932743211
343,-0.07427986548599719
344,0.01302215277274869
345,-0.012586849187971939
346,0.030721826402907198
347,0.03727796759245224
348,-0.08962302254337656
349,0.022118910189187175
350,0.030399378160218486
351,-0.027364985087609556
352,0.02785379588856956
353,-0.05062221235558048
354,0.006298752612834642
355,-0.044547989622071335
356,-0.02533705439727824
357,0.03489898870506763
358,-0.04778130865660744
359,-0.05409437680419635
360,-0.05680724453495518
361,0.03484586565295853
362,-0.019418884952575273
363,0.00639059269876106
364,-0.01591223179493628
365,0.043283743701386025
366,-0.07671765035626271
367,-0.032960781211929184
368,0.03198064622639897
369,0.05081837058288244
370,-0.1091183298271212
371,0.018873636636998235
372,-0.05293250438904537
373,0.033511031294886626
374,0.022115228994682136
375,-0.027183417852734083
376,0.03682577325914685
377,0.011975285875569595
378,0.019934820037897757
379,-0.031855884632177
380,-0.015006586025623886
381,0.02472936079904645
382,-0.056113328991969226
383,0.02996358308700815
384,0.0300156765380817
385,-0.019548093142703934
386,-0.017477644273080004
387,0.056395624882480254
388,-0.03414794825556862
389,0.030572001147074992
390,0.029479716742956744
391,-0.03158773149118449
392,0.0013848478200757667
393,0.03331888216362633
394,-0.04065991064134815
395,-0.00666739985477418
396,-0.05771785060119425
397,0.014712101085862675
398,-0.04889568149905997
399,-0.02613721364890262
400,-0.08984149394792111
401,0.011321779747562611
402,-0.024958639651618663
403,-0.0326170645242851
404,0.030257314984659656
405,-0.01111855791421566
406,-0.04281540305560887
407,0.003205231377314711
408,-0.008992097944865494
409,-0.039068114084055555
410,-0.05555892302612636
411,0.049849956936381556
412,0.026474276832084306
413,0.039087638782847316
414,0.031535285469736246
415,-0.035433130283693264
416,0.036132204618346014
417,-0.027176927640804642
418,-0.018478116916091372
419,-0.05988856430567901
420,-0.02876388861367247
421,-0.0384774278931447
422,-0.04082515558537416
423,-0.023244108064112205
424,-0.013191931369444191
425,-0.06569186827107969
426,0.038443014345943854
427,-0.034489649375327745
428,-0.05403010868737689
429,-0.02187559118593075
430,0.03737581703689255
431,0.04480499272790701
432,0.026607340677806637
433,-0.05406710277100595
434,0.0060345716976478005
435,-0.06541311953944202
436,-0.022668507378366523
437,-0.018202680958097874
438,0.027789877334110386
439,-0.03431760866833193
440,-0.032328089152755514
441,0.05820863547641619
442,-0.033603736833652774
443,-0.06021451646144458
444,-0.016993169084097214
445,0.00598767974610766
446,-0.014688037592727852
447,0.025346982818648937
448,-0.012438098825194293
449,-0.011256569986210416
450,0.010623711573974343
451,-0.0936672696102053
452,0.026600453596896216
453,0.02479912577263902
454,0.038472321136334815
455,0.032494778422716565
456,-0.023443199014006398
457,-0.022702802203248218
458,0.05457425519703349
459,0.022667417052609974
460,0.004665030735303822
461,-0.008696774392976926
462,0.00907149623979562
463,0.03290445185677929
464,-0.01886079059301486
465,0.02550778503064171
466,-0.023219575828742615
467,-0.02677092427714098
468,0.0032292414009375847
469,-0.043056488102587887
470,0.021897290247169705
471,-0.0331888749773861
472,-0.00501796027853501
473,-0.032434717409513696
474,-0.01738214133304168
475,0.03170610258149662
476,-0.05166258352719242
477,0.005454703979141442
478,-0.051563226345522434
479,-0.022379016012056354
480,0.024386489471693907
481,-0.01625843988633316
482,0.0032001022326989285
483,0.04194814606132913
484,0.03110163940850554
485,-0.027206857742998265
486,0.0005502597373325535
487,0.03492745207646318
488,-0.008391561200270297
489,-0.057277634656520346
490,0.03635808260607009
491,-0.013440755807741199
492,-0.005127556642394823
493,-0.01021011596115243
494,-0.03859660599096617
495,0.021551035929236403
496,-0.022214893123007742
497,-0.02133476816293721
498,0.02400991778205518
499,0.04638197805421116
