k_countries,draw,false_date,coefficient
10,1,2020-04-05,0.015213273446408757
10,2,2018-01-17,0.020603687208551595
10,3,2021-09-02,0.008527915956338703
10,4,2018-05-07,0.014085732464594068
10,5,2021-01-25,-0.004827945075416769
10,6,2018-06-14,0.006653921188474233
10,7,2021-12-07,-0.041840439726371643
10,8,2021-04-23,-0.016496080566766644
10,9,2021-08-15,-0.006328139765873736
10,10,2018-05-06,-0.0030420539845536815
10,11,2021-04-24,0.0035839525012797695
10,12,2019-04-21,0.009925349456858103
10,13,2020-02-06,-0.007294026996946433
10,14,2018-09-04,0.012654770962353415
10,15,2019-05-18,0.0020227811991476215
10,16,2019-08-18,0.0074409758116552
10,17,2021-11-16,-0.03126801614609779
10,18,2019-03-25,-0.005003450155681985
10,19,2020-06-27,0.024749635794854466
10,20,2019-08-29,-0.020503919834761325
10,21,2018-01-04,0.00893597626516064
10,22,2019-06-27,-0.03830541148463414
10,23,2020-02-13,0.00828979023478635
10,24,2018-06-23,-0.03790235835398266
10,25,2019-02-04,-0.0103023890790979
10,26,2020-04-26,-0.017108960176716866
10,27,2018-12-04,-0.004592120335349021
10,28,2021-08-22,-0.013966038870557416
10,29,2020-02-17,-0.0024495551630782948
10,30,2019-06-04,0.0218473341317343
10,31,2021-08-31,0.0048019419980593935
10,32,2018-12-01,0.0008159750140589196
10,33,2021-03-31,-0.013295716188493727
10,34,2019-10-29,-0.04516950800544502
10,35,2020-07-22,-0.01655446546525982
10,36,2019-11-16,-0.012440357012595068
10,37,2021-03-06,-0.005367839044138569
10,38,2021-09-09,-0.036291858060755765
10,39,2019-05-18,0.021802395645862928
10,40,2018-06-24,0.004155475946775855
10,41,2019-03-23,-0.0014199278761015315
10,42,2019-05-17,0.01586728155110449
10,43,2021-03-03,-0.010769357134645946
10,44,2021-12-12,-0.011749523483588003
10,45,2020-01-03,-0.008154612915146794
10,46,2020-02-16,-0.01147674311441779
10,47,2018-04-03,-0.0013995323363650584
10,48,2019-10-13,0.0011675198086342343
10,49,2020-06-09,0.0017549906315139645
10,50,2021-02-11,-0.012352154083202511
10,51,2020-03-03,0.010201779955754114
10,52,2019-09-23,0.013179861895868191
10,53,2021-07-22,0.012455673127685581
10,54,2019-07-18,-0.0013827899762280738
10,55,2018-08-11,0.014908470277121114
10,56,2019-12-29,0.02486092256697157
10,57,2019-09-13,0.008352191940954224
10,58,2019-01-06,0.006002809314522521
10,59,2020-07-11,-0.004587042325691514
10,60,2020-12-28,0.004386633677232029
10,61,2021-07-31,-0.014171292675734942
10,62,2020-11-17,-0.016974143523189027
10,63,2018-02-10,-0.005754312943938588
10,64,2020-09-24,-0.02973682277280417
10,65,2021-06-22,-0.06889365325789895
10,66,2019-10-31,-0.0003475744594355984
10,67,2021-05-30,-0.025085501685267946
10,68,2020-02-08,-0.006074034286911186
10,69,2019-12-13,-0.011488886265633816
10,70,2021-08-25,-0.011071701907964998
10,71,2019-08-11,0.012358227109045822
10,72,2020-10-20,0.02069745287236956
10,73,2020-10-03,0.00474877310321624
10,74,2020-09-26,-0.03149207180394575
10,75,2018-01-01,-0.007358951177050466
10,76,2020-12-22,-0.03192930412832149
10,77,2021-01-25,0.020552055592987343
10,78,2021-01-26,-0.0802035013026625
10,79,2021-01-19,0.0028759725944143026
10,80,2021-04-29,0.01575219051715128
10,81,2021-02-03,-0.03339015392443709
10,82,2020-04-05,-0.014974189321582725
10,83,2020-12-12,-0.014263695836129565
10,84,2018-09-10,-0.037552306801085726
10,85,2019-08-08,-0.007172697094732288
10,86,2019-11-18,-0.016674058845246673
10,87,2021-01-11,-0.02398502008473503
10,88,2018-03-21,0.011971723652508839
10,89,2018-01-19,-0.0002026951909026992
10,90,2020-08-26,-0.12422930507311992
10,91,2018-11-19,-0.014974245142530736
10,92,2021-08-26,-0.004923696403204986
10,93,2021-05-20,-0.028469798470246103
10,94,2020-08-31,0.016608859427806686
10,95,2020-01-08,0.013160338065337548
10,96,2018-08-04,-0.025785992259323466
10,97,2019-01-12,-0.00521065790677061
10,98,2021-10-13,0.015071399199131565
10,99,2021-05-06,0.004288086837169436
10,100,2020-05-30,0.010145346107356146
10,101,2020-03-18,0.009547611856648602
10,102,2018-09-23,-0.0075756757421691304
10,103,2021-04-07,-0.022235840215590285
10,104,2019-02-10,-0.02037046957765595
10,105,2019-11-19,0.0008932396804911079
10,106,2020-05-31,-0.02018296432927224
10,107,2021-03-18,-0.01988282574362101
10,108,2021-09-19,0.016168888929473067
10,109,2020-03-06,-0.049279096416973305
10,110,2018-06-22,-0.0045269760254459035
10,111,2021-09-16,0.015834584100914813
10,112,2020-04-11,0.0020492271952956384
10,113,2019-10-05,-0.007754384493002512
10,114,2020-04-30,-0.01647617023845557
10,115,2020-02-01,-0.005638338319690519
10,116,2021-01-16,0.021612290002323464
10,117,2018-03-05,0.022301398017845954
10,118,2021-09-30,-0.017609523809523825
10,119,2020-09-19,0.003902796832795431
10,120,2018-10-01,-0.01681618723933185
10,121,2020-10-29,-0.0338217500905794
10,122,2020-10-01,-0.033035746595671024
10,123,2019-05-14,-0.002123559582872416
10,124,2018-09-24,0.02954080109576675
10,125,2019-03-11,-0.017473737631190468
10,126,2021-02-11,-0.020214101606042336
10,127,2021-04-11,-0.009310891837660588
10,128,2020-02-03,-0.0005090187162141605
10,129,2019-03-19,-0.002907911883047408
10,130,2020-05-22,0.00533732941447931
10,131,2018-07-28,0.010717920693032203
10,132,2019-11-06,0.01749757711003299
10,133,2019-11-27,-0.004232047854760786
10,134,2021-05-07,-0.025852469312666923
10,135,2018-01-15,0.016747727527730027
10,136,2021-04-03,-0.006497914496050855
10,137,2018-03-08,-0.007650070731177036
10,138,2020-02-18,-0.018880921599376106
10,139,2018-06-18,0.006346849104722243
10,140,2021-08-22,-0.031501159390406014
10,141,2019-04-30,-0.05759768824221144
10,142,2018-08-09,0.00014012664367902408
10,143,2019-09-21,-0.01234938553258233
10,144,2019-06-24,0.022204119457013023
10,145,2018-02-02,-0.004265828468792108
10,146,2019-07-07,0.008203356658071951
10,147,2018-06-09,-0.01487357919910348
10,148,2021-12-18,0.015552988089212901
10,149,2018-05-01,-0.0011765435693629033
10,150,2021-05-31,0.0014657729159034338
10,151,2020-06-16,-0.0005296097481380779
10,152,2021-11-28,-0.04260412268832111
10,153,2018-11-09,0.0038667365040943895
10,154,2019-01-24,-0.003947780241708249
10,155,2020-08-12,-0.035161744658326215
10,156,2020-06-25,-0.017940882776626397
10,157,2018-03-18,0.0003754018299076562
10,158,2018-03-19,0.004044620846218358
10,159,2018-04-15,0.028258075041675844
10,160,2018-03-26,-0.008879985283325698
10,161,2020-05-26,-0.008994192576726408
10,162,2021-09-10,-0.04339076403298145
10,163,2020-12-05,0.004927329098708757
10,164,2019-09-14,-0.017920863398348762
10,165,2018-02-21,0.0010684166278421444
10,166,2019-08-10,-0.010017586048670169
10,167,2018-04-30,-0.0008477546815534896
10,168,2020-11-15,0.010800058427303657
10,169,2019-04-25,-0.0010877249467559987
10,170,2020-11-09,-0.032818621732401555
10,171,2019-03-01,-0.008731767563796716
10,172,2019-07-03,-0.011738765515975556
10,173,2021-06-11,-0.04261067349880217
10,174,2020-02-29,0.0028371018958699415
10,175,2021-05-29,-0.01929110363086911
10,176,2020-05-03,0.019041933322024505
10,177,2020-10-02,0.00955383123228257
10,178,2018-08-13,-0.017368986436018575
10,179,2020-09-16,0.028237162717691913
10,180,2018-02-24,0.009390948650010526
10,181,2019-02-12,-0.0017511601511376658
10,182,2019-12-22,-0.004162870273866752
10,183,2018-02-15,0.010715255553538437
10,184,2020-07-06,-0.03333698970485971
10,185,2020-07-15,-0.004048731399946075
10,186,2018-10-31,0.01889985536143985
10,187,2020-05-03,-0.02161309252135358
10,188,2019-08-05,-3.598038299378925e-05
10,189,2018-02-15,-0.017469157790806756
10,190,2019-08-05,0.0014540375768928616
10,191,2018-07-09,0.006643298375998035
10,192,2020-01-25,-0.039623104945757645
10,193,2018-02-09,0.0017675179286872403
10,194,2019-10-10,-0.033557152211719586
10,195,2019-11-10,-0.0167333157336747
10,196,2018-07-21,-0.037136409865242824
10,197,2020-12-03,0.009825831482265847
10,198,2020-12-15,-0.002704963770844707
10,199,2020-02-06,-0.028020455667374294
10,200,2020-09-24,-0.014056516558523253
10,201,2019-05-21,-0.011555150371954417
10,202,2021-07-11,-0.015578512834964336
10,203,2018-10-12,-0.0073118336090720396
10,204,2019-10-30,-0.010619181194155076
10,205,2020-10-01,-0.009943707025357195
10,206,2019-05-09,0.0020555452113279367
10,207,2019-06-28,-0.002848488538635049
10,208,2019-10-28,0.01511546890688465
10,209,2020-05-28,-0.00900548793500319
10,210,2021-12-15,-0.02737264541762464
10,211,2021-10-23,0.006334557219098937
10,212,2019-06-12,0.01328514357700693
10,213,2021-08-27,-0.03816780694396561
10,214,2020-03-20,0.029839215997599016
10,215,2019-08-07,-0.025188382503337377
10,216,2021-11-21,-0.04457924235087089
10,217,2020-02-04,-0.02889443484567309
10,218,2018-08-26,0.0009678125047763288
10,219,2020-11-17,-0.005478683906426605
10,220,2020-05-31,-0.01938290618044512
10,221,2018-04-15,0.00890076488236391
10,222,2018-09-20,0.02445130635891095
10,223,2020-04-17,-0.05172461318828342
10,224,2018-07-02,-0.0199369405826239
10,225,2019-02-21,-0.019790727961990946
10,226,2019-06-28,-0.016278659202404247
10,227,2019-12-26,-0.01923518739742717
10,228,2020-09-08,0.00035338035263658707
10,229,2021-08-22,0.0029674858344771286
10,230,2018-07-15,-0.05937589215797841
10,231,2018-02-21,-0.024811070330593085
10,232,2019-01-12,-0.004705515814306772
10,233,2020-02-27,-0.019088933469070927
10,234,2019-08-09,0.019816341050020125
10,235,2019-09-03,-0.023026088919651768
10,236,2018-09-11,0.013470544531875383
10,237,2018-02-26,0.007580831216276036
10,238,2021-10-21,-0.03484796723266575
10,239,2018-10-26,-0.004675507464977842
10,240,2021-05-24,0.008615059469329722
10,241,2020-11-11,-0.037410682899428005
10,242,2018-08-23,-4.333535940209122e-05
10,243,2021-01-27,0.012414090312055582
10,244,2018-03-23,0.016074930308771333
10,245,2019-05-22,0.02094584596166964
10,246,2018-04-06,0.009761690415661722
10,247,2020-05-21,-0.05267454334495767
10,248,2019-12-06,0.0061915476634310926
10,249,2018-06-11,-0.01488898598928355
10,250,2018-02-16,0.002662202134915923
10,251,2018-03-22,0.0022014452929230185
10,252,2021-01-15,-0.012000345830006854
10,253,2019-04-21,0.023821356639257017
10,254,2018-06-27,0.008316338513535427
10,255,2018-07-08,0.00575050458169331
10,256,2018-03-12,0.006556702710939628
10,257,2021-07-14,0.012270459514847478
10,258,2021-12-27,0.009853555331299444
10,259,2021-09-16,-0.005719874515429281
10,260,2018-03-04,-0.01935648747034907
10,261,2019-06-23,-0.04181701270654581
10,262,2019-03-31,-0.033470527619034476
10,263,2018-07-18,0.011493689898546837
10,264,2018-03-06,-0.0248745102230448
10,265,2018-01-31,-0.01342891694149283
10,266,2020-03-21,-0.00793836607729303
10,267,2021-04-02,-0.013689946472434355
10,268,2021-07-11,0.02335472305164713
10,269,2020-06-21,-0.06473864453061272
10,270,2021-02-25,-0.055949669700256034
10,271,2018-01-29,0.014487957172575212
10,272,2021-07-25,0.021294986293700937
10,273,2019-11-04,-0.017371886052874135
10,274,2018-03-20,0.006873688986293403
10,275,2021-12-04,-0.004567968339984651
10,276,2018-09-12,-0.0298999480124385
10,277,2018-01-09,0.024009878141838744
10,278,2018-09-19,0.0031150338604965687
10,279,2019-05-17,-0.009812541311166989
10,280,2018-10-19,-0.006567357990127442
10,281,2018-12-28,0.009696183060082785
10,282,2020-06-22,-0.021914675993023193
10,283,2020-10-30,-0.022209118267657212
10,284,2019-03-11,-0.007744541221325544
10,285,2019-11-16,-0.03262021785987224
10,286,2019-10-13,0.0011328366739020953
10,287,2019-12-01,0.005429639249959957
10,288,2018-01-22,-0.023707689329625803
10,289,2020-07-27,-0.017260297188499633
10,290,2018-02-15,-0.015205600100281075
10,291,2021-12-05,0.019983964105256196
10,292,2018-04-28,-0.008407794570398463
10,293,2021-11-04,-0.012274263506906304
10,294,2021-03-28,-0.008447484431622675
10,295,2019-09-05,-0.011874893296200117
10,296,2021-12-30,-0.00792321357847235
10,297,2020-08-12,-0.022764425747924456
10,298,2018-03-08,0.01338294150316941
10,299,2020-04-10,0.010149739522289886
10,300,2018-08-22,0.0029341271895031765
10,301,2019-11-08,0.004368135127284782
10,302,2020-01-06,-0.015321477584368292
10,303,2019-04-15,0.012131410446214333
10,304,2020-07-22,-0.04182333988579114
10,305,2018-03-29,-0.005203126244639525
10,306,2018-04-22,-0.00805376232363252
10,307,2018-10-31,0.01351821212495369
10,308,2021-12-13,-0.010769175876854518
10,309,2020-04-18,0.019766066273256
10,310,2019-04-10,-0.023078193225541412
10,311,2018-05-15,0.024389158528831265
10,312,2018-09-09,-0.0008913674994133172
10,313,2020-03-01,-0.01292075635212524
10,314,2018-08-29,-0.015671237905656703
10,315,2018-04-12,-0.01039069608540167
10,316,2020-07-26,-0.018697534595440417
10,317,2021-09-05,-0.027885532373161527
10,318,2021-02-23,0.01656362360782249
10,319,2020-02-13,-0.01854566867241676
10,320,2019-10-14,-0.004117880154598703
10,321,2021-01-19,0.007464249698082217
10,322,2019-03-14,0.008641240524891116
10,323,2021-07-22,-0.027649459465296834
10,324,2019-01-18,0.008598711550244434
10,325,2018-07-13,-0.023677113886170872
10,326,2020-04-01,-0.05628921631048956
10,327,2019-12-09,-0.01643549746081961
10,328,2019-03-19,-0.003609282114915383
10,329,2019-02-18,-0.0050154236678657226
10,330,2021-02-13,-0.031438418630034534
10,331,2021-01-25,-0.02048213263298829
10,332,2018-05-07,-0.006858927992903092
10,333,2021-07-27,-0.04248995167505127
10,334,2019-03-31,0.008117663031129095
10,335,2020-01-23,0.022505697536457973
10,336,2018-09-07,-0.015227617278317748
10,337,2018-10-25,-0.006629085243726007
10,338,2019-01-27,-0.019502829467200052
10,339,2020-02-11,-0.019967959403467267
10,340,2018-01-02,0.004128212270895066
10,341,2019-10-17,0.0032053615529627315
10,342,2018-04-03,-0.02599954201809846
10,343,2018-06-01,0.006507248167551644
10,344,2018-05-03,-0.004214071324178039
10,345,2021-09-29,0.02155794581617044
10,346,2019-07-25,-0.011805425781901944
10,347,2021-02-06,-0.027943286260607186
10,348,2020-06-14,-0.02591563098112251
10,349,2021-03-16,0.00622857693932658
10,350,2021-08-14,-0.015615806866339994
10,351,2019-08-22,-0.01501945348012843
10,352,2018-12-15,0.013366742454264549
10,353,2020-04-29,-0.0019267447353935087
10,354,2021-11-14,-0.040723831881223055
10,355,2020-08-26,-0.025039199691518587
10,356,2021-10-03,-0.018043383603364896
10,357,2019-06-21,-0.012461315329410892
10,358,2020-05-14,0.006077948397455543
10,359,2020-01-01,0.00036830199413539626
10,360,2020-04-12,-0.0145196539850633
10,361,2020-08-13,0.0010493737907499557
10,362,2019-01-29,-0.010963140594076335
10,363,2018-12-30,-0.05623395992697511
10,364,2019-04-03,-0.01226680023988736
10,365,2019-02-27,-0.0032923801901001324
10,366,2020-07-22,-0.011367533269260599
10,367,2019-09-15,0.004024228955138932
10,368,2019-10-14,0.008292487735398323
10,369,2020-05-16,-0.004389788407760173
10,370,2020-07-24,0.0037629352517680346
10,371,2021-07-04,0.0009068717581042965
10,372,2018-08-11,-0.006845993266600972
10,373,2021-01-10,-0.008140757011079447
10,374,2018-02-14,0.003913980875732324
10,375,2019-03-21,0.02039252818965466
10,376,2021-10-31,-0.021378941224839604
10,377,2020-09-07,-0.002428783470408971
10,378,2021-05-06,-0.01507343147162505
10,379,2018-03-02,-0.013827989894590742
10,380,2018-12-29,0.013975123204117543
10,381,2018-11-06,-0.01864581716465363
10,382,2018-03-24,-0.0014324882675407944
10,383,2019-06-03,0.009109761637478415
10,384,2021-06-02,-0.01298143693363391
10,385,2018-12-21,0.0006164446663138688
10,386,2021-08-01,-0.027156342513986475
10,387,2021-02-11,-0.004884001544212286
10,388,2019-06-24,0.013632563692995883
10,389,2019-08-08,0.007151449112805212
10,390,2018-08-04,0.02295738183366355
10,391,2019-11-07,0.0092788470837959
10,392,2021-12-06,-0.008666776813636602
10,393,2018-12-30,0.017466130458949635
10,394,2018-04-29,0.004486025094521883
10,395,2019-06-15,-0.007322428701606633
10,396,2018-04-15,-0.011823115483404652
10,397,2019-04-02,0.004800924253218063
10,398,2018-09-01,-0.03865912744335109
10,399,2021-03-30,-0.047234303322578504
10,400,2019-04-07,-0.012568338986783206
10,401,2020-10-12,-0.003051751810020067
10,402,2019-02-12,-0.007742979103155939
10,403,2019-01-25,-0.01698072867592515
10,404,2019-05-02,-0.009703787413570702
10,405,2020-11-12,-0.04698095351872458
10,406,2021-05-10,0.0031171206510111427
10,407,2020-12-10,-0.003702630859457378
10,408,2018-12-05,-0.0034879838885647197
10,409,2019-10-22,0.0018322902895462438
10,410,2021-03-04,0.029303054126167332
10,411,2021-01-25,0.02102317402461249
10,412,2018-09-22,0.001536802484272431
10,413,2021-04-21,-0.01132200311460174
10,414,2019-11-08,0.02929117660146319
10,415,2021-01-20,0.00811484415717412
10,416,2018-06-09,-0.02821433836930889
10,417,2020-09-14,-0.010295438693657424
10,418,2020-06-12,-0.007228879616303996
10,419,2019-10-19,-0.02277549657021563
10,420,2019-09-11,-0.039213567489107364
10,421,2019-01-17,-0.0002741813903196623
10,422,2021-03-25,-0.002601609100553136
10,423,2018-07-24,-0.029466796762075597
10,424,2020-08-28,0.008201797964657878
10,425,2020-06-03,-0.011820646000357583
10,426,2018-05-08,0.005551894040353327
10,427,2021-12-11,-0.016119358353096917
10,428,2020-11-28,-0.016317889320621344
10,429,2020-09-06,0.011968008963249059
10,430,2018-11-07,0.0018647393492766278
10,431,2020-02-07,-0.005778340537189324
10,432,2020-12-06,-0.012782734095635469
10,433,2019-08-11,-0.020099900420907552
10,434,2020-08-12,-0.004144505949074062
10,435,2019-08-19,-0.0013268850083279443
10,436,2019-09-12,0.008910561993956165
10,437,2020-08-07,0.023411591997942554
10,438,2021-09-07,0.00893508287979979
10,439,2018-11-14,0.0018532002561555039
10,440,2019-04-29,0.003434209023939826
10,441,2019-10-25,0.004126574481191186
10,442,2019-10-12,-0.006837519825281791
10,443,2020-03-16,0.010624299954552953
10,444,2019-05-08,0.006603460702873291
10,445,2020-04-30,-0.01214095665620984
10,446,2020-04-19,-0.010204128070975892
10,447,2021-11-29,-0.03935925586703802
10,448,2021-04-24,0.01475958911634017
10,449,2021-09-15,-0.046224588912195656
10,450,2021-09-13,-0.04454652215245946
10,451,2020-03-24,0.01622878620018754
10,452,2021-10-15,-0.026032027666238404
10,453,2021-06-02,0.028479827114589934
10,454,2019-06-26,-0.0017947850744177475
10,455,2020-03-03,0.01621061010706912
10,456,2021-06-27,0.012794625576817731
10,457,2020-11-09,0.01759317660791059
10,458,2021-11-18,-0.017984054941760474
10,459,2021-03-27,-0.011007583406341965
10,460,2018-01-22,0.010257925000106227
10,461,2020-11-25,-0.009422634583930771
10,462,2020-08-22,0.021261909883932856
10,463,2020-04-09,-0.01356153323701609
10,464,2018-07-29,0.014957095117029312
10,465,2019-06-26,0.0026375676653598292
10,466,2020-11-28,0.0001137087025370991
10,467,2019-01-27,0.031147255529429027
10,468,2020-03-21,-0.04258723881688762
10,469,2019-09-06,-0.006088476512987024
10,470,2018-01-17,-0.02685401962756035
10,471,2019-04-16,-0.012738248524563511
10,472,2021-09-04,0.019754178946411106
10,473,2019-06-11,-0.023555850068027028
10,474,2018-02-25,0.0039168587134925815
10,475,2018-07-07,-0.03389601421421505
10,476,2021-04-01,-0.021485921590875187
10,477,2020-11-18,0.003476981393321825
10,478,2018-06-01,-0.014967093883841036
10,479,2020-05-07,-0.011315446068949079
10,480,2019-11-09,-0.04591123530745882
10,481,2021-03-18,0.00560773268333358
10,482,2021-05-20,-0.0005548389228755163
10,483,2019-02-01,0.0009942774747505017
10,484,2021-08-26,-0.02851272797220095
10,485,2019-05-06,-0.014723245245633305
10,486,2019-10-17,0.000920609574439321
10,487,2018-03-25,0.0040754106734503
10,488,2021-12-10,-0.002663698749924953
10,489,2019-11-14,0.0001343422570040717
10,490,2018-10-04,-0.010623314019003306
10,491,2018-07-29,0.006338999269340505
10,492,2020-11-18,-0.006934020988018482
10,493,2019-08-18,-0.025666977896341057
10,494,2020-07-27,0.006049832661346667
10,495,2021-10-10,-0.07045996851416508
10,496,2021-08-16,0.02957325962490666
10,497,2021-02-05,-0.02901108293085629
10,498,2020-06-13,0.002015549548890058
10,499,2018-02-10,0.0016915324167460883
14,1,2021-06-22,-0.023443446312453195
14,2,2018-09-26,-0.0026355853982615103
14,3,2021-10-14,-0.010037278428013033
14,4,2021-03-08,-0.02096011815703087
14,5,2020-06-30,0.015339548791349604
14,6,2020-04-23,0.011851069405371187
14,7,2018-12-26,-0.02354165076832459
14,8,2019-04-12,0.0022656251668826074
14,9,2019-07-30,0.00216455775105279
14,10,2020-09-08,-0.004826190745853073
14,11,2020-09-13,-0.024361884757664907
14,12,2019-02-10,-0.0073362444067566505
14,13,2020-12-13,0.02009272840382098
14,14,2018-11-04,0.006126054161879096
14,15,2021-01-08,-0.010157616143464367
14,16,2019-03-22,-0.022945024608657806
14,17,2021-12-18,-0.02969863880790358
14,18,2018-01-20,-0.007334115991589597
14,19,2018-07-08,-7.601651567340499e-05
14,20,2019-11-22,-0.007030953635637956
14,21,2021-09-25,-0.037042493408266215
14,22,2018-01-10,0.023554421697152376
14,23,2019-07-24,-0.017383866649927266
14,24,2021-07-23,-0.031001203361799283
14,25,2020-06-09,0.00691118419300007
14,26,2018-09-21,0.00529183863652402
14,27,2020-03-08,-0.008321744167665627
14,28,2020-04-09,0.014140381332988358
14,29,2020-08-15,-0.008785222906434534
14,30,2021-11-22,-0.0185038694242291
14,31,2018-01-28,-0.0002548137356646103
14,32,2021-09-15,-0.01286504214051
14,33,2021-05-23,-0.00932071809382845
14,34,2021-06-27,0.009190357485973792
14,35,2021-06-25,0.006441967652582015
14,36,2021-10-05,-0.00570113190178837
14,37,2020-03-19,-0.03449778547470465
14,38,2018-07-24,0.008857988516813766
14,39,2021-11-22,-0.01705671745565551
14,40,2019-11-10,-0.010512699183978751
14,41,2021-07-10,-0.004121537839355856
14,42,2021-10-14,0.022318449935750866
14,43,2019-08-12,-0.007248338868106526
14,44,2021-08-04,0.01975724613228041
14,45,2021-03-20,-0.01932974591001525
14,46,2021-07-02,-0.007241949037959003
14,47,2018-06-04,0.011107373720225355
14,48,2018-07-12,-0.007129589961456561
14,49,2021-10-02,-0.04153590607130108
14,50,2020-09-06,0.00660919236531067
14,51,2018-05-01,-0.025610149197929467
14,52,2020-09-15,-0.03831148814523158
14,53,2020-04-07,-0.005878774588811202
14,54,2021-08-18,-0.007987402237257288
14,55,2018-10-12,-0.02157987542707622
14,56,2019-01-31,0.023890278624598447
14,57,2021-02-15,-0.027733891355197954
14,58,2019-02-18,-0.010306666917534691
14,59,2018-05-22,-0.007805311832824538
14,60,2018-02-18,0.013631998815266638
14,61,2019-11-03,0.003813233751364585
14,62,2018-04-12,-0.014217038716136353
14,63,2021-07-24,0.01059303507640167
14,64,2018-09-02,0.022623757563119365
14,65,2019-11-15,-0.03684241296350756
14,66,2018-09-01,-0.01214156999920996
14,67,2021-05-02,-0.043838753826825706
14,68,2021-08-12,-0.0013185467872860652
14,69,2021-04-04,-0.015048663857899134
14,70,2019-01-02,-0.002856751772803157
14,71,2019-08-20,-0.03603386752695768
14,72,2021-05-18,-0.04431757030487114
14,73,2020-03-07,0.008347709806299177
14,74,2019-03-24,-0.014252288753171805
14,75,2020-08-11,-0.0007097382249859638
14,76,2018-09-10,-0.015093296149210128
14,77,2021-05-20,-0.024829241415259645
14,78,2021-11-30,0.013983676746884
14,79,2021-05-05,-0.02350206790963502
14,80,2019-11-24,0.010877794820252692
14,81,2021-08-29,-0.012069427505647315
14,82,2019-01-30,0.009650883597908624
14,83,2021-03-14,-0.010604418986203285
14,84,2020-09-16,0.0024587209889648256
14,85,2018-12-24,-0.014577965672546489
14,86,2019-11-04,-0.02139268773391423
14,87,2018-06-26,0.008497308206423354
14,88,2020-07-12,0.01873115878280799
14,89,2020-10-01,-0.015720735170874137
14,90,2019-12-19,0.002975708684604264
14,91,2018-11-02,0.01184225041367899
14,92,2020-02-10,0.02064771237354432
14,93,2021-03-13,-0.004010844735071557
14,94,2018-01-07,-0.027295016601958648
14,95,2019-12-04,0.0125480472603149
14,96,2018-03-23,-0.01119021509160107
14,97,2018-03-08,-0.020067605477096108
14,98,2021-10-03,-0.012867124670847576
14,99,2021-12-21,-0.015807499987335123
14,100,2018-11-18,-0.02268378619938403
14,101,2018-05-01,-0.007680095541192389
14,102,2021-06-10,-0.014095859002253864
14,103,2019-01-07,-0.01984983065186026
14,104,2020-07-30,0.026073000172637056
14,105,2018-02-01,0.005242843522792754
14,106,2021-03-14,-0.04002699948802017
14,107,2018-04-13,-0.006271597022451436
14,108,2020-05-05,-0.01469153552074229
14,109,2018-11-13,0.008340238790798036
14,110,2018-01-03,-0.0015228939304835357
14,111,2020-02-14,0.014114115850001654
14,112,2020-08-26,-0.012109521203846046
14,113,2020-12-13,-0.017614701865463708
14,114,2019-03-06,-0.004519763218574316
14,115,2020-03-24,-0.021585143751695002
14,116,2018-05-07,-0.010616391355919018
14,117,2019-12-22,0.011240415169683342
14,118,2018-09-04,0.0010680069993440537
14,119,2018-05-28,0.010364275122172245
14,120,2018-12-22,-0.024598068999845814
14,121,2019-04-28,0.00024501936099341183
14,122,2019-08-11,-0.018644955610165895
14,123,2020-05-01,0.016967972730268944
14,124,2021-10-13,-0.01947325012622715
14,125,2020-09-05,0.012549967217312951
14,126,2018-06-22,0.01680345901102244
14,127,2019-11-22,-0.008874916433133888
14,128,2019-03-09,0.018032866517288304
14,129,2018-12-22,0.010370500353498836
14,130,2021-11-14,0.019586182067014766
14,131,2020-05-16,-0.0020600511600373456
14,132,2020-12-06,-0.029085101409157273
14,133,2020-04-20,-0.0031661331112243876
14,134,2020-01-16,0.010167551048811794
14,135,2021-01-18,-0.027787774113127
14,136,2020-07-27,-0.019730768749706976
14,137,2020-12-15,0.016387366990564867
14,138,2018-11-24,-0.007450714268062208
14,139,2021-02-24,-0.0014200597948712797
14,140,2021-12-05,0.014133371961892847
14,141,2019-04-01,0.02607231497252682
14,142,2021-06-16,-0.025739028619697586
14,143,2019-07-02,0.009928967179997432
14,144,2019-08-26,0.020740125179431357
14,145,2019-06-08,-0.0014347360299515738
14,146,2019-06-30,-0.0072406611534370936
14,147,2020-01-19,0.013186705741606117
14,148,2021-07-05,-0.030083583105418147
14,149,2020-02-27,-0.006748217633345931
14,150,2020-10-23,0.01182506771555908
14,151,2021-10-16,0.011665837349788889
14,152,2020-06-21,-0.013937324965014717
14,153,2019-09-30,-0.004962645022088285
14,154,2021-12-13,-0.02564582932266291
14,155,2018-09-24,-0.0220907739870138
14,156,2018-08-08,0.011001649113430018
14,157,2018-01-25,-0.018977133167529164
14,158,2020-04-13,-0.013280306825697957
14,159,2021-04-30,0.01927524311581888
14,160,2020-04-22,-0.02410108522998579
14,161,2020-04-27,0.00016167091238124062
14,162,2018-02-19,-0.02038930420778176
14,163,2019-03-21,-0.025175569885943376
14,164,2019-12-13,0.004888715907395153
14,165,2019-02-20,-0.03811756783049555
14,166,2019-08-12,-0.006425441377989671
14,167,2018-05-10,0.006935722440778058
14,168,2018-07-18,-0.0038200324353144664
14,169,2021-07-13,-0.01586592186553342
14,170,2018-05-03,-0.00933556224358748
14,171,2019-06-14,0.013347417891974009
14,172,2020-01-30,-0.01393174213257873
14,173,2020-07-14,0.010649560673291097
14,174,2020-03-26,-0.02219977034269417
14,175,2018-07-07,-0.019572497808171756
14,176,2020-03-10,-0.008251227743004429
14,177,2018-11-13,-0.028161641769312525
14,178,2020-06-18,0.007350752053915158
14,179,2019-06-04,0.01982448460337798
14,180,2019-12-30,0.0039529161107557985
14,181,2018-05-25,-0.0008851538087073945
14,182,2018-04-23,0.008797964175419372
14,183,2018-01-22,0.0024400552559135156
14,184,2020-06-11,-0.03649449017952031
14,185,2019-04-11,0.0022798209753979474
14,186,2020-02-28,0.0038222159210151247
14,187,2021-02-12,-0.01028301598732853
14,188,2019-07-25,-0.01954541524150817
14,189,2021-04-13,-0.032049728267802925
14,190,2019-08-29,-0.0009338170556924545
14,191,2021-08-15,-0.008125500733045922
14,192,2021-07-19,-0.01715694184499597
14,193,2020-01-31,0.002623969050964373
14,194,2019-08-05,0.019061629566307317
14,195,2020-03-22,-0.012722619121786313
14,196,2020-01-24,0.007143749657779048
14,197,2020-11-17,0.00803993494464664
14,198,2018-06-30,-0.004497487170979415
14,199,2019-07-11,0.027939842695213473
14,200,2020-02-13,-0.0037025696373786587
14,201,2019-02-03,0.011488158905690922
14,202,2018-08-31,0.003303879376201007
14,203,2018-03-05,0.004262874855068664
14,204,2018-08-16,-0.007274630338887944
14,205,2019-10-24,0.00811589301526068
14,206,2019-11-21,0.006909218917453728
14,207,2019-07-23,-0.010496052251874837
14,208,2018-11-26,-0.025140733429718117
14,209,2020-10-13,-0.01440823164271486
14,210,2019-01-07,-0.01870794166316094
14,211,2018-11-24,0.01062162131826084
14,212,2018-10-16,-0.013028464850364772
14,213,2021-04-06,-0.008951211131818479
14,214,2019-01-31,-0.008205444869391622
14,215,2019-03-15,-0.012280990881595304
14,216,2020-07-08,-0.019870495180792227
14,217,2020-11-27,-0.03501285528959435
14,218,2020-02-04,0.016174552053130897
14,219,2018-10-10,0.01764546512733265
14,220,2020-12-06,-0.004813002089121486
14,221,2020-02-29,-0.013811060758148188
14,222,2020-04-15,-0.007013798840560768
14,223,2021-02-28,-0.010005647395276237
14,224,2020-08-31,-0.011561723719956871
14,225,2019-02-19,-0.015221953717034994
14,226,2019-03-16,-0.02079934221576819
14,227,2020-05-11,-0.04739245505969071
14,228,2019-12-29,-0.00020692652653903526
14,229,2019-06-29,-0.005738422495243681
14,230,2021-05-04,-0.015668258991158285
14,231,2018-02-23,-0.024279705458583014
14,232,2020-02-26,-0.02543074887062868
14,233,2018-06-13,0.0029801967382863054
14,234,2020-08-06,-0.010075096849084472
14,235,2018-05-18,-0.007741375448899875
14,236,2019-03-28,0.0127493089474091
14,237,2019-11-07,0.003172910300414384
14,238,2021-02-14,0.008403297546713002
14,239,2019-07-11,0.008981664647570798
14,240,2021-02-15,-0.015817108952172743
14,241,2020-06-25,-0.013474057868478462
14,242,2019-04-30,0.02187670327352098
14,243,2018-06-19,0.02206409486906045
14,244,2019-06-17,-0.01853642235220704
14,245,2020-05-29,0.013040650035092952
14,246,2020-10-24,-0.010276143485570651
14,247,2021-04-21,0.0242063845192044
14,248,2020-05-05,-0.0038739066478994306
14,249,2021-01-02,-0.007221988574237948
14,250,2020-08-20,-0.01836780953664486
14,251,2021-05-27,-0.00269479080374838
14,252,2018-05-15,0.02273679428863585
14,253,2020-06-10,-0.026422213182457174
14,254,2021-06-10,-0.012040912413711701
14,255,2018-08-04,0.0159530516783917
14,256,2021-03-04,-0.012100061660661751
14,257,2020-05-05,-0.008704769040229921
14,258,2019-05-17,0.007982477231336419
14,259,2019-06-17,-0.0025337057869819456
14,260,2020-02-18,0.0004261592567436394
14,261,2018-03-28,0.003963539489372449
14,262,2019-08-11,0.0069912701716348955
14,263,2018-09-18,-0.008846639245752989
14,264,2020-09-25,-0.021410929439281787
14,265,2019-09-02,0.0025753791417709843
14,266,2018-01-17,-0.005724350816423326
14,267,2018-03-19,0.012368690723504305
14,268,2020-07-28,-0.013556493579868389
14,269,2019-10-24,0.004944970619210197
14,270,2021-12-02,-0.004033268514408613
14,271,2018-03-30,-0.01532850114011129
14,272,2021-05-02,-0.016404822782538228
14,273,2018-06-28,-0.016550320419657073
14,274,2018-06-07,-0.008132481791110379
14,275,2021-08-04,0.022079116661495854
14,276,2020-06-17,0.012865837734542354
14,277,2019-01-23,-0.002967789815391253
14,278,2018-02-21,-0.015628758669315217
14,279,2021-11-17,-0.01691226435966146
14,280,2019-08-23,-0.004368550921272504
14,281,2018-10-07,0.004026944633236335
14,282,2020-06-19,0.015021202242240746
14,283,2018-09-03,0.0047861053005217235
14,284,2020-02-15,-0.021336189787689218
14,285,2019-07-28,-0.011144449804200493
14,286,2019-10-21,-0.010260145082766356
14,287,2021-06-05,-0.008820249683832803
14,288,2020-07-15,-0.012021490783418005
14,289,2021-02-28,-0.025413283541649016
14,290,2020-10-18,-0.0022903037586532015
14,291,2021-04-21,-0.015271379290824378
14,292,2019-10-24,0.005448890756829413
14,293,2018-05-18,0.008083225823911582
14,294,2021-12-22,-0.005911725602101028
14,295,2021-11-01,0.013578249879974023
14,296,2021-08-22,-0.01729734183632656
14,297,2018-03-06,0.001124376470816167
14,298,2018-01-02,-0.0533467744382967
14,299,2018-04-16,-0.003309843549173418
14,300,2020-12-22,0.01876380391978373
14,301,2021-06-18,-0.0076335086108319785
14,302,2018-06-01,0.00925445473021185
14,303,2021-08-02,-0.004270607808737459
14,304,2019-05-08,0.0011987015277007717
14,305,2021-03-31,-0.027303815484884166
14,306,2021-08-31,-0.018805388307062066
14,307,2019-06-23,-0.013696199252050265
14,308,2018-09-27,-0.006605492729771335
14,309,2021-05-29,-0.010440975180252398
14,310,2021-03-03,-0.001582219195525692
14,311,2019-06-17,-0.0013690235178046334
14,312,2018-05-15,0.0014133110125749595
14,313,2020-09-27,-0.010854742874611772
14,314,2020-06-04,-0.0354975874689878
14,315,2020-04-12,-0.015593106028819814
14,316,2019-03-19,0.010399396850975441
14,317,2020-03-03,-0.008168588496390178
14,318,2018-08-30,-0.043726426389375406
14,319,2019-08-31,-0.0078123832248229354
14,320,2018-12-18,-0.011056657107905501
14,321,2020-05-17,-0.019985111615382082
14,322,2021-03-05,-0.026179721190767138
14,323,2018-09-26,0.013215379074026845
14,324,2019-06-14,0.0123961792995372
14,325,2018-08-24,0.011722556094300457
14,326,2018-01-04,-0.00014063200628502536
14,327,2018-12-26,-0.008364885305427837
14,328,2020-05-11,0.009024091337893645
14,329,2018-01-20,0.028529321175883183
14,330,2021-03-10,-0.02685885320547435
14,331,2021-01-31,-0.008152540266842393
14,332,2020-12-21,-0.01135121393020252
14,333,2019-08-14,-0.00803449490984293
14,334,2019-02-07,0.00310437199763472
14,335,2019-07-18,0.004675828611778147
14,336,2021-01-27,-0.04096951237537784
14,337,2019-11-25,0.0052846200864490106
14,338,2021-10-17,-0.014472703021593005
14,339,2020-04-04,-0.011836818794827323
14,340,2019-01-26,-0.005098988411659884
14,341,2021-12-11,-0.043631334876917935
14,342,2021-08-10,-0.004251976220985679
14,343,2018-10-27,0.0018873534843947886
14,344,2021-05-08,0.0017920515782315198
14,345,2018-11-04,-0.0017793405562095182
14,346,2020-08-23,-0.03810667032600873
14,347,2021-03-02,0.020475345951422058
14,348,2019-03-02,0.018523726491697
14,349,2021-03-20,0.003918306611328424
14,350,2020-04-28,-0.013565591355221153
14,351,2020-11-16,0.004230192556727481
14,352,2018-04-24,0.004243298898965614
14,353,2020-09-18,-0.022151327651626106
14,354,2018-05-14,-0.0077015551984374354
14,355,2018-05-27,0.0177041126569799
14,356,2021-03-22,0.02750302335838639
14,357,2019-04-26,0.008503740293933746
14,358,2020-10-05,-0.014830094948593468
14,359,2019-02-26,-0.00041393387202582997
14,360,2018-06-28,0.0018983169589417484
14,361,2021-10-17,-0.012076004421821206
14,362,2019-12-03,0.012146162209102845
14,363,2018-08-31,-0.027526920356943967
14,364,2018-02-08,0.022763617083725568
14,365,2018-11-18,-0.011538645213430324
14,366,2020-05-07,-0.0031836047307069815
14,367,2020-12-25,-0.011330316321115164
14,368,2021-09-06,-0.015214922658538264
14,369,2021-09-06,-0.015570542699829765
14,370,2020-06-10,0.003552927827783045
14,371,2019-06-26,0.014966415603682868
14,372,2019-09-23,0.010166301028474519
14,373,2019-02-18,0.008359874929568033
14,374,2018-03-07,-0.003752756008401371
14,375,2019-04-30,0.010501597415865116
14,376,2018-01-09,-0.00982399184862634
14,377,2018-09-03,-0.0013297143230130007
14,378,2019-06-08,-0.00899975277871038
14,379,2020-02-19,-0.020477264574393722
14,380,2021-10-28,-0.012016219913330054
14,381,2019-05-05,-0.019928459567331917
14,382,2021-08-16,0.007109603309927675
14,383,2020-07-12,-0.02501518534123756
14,384,2021-06-19,0.006664242240789645
14,385,2021-03-18,-0.01145421436654611
14,386,2019-11-25,-0.013956177807479077
14,387,2019-07-17,-0.031794251242318806
14,388,2019-02-14,0.002108278467072743
14,389,2019-04-21,0.004661700937241762
14,390,2021-06-21,0.005062872286722052
14,391,2020-09-26,-0.01663612609861212
14,392,2021-03-23,-0.03239036728073584
14,393,2018-01-04,-0.0022301643533622923
14,394,2018-09-26,0.017892974990767755
14,395,2021-05-17,-0.07177009289776434
14,396,2018-12-09,-0.002013593651789302
14,397,2019-10-20,0.006787817926384086
14,398,2021-10-30,-0.011441866927920404
14,399,2020-03-26,-0.010180954009571324
14,400,2018-11-14,0.00497774157668573
14,401,2021-06-07,0.028989999286094685
14,402,2020-05-20,-0.010432581905419248
14,403,2020-07-02,-0.02264009781828742
14,404,2018-04-11,-0.000860959703422935
14,405,2021-05-25,-0.010085635990609144
14,406,2018-08-22,0.006598198858221134
14,407,2021-09-16,-0.010121594171969396
14,408,2018-08-24,-0.020730759778566376
14,409,2018-06-08,-0.008120560673630125
14,410,2021-12-25,0.010270653188191021
14,411,2020-04-12,0.01783896340066135
14,412,2018-03-30,0.003424808201514832
14,413,2019-03-17,0.0087191840552002
14,414,2020-03-28,-0.023537239327355637
14,415,2018-10-27,-0.009937540353142614
14,416,2018-09-02,-0.005296195234855064
14,417,2020-09-30,-0.010976850095963827
14,418,2021-06-26,-0.011672143894308871
14,419,2019-01-23,-0.010353091748823939
14,420,2018-07-28,-0.011765027621758233
14,421,2018-02-23,-0.01330117765233087
14,422,2019-04-28,0.001422487201431079
14,423,2021-11-10,-0.02073501971813985
14,424,2020-08-28,-0.01805826418999438
14,425,2019-08-18,-0.0019850822283551117
14,426,2018-04-16,0.020866052259637283
14,427,2021-01-28,-0.009952006770481595
14,428,2019-12-17,-0.011618497693283755
14,429,2020-10-27,0.000414037513524763
14,430,2020-02-12,-0.011747229986220853
14,431,2021-02-09,-0.026318172785292634
14,432,2018-12-27,-0.02710969721221823
14,433,2018-07-20,0.011515476660816279
14,434,2019-01-24,0.01829657398103682
14,435,2018-10-11,0.020046261955528756
14,436,2019-09-30,-0.012368459996363929
14,437,2018-12-26,0.005517735379166442
14,438,2019-05-27,0.0012200338275968128
14,439,2020-10-06,-0.017701330976202436
14,440,2018-03-03,0.01113643287166702
14,441,2021-12-09,-0.030917031777012417
14,442,2021-12-04,-0.005236449969809527
14,443,2019-06-18,-0.01106332266886855
14,444,2019-08-05,0.026273949863303885
14,445,2020-07-28,-0.019257370103883318
14,446,2019-01-26,0.00600778987217428
14,447,2021-09-26,-0.0032916055972035275
14,448,2019-05-18,-0.006949459616022663
14,449,2018-11-10,-0.019528706468011126
14,450,2018-08-12,0.0073877430302282335
14,451,2018-11-08,0.002907248072398322
14,452,2019-03-24,0.007256949108529098
14,453,2018-09-08,-0.05203915741601121
14,454,2018-04-26,-0.00823899412590858
14,455,2021-12-08,-0.03852637470933862
14,456,2020-03-13,-0.024730760658087343
14,457,2018-11-10,0.002840943554695335
14,458,2018-08-30,0.008380443039425632
14,459,2021-11-04,-0.007162036528433314
14,460,2019-04-19,0.006002779205176254
14,461,2020-02-27,-0.032355791988061704
14,462,2020-06-01,-0.015947406457588558
14,463,2018-11-06,0.011280783019843041
14,464,2020-09-25,0.014718586638376363
14,465,2021-04-05,0.008236576795019792
14,466,2019-11-26,-0.013492830187130305
14,467,2018-06-19,-0.030065562399044343
14,468,2019-10-21,-0.010977429270075414
14,469,2020-04-30,0.011351967249712115
14,470,2021-02-23,-0.002383576159187493
14,471,2018-09-27,-0.004817221439567179
14,472,2021-01-11,-0.0071852107737510945
14,473,2019-07-18,0.005591304327992059
14,474,2019-10-22,-0.02686745991208788
14,475,2018-03-02,0.0012998161794240265
14,476,2020-01-08,0.00459682482061871
14,477,2020-05-03,-0.02982766181932753
14,478,2019-04-24,-0.018509970538610164
14,479,2021-05-28,0.020416126192124417
14,480,2020-12-03,-0.018810773643438417
14,481,2019-02-26,-0.015068471982071929
14,482,2020-09-26,-0.02673773431333769
14,483,2021-12-17,0.02125217331572566
14,484,2019-06-05,0.001398410722679598
14,485,2020-01-15,-0.014101487437551762
14,486,2020-01-27,0.009090201249886999
14,487,2018-01-24,0.00021819674765481846
14,488,2020-08-10,0.004578258985481968
14,489,2021-02-16,-0.03252473371707216
14,490,2020-01-10,0.00834866277562307
14,491,2021-06-19,-0.02881155051759397
14,492,2021-07-06,0.015753107435386604
14,493,2021-06-18,-0.023174357722112415
14,494,2020-09-15,-0.011192852077033938
14,495,2021-06-08,-0.023796924914611668
14,496,2018-06-29,0.009068652362666805
14,497,2019-07-10,0.004474489471250352
14,498,2019-11-18,0.021804485327422986
14,499,2019-06-11,-0.020152393743822945
18,1,2021-06-16,0.011383739666529894
18,2,2018-10-10,-0.0002687310324786536
18,3,2018-06-15,-0.017175037453026773
18,4,2019-01-06,-0.02531487597335992
18,5,2019-07-06,-0.018746748149206245
18,6,2020-07-17,0.012832236291732633
18,7,2019-09-17,0.017819824082088823
18,8,2018-12-04,-0.029516638310735723
18,9,2019-04-16,-0.018662676408383396
18,10,2020-08-16,-0.014637065693505634
18,11,2019-08-08,-0.02087581842062043
18,12,2021-03-05,-0.04027293306776618
18,13,2021-04-24,0.010662189371057567
18,14,2021-01-30,-0.03565275647558168
18,15,2018-12-21,0.0045871913114953885
18,16,2018-01-07,-0.03399754570731783
18,17,2021-09-18,0.01123186101935193
18,18,2018-09-05,-0.014544228449978864
18,19,2020-06-24,-0.006245208250241176
18,20,2020-03-17,-0.01172822123339404
18,21,2018-05-07,-0.01348317788967286
18,22,2018-06-10,0.004373539365069125
18,23,2019-01-04,-0.006053854044820015
18,24,2021-12-18,-0.019280667826846773
18,25,2019-05-29,-0.0071465992723964466
18,26,2018-12-01,0.00012719063790196734
18,27,2018-03-06,0.002276671270619902
18,28,2021-09-28,-0.012970469199956479
18,29,2018-08-10,-0.01866247141416991
18,30,2021-10-14,0.0009438185273944803
18,31,2018-06-05,-0.0004506542203236076
18,32,2019-03-02,0.001235432915530029
18,33,2019-05-12,-0.017323327588693836
18,34,2021-05-13,-0.01606637728448382
18,35,2019-05-21,0.018222343497068392
18,36,2021-08-13,-0.036828830625291145
18,37,2021-11-12,0.00793748748370513
18,38,2020-12-12,0.005072442133362217
18,39,2019-07-07,-0.012310242331556457
18,40,2019-04-20,-0.006961708446460102
18,41,2021-06-25,-0.02795227210587948
18,42,2019-05-05,-0.018619534586101688
18,43,2020-04-03,-0.014083180889820184
18,44,2018-04-28,-0.0018402691329621188
18,45,2018-03-22,0.00012945356211357262
18,46,2020-04-21,-0.00564004794241115
18,47,2019-10-04,0.0001544246874135778
18,48,2019-05-26,-0.0014582393248606983
18,49,2020-03-03,0.016923507897357335
18,50,2021-08-04,-0.033219742182828534
18,51,2020-09-12,0.010013686987773598
18,52,2018-08-05,0.005883837363072903
18,53,2018-06-23,0.0241587619407115
18,54,2019-02-22,-0.016330593628377757
18,55,2020-05-15,0.00921658056166072
18,56,2018-12-19,-0.01648493840127938
18,57,2021-07-02,0.021078116972489604
18,58,2018-12-20,-0.01444989312212427
18,59,2020-06-10,-0.01877383094404729
18,60,2020-04-25,-0.025133655873108018
18,61,2021-01-09,-0.010334599076819495
18,62,2020-02-12,-0.02260888147469619
18,63,2019-02-17,0.006944064979373131
18,64,2018-01-22,0.008651823962385938
18,65,2020-01-31,-0.01481337615124931
18,66,2018-12-22,0.0005677575272361964
18,67,2020-05-20,4.056404462715211e-05
18,68,2019-04-19,0.006130345996606385
18,69,2019-03-13,-0.013551987611917537
18,70,2018-04-30,-0.008786949970851318
18,71,2019-05-16,-0.005846046392094674
18,72,2019-04-16,-0.007183263715985916
18,73,2018-07-13,0.0025605964646970543
18,74,2021-03-06,-0.00485301748906848
18,75,2020-07-20,0.0023930393401149484
18,76,2019-10-06,0.011300234285831465
18,77,2021-05-25,-0.00306131955436482
18,78,2019-12-01,-0.015018791066684802
18,79,2019-08-25,-0.0009353686474253025
18,80,2020-05-24,0.009343011547050497
18,81,2021-01-10,0.015565767550236259
18,82,2021-07-27,0.015924577340160364
18,83,2018-09-22,1.4755873867782266e-07
18,84,2020-01-16,0.00579373969130214
18,85,2021-05-08,0.007916399115933385
18,86,2018-02-23,0.00877067602230832
18,87,2020-09-19,-0.0015542942526987572
18,88,2018-03-02,-0.0018023378258610996
18,89,2021-10-13,-0.010659594243049979
18,90,2020-11-01,-0.010504785750070338
18,91,2018-02-11,-0.015387087226762306
18,92,2019-04-03,0.0050911927323198545
18,93,2019-05-22,0.008563998977514845
18,94,2021-11-22,0.010670961774103947
18,95,2019-08-18,-0.0069851537927575705
18,96,2021-07-20,-9.821277521030841e-05
18,97,2020-05-20,0.0020861924151560052
18,98,2021-05-17,-0.03585379809476679
18,99,2019-02-01,-0.004640722551525063
18,100,2021-11-08,-0.01132143234175341
18,101,2018-08-24,0.0019885928617228094
18,102,2021-03-19,-0.024929363996733726
18,103,2018-03-05,-0.006379544630583558
18,104,2018-02-19,0.012805181576899163
18,105,2020-04-03,0.022235697033007536
18,106,2019-07-08,0.002332256209106135
18,107,2021-08-31,-0.007333576482974558
18,108,2018-10-01,-0.00021786121248722125
18,109,2018-03-09,-0.007521250563000063
18,110,2021-11-11,0.015989195603377047
18,111,2021-08-13,-0.010036475515622515
18,112,2020-06-07,0.014155076912285377
18,113,2020-12-11,-0.008399372938932403
18,114,2021-09-28,-0.008687115116790893
18,115,2019-01-18,-0.0028662258905446814
18,116,2018-09-26,-0.022162901129633438
18,117,2021-04-28,-0.026319900649188606
18,118,2020-04-04,-0.01829902094077558
18,119,2018-01-10,-0.00021659815087685157
18,120,2021-10-09,0.019899594974625293
18,121,2019-06-01,-0.018968439396709346
18,122,2021-05-12,-0.01981886304664659
18,123,2020-11-27,-0.002793127499851696
18,124,2020-11-09,0.01588539443602772
18,125,2021-12-26,-0.014606112687278783
18,126,2019-10-08,-0.006435889636318747
18,127,2019-01-17,0.0020849982719680056
18,128,2018-03-06,0.0049572473116624915
18,129,2018-04-24,0.001468407630000564
18,130,2018-12-04,-0.020323641065474147
18,131,2020-05-04,-0.014219698995188145
18,132,2021-03-21,0.0018661829592168356
18,133,2021-10-16,-0.010922544363530282
18,134,2021-09-22,-0.04659161483490324
18,135,2019-08-16,0.006800808818465781
18,136,2019-03-13,-0.018662252134715247
18,137,2018-12-07,-0.02151132631382617
18,138,2019-10-19,-0.007399075523889852
18,139,2019-01-11,0.006998356452572784
18,140,2020-06-16,-8.65203558380282e-05
18,141,2019-03-30,0.01534829382696933
18,142,2020-09-01,0.002289508030426131
18,143,2020-07-01,0.013317491003141023
18,144,2018-09-09,-0.027488212263097722
18,145,2020-01-15,0.003776636167568569
18,146,2020-07-01,-0.006162063665280899
18,147,2018-02-11,0.008861924942162168
18,148,2020-07-22,-0.030824614121143425
18,149,2021-11-02,-0.004589744754373598
18,150,2018-07-06,0.006958365214578197
18,151,2019-09-10,-0.010615576117485094
18,152,2020-03-04,0.009876210169932306
18,153,2020-06-16,-0.01611487621887394
18,154,2020-07-29,0.022647352837591884
18,155,2019-03-31,-0.009966366413347753
18,156,2020-05-31,0.010125875471783305
18,157,2019-03-31,-0.008710085473144565
18,158,2020-12-11,0.01990789767978967
18,159,2019-08-08,-0.014848995603018467
18,160,2019-10-18,0.010135140996214416
18,161,2018-10-10,-0.018636454575525537
18,162,2018-03-25,0.003465238056178614
18,163,2019-07-22,-0.0018596095498882525
18,164,2021-04-03,-0.012660518666034095
18,165,2021-09-24,0.015516190695653766
18,166,2019-05-26,-0.013543379511149034
18,167,2020-05-12,0.002701717254400034
18,168,2019-07-10,-0.016645735470326
18,169,2021-06-19,-0.03535712096104763
18,170,2018-08-27,-0.0010654548083800376
18,171,2019-06-16,0.026163428685649043
18,172,2019-12-31,0.003043547772291016
18,173,2019-04-11,0.008392838152328164
18,174,2020-03-01,-0.022444757454827578
18,175,2018-11-14,-0.004383585407644863
18,176,2019-12-14,-0.012559518191298222
18,177,2021-04-12,-0.015176925281437315
18,178,2021-08-09,-0.0037247688101016843
18,179,2021-01-09,-0.032688198588419454
18,180,2019-05-10,0.006168058731823653
18,181,2018-03-21,-0.0021580202867820283
18,182,2018-01-15,-0.0016022898527656396
18,183,2020-08-22,0.0163113266277315
18,184,2020-02-05,-0.003516287902726419
18,185,2019-02-02,-0.01155126871050772
18,186,2020-03-27,-0.004532556776364976
18,187,2021-06-24,-0.017869731974482297
18,188,2021-03-05,-0.007960244070917104
18,189,2019-04-10,0.0002598519449410587
18,190,2020-01-08,-0.005312693378607948
18,191,2018-10-10,-0.015469820787951947
18,192,2021-10-17,-0.007119499647434751
18,193,2021-09-01,-0.0013334039778768961
18,194,2019-04-09,0.025907814581202598
18,195,2018-02-14,-0.004643919265098657
18,196,2021-01-20,-0.011780502676462988
18,197,2021-06-17,0.007236811574257791
18,198,2018-06-16,0.011200860408369281
18,199,2018-11-29,0.006100935958012017
18,200,2020-06-10,-0.022477093576170778
18,201,2018-01-17,-0.006046240260803039
18,202,2020-05-24,0.010431870100972886
18,203,2018-04-14,-0.024433920687923518
18,204,2019-09-28,0.006782417508110756
18,205,2020-01-01,-0.005346720167268754
18,206,2020-11-19,-0.011241256273960233
18,207,2019-08-23,0.008634992103103522
18,208,2018-04-05,0.02664180470380803
18,209,2018-06-04,-0.01582911877514865
18,210,2019-10-06,-0.0002599399489946333
18,211,2018-06-27,-0.006040660014005602
18,212,2019-12-18,0.021730540487784424
18,213,2020-05-25,-0.007095624128116177
18,214,2018-08-13,0.0012583043724173906
18,215,2018-02-09,-0.006706598458381321
18,216,2020-11-12,0.021101173775234867
18,217,2018-07-30,-0.0175324797493246
18,218,2019-06-02,0.002243839037551671
18,219,2021-02-10,0.022800850734500076
18,220,2020-12-27,-0.006673872324141865
18,221,2020-04-25,0.024152006312612696
18,222,2020-05-10,0.023197862437662597
18,223,2018-03-23,0.022768821259548388
18,224,2021-10-06,-0.011823234977074139
18,225,2021-05-04,0.006627488059741316
18,226,2020-10-24,-0.012274379562392381
18,227,2018-02-07,-0.0018706155452003605
18,228,2021-06-17,0.016690628787803648
18,229,2019-11-20,0.01793139631820464
18,230,2020-08-18,0.01830527423757629
18,231,2021-03-21,-0.007060090030883877
18,232,2020-09-04,-0.024167439506848628
18,233,2020-10-10,-0.007584586632871364
18,234,2019-01-14,-0.011907185482623905
18,235,2018-09-08,0.009891002934307376
18,236,2020-12-20,-0.020414013559472675
18,237,2021-05-26,-0.025938196257903102
18,238,2020-09-09,0.015024229745855692
18,239,2021-03-17,-0.011624640724355597
18,240,2019-03-13,0.004898977708787008
18,241,2020-07-26,-0.0015273463794517057
18,242,2018-10-20,0.011777420024291618
18,243,2021-09-06,0.005491397259501506
18,244,2018-06-27,-0.0017024796863175852
18,245,2018-11-18,0.0014452655121219443
18,246,2018-12-21,-0.009517502744575341
18,247,2018-03-28,-0.00435767512353367
18,248,2020-03-13,-0.020747859353110482
18,249,2019-05-26,-0.014679288149195106
18,250,2021-03-17,0.009707401812530384
18,251,2019-03-10,-0.026495702183538326
18,252,2019-02-04,-0.004052389327138667
18,253,2019-07-12,0.022678490522646477
18,254,2018-05-10,0.0017136627556531803
18,255,2019-01-10,-0.0022453204434770553
18,256,2018-01-30,-0.011887235385839998
18,257,2021-12-01,-0.010480773066219808
18,258,2018-07-06,-0.0076930416407238215
18,259,2018-03-03,-0.002405533984541303
18,260,2019-12-20,-0.033780850688017325
18,261,2021-01-22,-0.009066281079643664
18,262,2020-02-02,-0.0014859411844030002
18,263,2019-10-24,0.008009288870103203
18,264,2021-02-12,0.02033180821551344
18,265,2021-01-17,-0.022404063640267664
18,266,2018-02-14,-0.0033920849422244556
18,267,2019-04-13,0.02048391768081151
18,268,2020-03-14,-3.08511209434777e-05
18,269,2021-11-03,-0.012874703987406793
18,270,2020-01-27,0.0010545925150053223
18,271,2021-11-13,0.02601140773007929
18,272,2019-08-14,-0.00038691180658368193
18,273,2018-05-31,-0.02295844751226305
18,274,2019-07-24,-0.011834816355396493
18,275,2020-03-04,0.003271000552232377
18,276,2021-02-11,0.011649661919601921
18,277,2019-07-11,0.00018053053844580073
18,278,2020-02-25,-0.00582201120800878
18,279,2021-08-24,-0.020155593387184548
18,280,2020-01-02,-0.0225714578461443
18,281,2018-07-10,-0.010677236761336894
18,282,2021-05-13,0.013337358191463212
18,283,2018-11-14,-0.0037293000686893806
18,284,2018-08-23,-0.005890629177453304
18,285,2020-09-10,0.01183488212938814
18,286,2018-09-05,-0.015782850751877037
18,287,2019-07-11,-0.03579495996180693
18,288,2018-03-15,0.007155567708917314
18,289,2018-09-09,0.010732614593080994
18,290,2021-07-20,0.014647550941938762
18,291,2021-01-05,-0.004366851903236277
18,292,2019-07-16,0.00253228695799783
18,293,2019-03-29,0.0025983128177152204
18,294,2018-02-24,0.003686968471456453
18,295,2019-09-05,-0.001813537477379276
18,296,2020-12-14,0.00848661726823237
18,297,2021-10-15,0.012122406193704083
18,298,2019-09-18,0.002609574373704177
18,299,2019-11-23,0.0032343627981259097
18,300,2019-06-19,-0.008811870908086468
18,301,2019-02-17,-0.0017132390517054109
18,302,2021-07-15,-0.03244904851213668
18,303,2019-01-02,-0.0033404050631567917
18,304,2020-10-11,-0.010076568406582555
18,305,2019-06-15,-0.0007864515110917352
18,306,2020-11-06,0.001485181434273138
18,307,2018-10-19,0.02017496216717413
18,308,2018-02-07,-0.01587407033197595
18,309,2018-01-17,0.0062961632990617385
18,310,2020-07-20,-0.016828687307223544
18,311,2021-09-12,-0.011633744650970492
18,312,2018-02-14,-0.00676755816490214
18,313,2018-03-07,0.008392900312394059
18,314,2021-12-13,-0.0073106931605484175
18,315,2021-08-13,0.017680766666284455
18,316,2018-02-16,0.0059765031723893365
18,317,2019-04-24,-0.010951403450519277
18,318,2020-10-19,-0.013792055454688546
18,319,2020-11-03,-0.015139696152017395
18,320,2020-12-22,0.018134573949755182
18,321,2019-04-17,-0.030483036195568757
18,322,2020-06-05,0.015340275494627702
18,323,2018-10-09,0.004088710172346261
18,324,2021-06-19,-0.008078809572569992
18,325,2021-01-24,0.008750705739528027
18,326,2018-05-21,0.0009756090850338224
18,327,2020-04-06,-0.010392326071766994
18,328,2020-02-13,-0.010158596957501499
18,329,2018-03-09,0.005367672973366478
18,330,2019-05-17,-0.01539627164750408
18,331,2020-11-30,0.022871435187350717
18,332,2019-08-30,-0.03458315434157768
18,333,2019-09-21,-0.012810203070640198
18,334,2019-06-03,-0.02331625211393839
18,335,2021-11-02,-0.00832564488887144
18,336,2019-02-14,0.012440037041277763
18,337,2019-03-29,-0.001700827118730848
18,338,2021-05-06,-0.016261850611788652
18,339,2020-09-29,-0.0033235887959732666
18,340,2021-03-25,-0.027804857187656365
18,341,2021-08-08,-0.012517506782915152
18,342,2021-06-20,-0.004883418787815487
18,343,2019-12-27,-0.01572100515481377
18,344,2019-07-13,0.017709456783340145
18,345,2021-05-02,-0.01636356704704291
18,346,2019-06-21,-0.021678769041917956
18,347,2021-09-03,0.012972642726884979
18,348,2018-09-05,0.009452079811714602
18,349,2021-01-26,-0.005902204024875638
18,350,2021-04-26,-0.036163167886342086
18,351,2020-05-31,0.0005850290956296085
18,352,2019-03-06,-0.02078767351068547
18,353,2021-04-07,-0.010388051814666906
18,354,2020-12-13,-0.011631835530223752
18,355,2019-06-10,-0.008748699211528637
18,356,2021-09-25,-0.012014437199966749
18,357,2019-05-20,-0.0014774228813922183
18,358,2021-03-06,0.0193444363869664
18,359,2018-10-13,-0.009203554536736403
18,360,2020-03-18,0.012152746125497872
18,361,2020-12-14,0.017307480102091006
18,362,2018-04-25,-0.007754094744979981
18,363,2019-05-08,0.008109766130788496
18,364,2020-07-21,0.01621950486930552
18,365,2021-11-01,-0.02563708773692717
18,366,2018-11-05,0.004046808246471075
18,367,2018-02-05,-0.0054466902570810445
18,368,2020-06-18,0.008339923550415436
18,369,2019-04-28,0.006780170186801415
18,370,2019-10-09,0.024956313699794473
18,371,2018-06-04,-0.0015237914499003154
18,372,2019-08-06,-0.004829898941374231
18,373,2019-03-23,-0.017759065495149967
18,374,2018-12-05,0.001088464740078818
18,375,2021-03-01,0.013364093378608407
18,376,2019-03-09,0.007235764392021829
18,377,2020-03-28,-0.006414801167480668
18,378,2020-03-28,-0.02500897417790548
18,379,2018-04-10,-0.007835866735959204
18,380,2019-07-04,-0.0015937688169513943
18,381,2021-10-13,-0.024506385112029024
18,382,2019-02-03,-0.01365971770756584
18,383,2019-01-09,-0.013243978672222486
18,384,2018-07-18,-0.016295049580782976
18,385,2018-11-28,-0.004069817702423785
18,386,2018-08-03,-0.024767356068178956
18,387,2019-12-29,-0.006612450764487505
18,388,2019-11-20,0.006894147474263147
18,389,2020-07-03,-0.01250260760629313
18,390,2021-04-15,0.0084810323604186
18,391,2021-04-30,-0.014125897527707106
18,392,2019-09-05,0.005870001907405129
18,393,2021-10-09,-0.01828710812614905
18,394,2018-11-18,0.014240998861260646
18,395,2018-06-18,0.003770841230648916
18,396,2018-09-22,0.0132017749808476
18,397,2019-10-04,-0.007384726731801667
18,398,2020-07-03,-0.02625006039483918
18,399,2021-12-27,-0.030737987878787867
18,400,2019-03-16,0.020101360018562567
18,401,2018-09-08,-0.005928306400604974
18,402,2021-03-19,0.016232852545749268
18,403,2018-09-28,-0.035326728608040904
18,404,2018-02-23,0.005797184725958047
18,405,2018-11-03,-0.030666396570434674
18,406,2020-12-05,0.0013213834924861458
18,407,2021-03-26,0.004906872467628992
18,408,2019-04-22,0.004374654842007937
18,409,2018-03-01,0.0018643959233591188
18,410,2019-11-11,-0.02294487690872451
18,411,2019-03-07,-0.0009410099623598769
18,412,2018-01-15,-0.018613820822355187
18,413,2020-03-24,0.007137339726903704
18,414,2018-12-23,-0.007405417383983547
18,415,2019-08-27,0.018015382060107627
18,416,2018-12-28,-0.0016734589131584703
18,417,2019-12-19,-0.017069150598810923
18,418,2018-03-17,-0.006196328811144581
18,419,2020-07-08,-0.003987019520583173
18,420,2019-10-05,-0.007162565489852501
18,421,2020-10-03,-0.003473552388666489
18,422,2020-07-12,0.0010932372488192236
18,423,2019-09-26,0.005667192725957576
18,424,2020-01-11,-0.0071629027875324955
18,425,2019-04-16,-0.004892000608000137
18,426,2018-02-26,0.00385867390945292
18,427,2020-11-15,0.0076018991094068036
18,428,2019-10-13,-0.024691881170652772
18,429,2020-06-15,0.021049791860730856
18,430,2018-02-03,-0.002267718511520063
18,431,2020-04-29,-0.015821070835509925
18,432,2019-10-02,0.007888335711692597
18,433,2019-11-06,-0.004850431703816319
18,434,2020-06-11,-0.027646013048612875
18,435,2020-09-06,0.01387431390759049
18,436,2019-12-24,0.0009791068726402348
18,437,2018-06-06,-0.0009302913453987088
18,438,2019-05-14,0.010118543621397622
18,439,2021-01-20,-0.024392044557370117
18,440,2018-02-13,-0.01079756673474198
18,441,2019-06-08,-0.010113235790505529
18,442,2018-08-01,-0.0031394147668946043
18,443,2018-04-18,0.009743447202983934
18,444,2018-08-22,0.007374864465968737
18,445,2018-07-17,-0.002152512755017823
18,446,2018-12-27,-0.0016330941527270327
18,447,2019-11-12,0.006249425056193311
18,448,2021-08-12,-0.026803024761650085
18,449,2018-05-03,0.0036219148949210244
18,450,2019-04-02,0.022645208868053747
18,451,2020-06-25,-0.004015962532280898
18,452,2018-12-11,-0.011594736486411851
18,453,2018-03-12,0.003701376112126984
18,454,2021-01-13,0.0008929259214649066
18,455,2020-06-08,0.008023283944186079
18,456,2021-05-07,-0.011886783436583545
18,457,2021-03-16,0.021586386808546364
18,458,2018-02-02,0.0031406247155822808
18,459,2020-10-16,-0.01638801491414827
18,460,2018-04-15,-0.010844286945269926
18,461,2021-11-12,0.009550303920331982
18,462,2021-01-29,0.004560974547671411
18,463,2020-02-29,-0.008676143735072965
18,464,2020-05-03,0.018056035038411647
18,465,2019-04-08,-0.014094687194013925
18,466,2021-08-16,-0.005534430681367998
18,467,2019-01-20,0.004676773795914104
18,468,2021-07-03,0.009077186356157322
18,469,2018-05-23,-0.016138413641015207
18,470,2021-12-31,-0.0008239218396432575
18,471,2018-10-19,-0.014033969830685984
18,472,2019-05-31,0.016297369669459917
18,473,2020-11-25,0.0014304404155267025
18,474,2021-05-13,-0.011805919549900176
18,475,2018-04-11,-0.008149476905431247
18,476,2021-03-06,-0.028597008198658097
18,477,2018-11-16,-0.005744192003675628
18,478,2018-06-03,-0.005491928765882164
18,479,2019-10-01,-0.0009600690915254058
18,480,2019-05-02,-0.021991710906212165
18,481,2020-06-06,0.0011145509217437872
18,482,2021-02-01,0.009505225941249262
18,483,2019-06-23,-0.016806891987317975
18,484,2019-02-26,-0.0135045705274946
18,485,2020-07-05,0.008881827556096974
18,486,2018-08-01,0.008674538302933401
18,487,2020-04-20,0.008863490996022141
18,488,2019-08-28,-0.011205828965421372
18,489,2020-01-16,0.005911402873257183
18,490,2021-11-29,0.011690287000517477
18,491,2019-05-28,-0.01004732444045405
18,492,2019-05-21,-0.011105698202003206
18,493,2018-06-05,0.004747943191666475
18,494,2020-01-26,0.00020997448191243905
18,495,2020-04-28,-0.0002838729327328897
18,496,2020-01-27,-0.035386493938804414
18,497,2019-04-09,-0.015225464248970502
18,498,2021-10-30,0.0003007162018000988
18,499,2021-01-27,-0.003543984505375416
21,1,2020-04-07,0.016092148401816653
21,2,2019-04-25,0.0067748664335310575
21,3,2021-06-22,0.012761067302640457
21,4,2019-11-01,-0.004561025803318037
21,5,2019-10-19,-0.02054876492294079
21,6,2020-06-23,-0.01994881921022608
21,7,2020-03-08,0.008690936220672
21,8,2020-08-24,0.006651659043690689
21,9,2020-09-22,-0.017867931100029436
21,10,2018-10-10,-0.0007223878536429604
21,11,2020-05-28,-0.011054545972204994
21,12,2020-01-16,0.0011447623061361717
21,13,2018-10-12,0.0035784791447254958
21,14,2018-07-15,-0.0014232863520524588
21,15,2020-09-01,-0.0061499815127092055
21,16,2019-01-20,0.012093914949766603
21,17,2018-09-12,0.008158102961750435
21,18,2019-08-04,-0.01688465267394608
21,19,2021-03-24,0.02209362441372478
21,20,2019-03-06,-0.003231498364414538
21,21,2019-07-20,-0.008364128859678984
21,22,2021-02-16,0.012931261124389014
21,23,2018-06-09,-0.015747494836856526
21,24,2021-05-04,-0.024346248120903604
21,25,2018-01-30,-0.0024568773193152683
21,26,2018-09-09,-0.00017822290401502296
21,27,2018-09-01,0.017142136091118348
21,28,2018-11-23,0.004786907669511007
21,29,2020-10-30,-0.012594937641975943
21,30,2018-06-04,0.005782967904584474
21,31,2018-11-29,-0.00023454678401723
21,32,2018-10-08,-0.0057716394536053315
21,33,2021-06-19,0.009813954878826539
21,34,2019-04-02,-0.020412429524304273
21,35,2020-08-29,-0.023333964824702947
21,36,2018-09-01,-0.01671110250891142
21,37,2020-06-19,-0.033155772073680805
21,38,2019-06-27,0.02095219578340414
21,39,2021-09-29,-0.0204827257199569
21,40,2018-01-14,-0.00655621262213
21,41,2021-08-19,-0.01232233637346975
21,42,2020-07-28,-0.01845708156172096
21,43,2018-12-19,-0.009033237574893493
21,44,2020-02-19,-0.008283230629413184
21,45,2020-05-22,0.015547727857290182
21,46,2018-05-27,-0.0007543352612292816
21,47,2021-02-24,0.014275466317028404
21,48,2019-01-17,0.01711897510209927
21,49,2021-04-14,0.009404013755183953
21,50,2019-06-05,-1.0764287785905575e-05
21,51,2019-01-09,-0.004546408948305141
21,52,2019-11-25,-0.008327225305303195
21,53,2020-04-11,0.007506888372755682
21,54,2018-06-03,9.58127449180201e-05
21,55,2020-07-10,0.019178018613403406
21,56,2018-03-21,0.01980976250556894
21,57,2021-05-30,-0.028152407261485195
21,58,2020-01-10,0.012381832529428599
21,59,2019-10-07,-0.0043031137561845845
21,60,2021-07-10,-0.01403651779146783
21,61,2018-07-31,-0.024930926691539766
21,62,2021-04-25,-0.02599033910870528
21,63,2019-11-25,-0.003921092656558217
21,64,2020-10-13,-0.008473755329581218
21,65,2018-07-01,-0.017946031072250693
21,66,2018-11-24,-0.02512460603019835
21,67,2018-03-13,-0.005581661435355741
21,68,2020-01-21,0.02274561506331792
21,69,2018-09-27,0.022219636412910096
21,70,2020-03-30,-0.02488573783634706
21,71,2018-12-17,0.00679832365023973
21,72,2021-04-01,-0.0009754345231095065
21,73,2021-01-05,-0.011785968940721502
21,74,2018-08-05,-0.0033624158003461436
21,75,2020-02-04,-0.0014349563907085849
21,76,2019-04-26,-0.015912881156970156
21,77,2018-12-27,0.002625928264863425
21,78,2021-05-30,-0.015008929942301172
21,79,2021-10-26,-0.011899668018944562
21,80,2019-02-13,-0.00959450107228944
21,81,2021-04-26,-0.023607143621738855
21,82,2020-01-19,-0.010285755562562067
21,83,2019-10-06,0.007653340259119576
21,84,2020-09-07,-0.005510468157874344
21,85,2019-12-05,-0.00820730317190313
21,86,2019-03-30,0.010423643201561868
21,87,2019-10-23,-0.02630984022192095
21,88,2019-09-27,0.0036329738619921385
21,89,2019-04-29,0.002609746847734879
21,90,2018-03-01,0.004952997718130796
21,91,2021-08-07,0.029507064150234096
21,92,2021-02-26,0.0001816850306690518
21,93,2018-10-01,0.0001329351184918339
21,94,2019-12-05,0.010040638165279062
21,95,2021-12-06,0.021393662925451577
21,96,2020-04-20,-0.018212945479244003
21,97,2021-07-17,-0.00012388874572290438
21,98,2018-08-30,0.01199323544170334
21,99,2019-10-01,-0.010407519952798719
21,100,2021-03-14,-0.012945326102779058
21,101,2020-08-19,-0.017448658217296204
21,102,2018-02-21,-0.0007904328940600111
21,103,2020-03-16,-0.0004410724983413461
21,104,2021-04-01,-0.028338331627487147
21,105,2021-12-26,-0.02075062964635904
21,106,2019-01-31,-0.009622642747483758
21,107,2020-12-19,0.017964752614792242
21,108,2021-08-03,0.018999144013146483
21,109,2018-03-30,0.006654342163159035
21,110,2018-05-17,0.006152854362989759
21,111,2021-03-29,-0.014639646173726518
21,112,2020-02-28,0.004016963862315933
21,113,2020-07-30,-0.005308125980704213
21,114,2019-07-12,-0.0009509377363854094
21,115,2020-04-01,0.0009138637219298787
21,116,2018-10-05,0.00023642739754869667
21,117,2019-05-28,0.0028289550987173513
21,118,2019-10-20,0.0018789124742512834
21,119,2021-01-11,0.008489324171436698
21,120,2019-06-28,-0.00424859589508025
21,121,2021-09-09,0.006330495191281141
21,122,2019-01-04,0.0038722037209930043
21,123,2021-08-07,0.016195247436507958
21,124,2020-11-16,0.010459923518045373
21,125,2021-11-19,0.012454756648136606
21,126,2021-05-24,0.015149610324518654
21,127,2019-11-27,-0.006283904788553382
21,128,2020-03-01,0.018969597049633018
21,129,2021-12-13,-0.013457172935680876
21,130,2018-12-21,-0.02835628394775378
21,131,2020-08-19,0.0135077756241063
21,132,2021-06-06,-0.012663882511472392
21,133,2020-08-31,0.015298927079926245
21,134,2020-02-09,-0.0038797600420662345
21,135,2020-10-19,-0.013359530414291502
21,136,2021-04-26,-0.006905664116326055
21,137,2021-03-21,0.0030295719573547085
21,138,2020-10-01,-0.006683023863782344
21,139,2018-04-27,-0.0037318102161355213
21,140,2018-11-27,-0.010529020967305602
21,141,2021-11-10,0.007403918619187663
21,142,2018-11-01,-0.007775314944644141
21,143,2020-07-10,0.002372319372207844
21,144,2019-06-03,0.022421747956676275
21,145,2018-10-07,-0.005342123078093869
21,146,2020-12-28,-0.004761678167329342
21,147,2021-04-10,0.007976553897699606
21,148,2020-09-02,-0.010857910007329346
21,149,2020-06-15,-0.013992291307270494
21,150,2021-08-04,-0.013388144681648595
21,151,2019-04-17,0.015376992144790939
21,152,2018-09-23,-0.013768432521061885
21,153,2019-05-08,0.0013794527904770744
21,154,2018-08-31,0.0022507201746666938
21,155,2020-01-11,-0.0019904621325043453
21,156,2018-11-23,0.0005182370383027938
21,157,2020-05-30,-0.01696885606281537
21,158,2021-04-27,0.016439555346764893
21,159,2021-09-13,-0.00513031958654979
21,160,2020-08-23,0.005730193024691724
21,161,2020-02-29,-0.02010099913533198
21,162,2020-05-28,-0.005818418503057037
21,163,2018-06-07,0.0206300337998077
21,164,2021-02-21,-0.0013123861288737272
21,165,2020-02-03,0.008884372856840433
21,166,2019-03-12,-0.0001794987389850031
21,167,2018-03-07,0.01390209588544009
21,168,2019-05-31,0.0028147858169113326
21,169,2019-03-23,-0.011025405825052091
21,170,2021-08-28,-0.012200127886661114
21,171,2019-04-06,0.0008513413330628514
21,172,2019-09-14,-0.03161448793633778
21,173,2020-05-12,-0.004374506731565345
21,174,2020-03-21,-0.011822433816715352
21,175,2020-03-06,-0.010886858235087749
21,176,2021-11-26,-0.016313089997576646
21,177,2019-03-31,0.0048615474618408675
21,178,2020-06-23,0.01093339038981856
21,179,2019-03-03,-0.010609526074310472
21,180,2019-09-16,-0.007020693290356906
21,181,2019-08-22,-0.013248513753075857
21,182,2019-11-10,-0.0022312762626128598
21,183,2021-07-19,0.005941656424721767
21,184,2019-11-05,0.0009188369782819242
21,185,2018-02-27,0.006522602416203896
21,186,2021-11-03,0.007447980939706411
21,187,2020-11-12,0.005482710623691347
21,188,2020-02-17,0.00015462810477954908
21,189,2019-05-07,0.0016216999927897602
21,190,2020-03-12,-0.015189924377662197
21,191,2018-09-04,0.006359758234105234
21,192,2020-02-14,-0.014637597897543689
21,193,2018-10-31,0.0035098493657995055
21,194,2020-04-29,0.002620129979149101
21,195,2020-11-10,-0.0021819220694795725
21,196,2019-01-18,-0.0009968523533244568
21,197,2020-05-31,-0.005053074419966748
21,198,2019-06-24,-0.011929195394425995
21,199,2018-10-22,0.017237133889321216
21,200,2020-05-28,0.001169206959154342
21,201,2018-07-24,-0.01571008469667132
21,202,2021-01-28,0.019517671353364463
21,203,2021-04-04,-0.005564224764588671
21,204,2018-08-16,0.0113016391352136
21,205,2019-03-22,-0.007862284940992814
21,206,2019-09-04,0.010727563116282337
21,207,2019-01-09,-0.0010906095356440848
21,208,2021-07-30,0.006572556483206956
21,209,2021-10-19,0.007526165944090486
21,210,2019-11-21,0.008802958138374041
21,211,2019-03-03,-0.013375785390697904
21,212,2021-11-05,-0.016717028416055893
21,213,2020-10-07,0.020101245339279563
21,214,2021-10-18,0.018337059927987412
21,215,2020-03-16,-0.008838011614611386
21,216,2018-03-19,0.010007174443001622
21,217,2018-07-02,0.01244855541950018
21,218,2019-10-16,0.014321131620866265
21,219,2021-04-01,-0.011173721259124227
21,220,2021-12-13,-0.005809766303522931
21,221,2019-03-24,0.001092608161702234
21,222,2020-08-08,-0.030823192440702304
21,223,2021-12-13,-0.021164198591819706
21,224,2018-08-08,0.0016928080656783077
21,225,2020-07-18,0.013623383271790218
21,226,2021-08-28,-0.006792099189530509
21,227,2021-07-20,-0.04624785179823892
21,228,2021-03-15,-0.010146599623732409
21,229,2020-01-22,-0.002579707275972707
21,230,2019-08-02,-0.004580085176616219
21,231,2018-12-16,-0.0065901211298992
21,232,2021-01-06,0.010802444086808765
21,233,2020-10-17,0.0031191559908774467
21,234,2020-12-11,0.021327104079267706
21,235,2018-10-24,0.007324133650350548
21,236,2018-03-02,0.0029679687192004853
21,237,2018-08-26,0.0036421394092816606
21,238,2020-01-04,-0.0014436826372841074
21,239,2018-11-01,-0.0282909927844342
21,240,2020-12-05,0.0150066181894748
21,241,2020-05-22,0.0029298117237344544
21,242,2021-10-01,0.021976284777486282
21,243,2021-09-05,0.02153795599925848
21,244,2019-03-06,-0.005115258248954553
21,245,2018-12-14,0.0073619636041553265
21,246,2018-12-03,-0.007549911364147397
21,247,2021-05-04,-0.004874626455271839
21,248,2020-06-01,-0.018556873050795022
21,249,2019-07-28,0.013467161287694115
21,250,2018-09-09,-0.003689884940934959
21,251,2018-07-02,0.010349013915792947
21,252,2020-03-04,-0.009590211490671756
21,253,2020-12-01,-0.0009651539010508375
21,254,2020-05-10,0.013041481759715534
21,255,2018-02-18,0.0031877765007551602
21,256,2021-09-07,-0.0009283286433356923
21,257,2018-04-28,0.0067246991153248545
21,258,2021-09-09,-0.022629502196144926
21,259,2020-08-03,-0.01375488663721087
21,260,2021-07-13,0.017736940178660735
21,261,2019-03-31,-0.0018323112399283453
21,262,2020-06-15,0.02285027492302973
21,263,2020-01-12,-0.025714704164681246
21,264,2021-10-07,-0.0153421420221187
21,265,2020-12-13,0.004160713160120568
21,266,2019-07-09,0.015064198759254842
21,267,2018-01-27,0.000647247816882684
21,268,2018-07-31,0.0034139927845682283
21,269,2019-02-23,-0.00035851426197723417
21,270,2018-01-08,-0.0006397495500554309
21,271,2020-09-14,-0.004945969559348668
21,272,2020-07-16,-0.015088141657958097
21,273,2020-07-21,-0.04457348364103954
21,274,2018-09-27,0.003948517961306002
21,275,2019-05-26,0.0043304749645455476
21,276,2018-08-20,0.02178999497189243
21,277,2021-09-26,-0.013559165836605444
21,278,2019-10-09,0.0016271096527630668
21,279,2018-10-16,0.002618161615295239
21,280,2020-03-23,-0.009149702318303891
21,281,2021-05-12,-0.0003808842313539837
21,282,2018-03-09,-0.003290599897069863
21,283,2021-01-06,-0.009914814480962864
21,284,2020-05-08,-0.02017048704388596
21,285,2018-04-15,0.005485685276486118
21,286,2020-04-06,-0.013788389305104802
21,287,2020-06-29,-0.0007853409307876319
21,288,2020-12-30,0.014986689639385993
21,289,2020-08-22,-0.012354486726753816
21,290,2019-01-07,0.00768370127329743
21,291,2020-02-14,5.954852881814813e-05
21,292,2021-02-28,-0.0194573877429623
21,293,2021-07-31,0.00437550584114678
21,294,2020-10-30,-0.004354616342992432
21,295,2018-10-23,-0.02346854338865882
21,296,2021-05-04,-0.02806931890579905
21,297,2019-05-19,0.010727620820883545
21,298,2019-07-25,-0.02166081822137687
21,299,2018-04-04,0.01138460054503585
21,300,2018-05-15,0.006112146471882689
21,301,2021-09-01,-0.007467585919225237
21,302,2021-03-16,-0.010276326904232698
21,303,2019-02-16,-0.005349713224492366
21,304,2021-08-08,-0.026649588528733774
21,305,2021-02-16,0.00559087521363202
21,306,2021-04-13,-0.011342175771716702
21,307,2020-09-25,-0.0019318916137104532
21,308,2021-07-23,-0.0021023683945682343
21,309,2018-11-14,-0.0002548437205697125
21,310,2020-08-11,-0.02423887339921826
21,311,2020-11-08,0.015199559023984302
21,312,2021-11-13,-0.02948252930520483
21,313,2020-03-06,0.014475931400259908
21,314,2020-02-17,-0.013593134128999984
21,315,2020-11-04,-0.013276991271683651
21,316,2018-11-18,-0.00536795738629583
21,317,2020-01-20,-0.00826366921186504
21,318,2020-05-23,0.001828273864145416
21,319,2021-07-18,-3.695525081764869e-05
21,320,2019-07-05,-0.017761546311451562
21,321,2019-01-31,0.01005382579800988
21,322,2018-02-13,-0.004993359978528529
21,323,2019-05-17,0.0035649970641505766
21,324,2018-05-22,-8.121528519773087e-05
21,325,2019-04-08,0.02222353811031681
21,326,2019-03-05,-0.027254127074619276
21,327,2019-08-04,0.022301493508103974
21,328,2020-05-28,0.009950827422708952
21,329,2020-05-26,0.013691923621618725
21,330,2018-11-02,0.009949395449039602
21,331,2020-10-03,0.012849997635980421
21,332,2019-09-02,-0.0005388667823576969
21,333,2018-04-05,0.00650774507458828
21,334,2021-12-05,0.018217805536625248
21,335,2021-09-26,0.025839073710492932
21,336,2018-05-20,-0.0022897188299061846
21,337,2021-05-11,0.014056330788112298
21,338,2021-08-09,-0.017113380605764714
21,339,2020-10-27,-0.012830737474549854
21,340,2021-07-12,-0.022417872259487
21,341,2020-08-29,-0.019156032515255297
21,342,2021-07-14,-0.03190243931449589
21,343,2018-10-03,0.007454141159839728
21,344,2019-10-01,0.011493089715818748
21,345,2021-08-18,-0.024091556772411035
21,346,2018-09-24,-0.0008046699805607772
21,347,2019-07-09,-0.009352596095743527
21,348,2021-06-02,0.018822297739056137
21,349,2020-08-27,0.010133923003911726
21,350,2018-03-28,-0.010096417927729227
21,351,2021-12-09,-0.005878503264421804
21,352,2019-10-31,-0.0165097982260325
21,353,2019-05-17,-0.00046693948649197386
21,354,2021-08-13,0.01994561915692269
21,355,2021-12-24,-0.03204722829151936
21,356,2020-06-04,-0.01660719873857845
21,357,2019-02-10,-0.012990344870672625
21,358,2020-10-03,0.011124802420825154
21,359,2020-10-20,-0.007864688749104558
21,360,2019-03-09,0.00829304212313804
21,361,2020-02-20,-0.011226241621613892
21,362,2020-08-14,-0.00815423565555648
21,363,2020-02-16,0.0074196082200388164
21,364,2019-08-03,-0.002527339888504879
21,365,2019-09-22,-0.004761254251499005
21,366,2020-07-31,-0.012174214846769678
21,367,2018-11-16,0.005427864537864098
21,368,2019-07-02,0.006217419513423176
21,369,2021-05-09,-0.02044289065846445
21,370,2018-02-27,-0.003415975010809923
21,371,2018-09-03,-0.006055938154902046
21,372,2020-01-02,0.0007469122985380782
21,373,2019-06-06,0.005268549342256599
21,374,2019-10-16,-0.016938507096391064
21,375,2020-12-30,0.004978572062918659
21,376,2019-04-26,0.01821400043177709
21,377,2021-02-09,-0.019947054161162492
21,378,2018-07-22,-0.029539528314933467
21,379,2018-12-19,0.021515015432096864
21,380,2019-12-06,0.006191127220062594
21,381,2021-09-11,-0.012322903048522703
21,382,2019-09-27,0.0023419785817053807
21,383,2021-07-28,-0.02100721424618953
21,384,2020-11-05,-0.014299433617897168
21,385,2019-03-10,0.020826872884794692
21,386,2018-06-01,0.0035470657986798023
21,387,2021-05-19,0.007226729547293449
21,388,2019-04-24,0.006054507543754993
21,389,2020-10-28,0.003278820493210467
21,390,2018-10-21,-0.02204132293638491
21,391,2018-10-26,0.00756890663084006
21,392,2019-05-15,-0.011331275921533346
21,393,2021-03-29,0.020467101707359055
21,394,2020-09-09,-0.0021735610599644874
21,395,2018-09-19,0.0005181368613391478
21,396,2020-04-13,-0.00906553519480081
21,397,2020-04-15,0.011488575888900246
21,398,2020-08-26,-0.014060747062682696
21,399,2019-09-02,0.019307906535939105
21,400,2019-03-12,-0.00783016593235572
21,401,2019-06-23,0.010241239303160435
21,402,2020-02-05,-0.020353149995472965
21,403,2019-01-11,-0.00010582043795568589
21,404,2021-12-30,0.00850964671328123
21,405,2019-08-20,0.00430995174663188
21,406,2021-05-20,0.013063612068204807
21,407,2019-05-24,0.009970374878469709
21,408,2020-01-01,-0.018944542785754352
21,409,2018-05-20,-0.02371390480878336
21,410,2018-03-26,0.0009566831793407467
21,411,2018-03-20,-0.0024225893669481643
21,412,2019-10-17,-0.005879383523360458
21,413,2019-09-17,0.007550701585361712
21,414,2020-03-31,0.005433880033400814
21,415,2021-05-06,-0.010382621088195126
21,416,2021-06-26,-0.008635406330412985
21,417,2021-11-06,-0.006237348177180916
21,418,2019-03-07,-0.01650734671575065
21,419,2021-11-19,-0.010044294209944906
21,420,2018-10-17,-0.0028681717679608855
21,421,2021-11-13,-0.009838967649768335
21,422,2020-08-02,-0.004849407359391823
21,423,2020-11-11,-0.013807703366356151
21,424,2018-06-09,-0.007422993994349564
21,425,2018-12-24,-0.007574119255309487
21,426,2021-03-30,0.02526028209107454
21,427,2019-04-28,0.0018341161997977497
21,428,2019-12-20,0.007623496956796674
21,429,2018-10-13,0.01370207350606709
21,430,2020-07-31,0.008251685109448664
21,431,2019-07-11,-0.016053107198853937
21,432,2018-05-09,-0.019060701456360536
21,433,2021-08-30,0.02038748096624106
21,434,2021-01-08,-0.007546832770544953
21,435,2018-03-16,0.006468531144532338
21,436,2021-07-05,-0.003908962660465652
21,437,2018-12-25,-0.01931128641798823
21,438,2021-01-14,0.014428550925963539
21,439,2019-10-11,0.0002258937245360164
21,440,2019-06-28,0.004042835493432097
21,441,2020-08-22,-0.0006505013222842262
21,442,2021-03-25,-0.01453156521703901
21,443,2020-04-04,-0.005792423573812094
21,444,2020-01-27,0.012728759119277254
21,445,2021-06-28,-0.012377312014300075
21,446,2018-07-12,0.0014394593863265319
21,447,2018-09-26,-0.003396547958046788
21,448,2019-11-22,-0.009968808389092323
21,449,2019-08-30,0.003911071888586356
21,450,2021-11-16,0.011451859863163258
21,451,2020-08-03,-0.0059238601969147505
21,452,2021-04-01,0.006971220798347633
21,453,2018-11-08,-0.0164247247462068
21,454,2021-10-05,-0.024101077324174956
21,455,2019-11-22,-0.005841705618275303
21,456,2020-07-15,0.013517945330093432
21,457,2021-05-11,-0.017541232407830898
21,458,2021-11-01,-0.009775487269476057
21,459,2020-09-15,0.005533531001709467
21,460,2019-01-22,-0.0029545820342753867
21,461,2020-03-17,0.008565130317667142
21,462,2018-08-04,-0.0043814699437107335
21,463,2020-07-23,-0.02875292558278043
21,464,2020-07-06,0.003097494116156403
21,465,2018-02-09,0.010993608690509934
21,466,2018-01-13,-0.027330448543903006
21,467,2019-02-02,0.007236364162355529
21,468,2020-05-27,-0.012881859064411996
21,469,2018-09-29,0.014213887188575282
21,470,2020-07-19,-0.0001877249514833457
21,471,2020-07-28,-0.01539533475184864
21,472,2021-05-10,-0.009027589650152264
21,473,2020-03-23,0.009099755786063394
21,474,2021-01-04,-0.01955929162339434
21,475,2020-02-13,0.021409936777312795
21,476,2018-01-30,-0.0007357158993244092
21,477,2018-03-01,0.009049021066179809
21,478,2019-04-29,-0.0028766597111920837
21,479,2021-08-20,0.0020336266663184928
21,480,2019-10-16,-0.00623622051685911
21,481,2018-11-01,0.011201653044786236
21,482,2018-04-01,-0.020162338780285696
21,483,2020-12-01,-0.0014688487175915435
21,484,2021-09-29,-0.01261746772869502
21,485,2020-07-20,-0.020775431806794264
21,486,2018-05-21,-0.01590615248935972
21,487,2018-02-19,-0.005828258156133685
21,488,2021-02-20,-0.035021172974992194
21,489,2021-04-10,-0.028751718359996303
21,490,2020-03-01,-0.004249210414259018
21,491,2020-07-29,-0.006509699088354232
21,492,2020-09-14,-0.014018961801441476
21,493,2018-03-04,0.0004616721567023185
21,494,2018-11-18,-0.0005625644966912848
21,495,2019-11-21,0.0020571264392020916
21,496,2018-08-09,-0.0033103599564777405
21,497,2019-03-21,-6.138817671025005e-05
21,498,2018-03-25,-0.009819779675220944
21,499,2018-12-31,-0.0020103076484468034
