draw,treated_pair_units,coefficient
1,14385,-0.0006753184929954107
2,14385,0.004081521109448761
3,14385,-0.002160767808657357
4,14385,-0.0009361225713177378
5,14385,-0.009820470195906554
6,14385,-0.005743989058651059
7,14385,-0.006186222061023699
8,14385,0.004121208686584769
9,14385,0.002635759370922823
10,14385,-0.003385413045996977
11,14385,-0.00041451441467308477
12,14385,0.004478396880808823
13,14385,0.006876660470598912
14,14385,0.0034011626442600833
15,14385,-0.004921889246548073
16,14385,0.0009348632079511283
17,14385,0.0025166966395148028
18,14385,0.001337408633187763
19,14385,-0.004439968667039428
20,14385,-0.004802826515140055
21,14385,-0.0026596973497957214
22,14385,0.001042586631606002
23,14385,-0.002081392654385345
24,14385,0.002034776060006157
25,14385,-0.0016675079213955657
26,14385,-0.002795769042833457
27,14385,-0.0031246089676746493
28,14385,-0.003402422007626692
29,14385,-0.006424347523839738
30,14385,-0.005948096598207665
31,14385,0.0011049528242482961
32,14385,-0.0008283991476628634
33,14385,0.003072322719418892
34,14385,0.0036336184531995503
35,14385,-0.0022571519245590853
36,14385,-0.0016504989597658486
37,14385,0.004002145955176748
38,14385,-0.0029715283130071967
39,14385,-0.005732649750897916
40,14385,-0.0010551853027257556
41,14385,-0.0056022477117367514
42,14385,0.0004756212439487702
43,14385,-0.0003067909910182102
44,14385,-0.002937510389747765
45,14385,0.0028965634492451498
46,14385,-0.002030365769496193
47,14385,0.0014621410184723514
48,14385,-0.0007490239933908494
49,14385,0.0012466941711626056
50,14385,-0.0018602761531990235
51,14385,0.006088578581755361
52,14385,-0.0006583095313656934
53,14385,0.0014621410184723527
54,14385,0.0023749552926004944
55,14385,0.0011106224781248682
56,14385,0.0011559797091374464
57,14385,2.77185876995572e-05
58,14385,0.0015358465188677927
59,14385,0.0002771833582687382
60,14385,0.0020007581367467208
61,14385,-0.004230191473606251
62,14385,-0.0005675950693405353
63,14385,0.006128266158891369
64,14385,-0.0011685783802572007
65,14385,0.002255892561192477
66,14385,0.002998617219023451
67,14385,-0.006027471752479676
68,14385,-0.0013159893810480818
69,14385,0.0014224534413363463
70,14385,-6.299335559876525e-06
71,14385,0.0026074111015399587
72,14385,-0.0028467959277226063
73,14385,-0.0025122863490048396
74,14385,0.0007704432455305303
75,14385,-0.001678847229148709
76,14385,5.03972032058463e-05
77,14385,-0.0031813055064403724
78,14385,-0.004904880284918358
79,14385,-0.0009984887639600325
80,14385,0.0018306685204495536
81,14385,-0.0023308574249545264
82,14385,-0.006804214333570082
83,14385,-0.0011572390725040566
84,14385,0.0035088860679149576
85,14385,0.001983749175117005
86,14385,0.004631477535476277
87,14385,-0.0009984887639600316
88,14385,-0.001372685919813804
89,14385,0.0014961589417317868
90,14385,0.000668389475752228
91,14385,-0.004627067244966314
92,14385,-0.004428629359286283
93,14385,-0.0054264884415630085
94,14385,-0.003351395122737543
95,14385,0.003769690146237284
96,14385,0.004518084457944828
97,14385,-0.0015484451899875473
98,14385,3.905789545270167e-05
99,14385,0.006593177776770297
100,14385,-0.0019509906152241814
101,14385,-0.002149428500904212
102,14385,0.001586873403756943
103,14385,-0.003855994317752479
104,14385,-0.0007036667623782716
105,14385,-0.0031756358525638
106,14385,-0.002988537274636915
107,14385,0.0008271397842962525
108,14385,0.0012637031327923215
109,14385,0.004852594036662596
110,14385,0.004790227844020301
111,14385,0.003849065300509297
112,14385,-0.0008340688015394338
113,14385,2.204893382298408e-05
114,14385,0.0035542432989275367
115,14385,-0.007813412723599956
116,14385,0.0039454494164110265
117,14385,0.0026584379864291107
118,14385,-0.002648358042042575
119,14385,-0.0033854130459969774
120,14385,0.006559159853510864
121,14385,0.0006116929369865058
122,14385,-0.0013613466120606598
123,14385,-0.00589140005944194
124,14385,0.006479784699238851
125,14385,-0.0010778639182320447
126,14385,-9.134414370846091e-05
127,14385,-0.004780147899633766
128,14385,0.00214249948366103
129,14385,0.0002488350888858783
130,14385,0.0019327222902278548
131,14385,-0.0012536231884057863
132,14385,0.00667255293104231
133,14385,-0.0006356309158594035
134,14385,0.006105587543385079
135,14385,-0.00772836791545137
136,14385,0.003112010296554898
137,14385,-0.0033967523537501215
138,14385,0.0024486607929959355
139,14385,0.009269254406512432
140,14385,-0.00014237102859761199
141,14385,0.00036222816641732293
142,14385,0.004767549228514013
143,14385,-0.0020190264617430493
144,14385,0.0015641947882506532
145,14385,0.0037753598001138574
146,14385,-0.0009304529174411634
147,14385,-0.00804586853253942
148,14385,-0.001247953534529214
149,14385,0.0015641947882506543
150,14385,-0.005103318170598389
151,14385,-0.0013273286888012242
152,14385,-0.006106846906751687
153,14385,0.0028568758721091423
154,14385,-0.0014293824585795282
155,14385,-0.005290416748525273
156,14385,-0.003941039125901064
157,14385,-0.00363487781656616
158,14385,-0.0005505861077108205
159,14385,0.0036676363764589818
160,14385,-0.0008510777631691514
161,14385,-0.006571758524630618
162,14385,-0.001837597537692735
163,14385,8.441512646527954e-05
164,14385,0.0040304942245596095
165,14385,-0.0037199226247147422
166,14385,0.003117679950431468
167,14385,-0.002359205694337388
168,14385,-0.0011232211492446219
169,14385,0.005175764307627219
170,14385,0.004495405842438542
171,14385,0.003497546760161815
172,14385,-0.0022174643474230796
173,14385,0.007829162321863065
174,14385,-0.001576793459370408
175,14385,0.0025507145627742373
176,14385,-0.0022231340012996517
177,14385,0.0002148171656264418
178,14385,0.003077992373295463
179,14385,0.005538622155727846
180,14385,0.003656297068705839
181,14385,-0.0017355437679144334
182,14385,-0.0015711238054938357
183,14385,-0.0018262582299395892
184,14385,-0.002591661503276852
185,14385,0.0010822742087420072
186,14385,-0.0009588011868240253
187,14385,-0.0006129523003531158
188,14385,0.005476255963085552
189,14385,-0.00537546155667386
190,14385,-0.00409978943444509
191,14385,-0.0023988932714733937
192,14385,-0.0007093364162548445
193,14385,-0.0055172029035881675
194,14385,0.00459178995834027
195,14385,0.0015755340960037995
196,14385,-0.002211794693546508
197,14385,-0.0010892032259851895
198,14385,0.004189244533103638
199,14385,-0.0011458997647509133
200,14385,-0.0019679995768538978
201,14385,-0.003901351548765057
202,14385,-0.008998370383803569
203,14385,-0.0027334028501911616
204,14385,-0.004003405318543358
205,14385,-0.007189750797176999
206,14385,0.0012807120944220377
207,14385,-0.0011572390725040579
208,14385,-4.031725881931025e-05
209,14385,-0.003901351548765058
210,14385,0.001677587865782101
211,14385,-0.0030565731211557815
212,14385,-0.0029034924664883307
213,14385,0.0037923687617435753
214,14385,0.004183574879227063
215,14385,-0.00022741583674619776
216,14385,-0.0004542019918090913
217,14385,-0.001792240306680156
218,14385,-0.006486713716482033
219,14385,-0.00046554129956223513
220,14385,-0.0008737563786754423
221,14385,0.0008498183998025413
222,14385,0.00018079924236700937
223,14385,0.001768302327807258
224,14385,0.0008044611687899648
225,14385,0.001552855480497508
226,14385,-0.0036121992010598684
227,14385,0.001326069325434617
228,14385,-0.002943180043624337
229,14385,0.0007250860145179508
230,14385,-0.004366263166643986
231,14385,-0.002642688388166003
232,14385,0.00048696055170191385
233,14385,0.0030156261806531686
234,14385,0.0002771833582687395
235,14385,-8.567448983188991e-05
236,14385,4.47275493292727e-05
237,14385,0.0014394624029660627
238,14385,-0.003130278621551222
239,14385,-0.004094119780568516
240,14385,-0.0023875539637202487
241,14385,0.0025563842166508094
242,14385,0.0038263866850030076
243,14385,0.003060983411665746
244,14385,0.00199508848287015
245,14385,-0.0010778639182320445
246,14385,-0.005415149133809865
247,14385,-0.002835456619969462
248,14385,-0.006174882753270557
249,14385,-0.00019339791348676227
250,14385,-0.0025349649645111283
251,14385,0.0002828530121453115
252,14385,-0.0025803221955237082
253,14385,-0.00464407620659603
254,14385,-0.002631349080412859
255,14385,-0.004417290051533138
256,14385,0.003792368761743573
257,14385,0.003962458378040742
258,14385,-0.0022401429629293683
259,14385,0.006360721967830832
260,14385,-0.009253504808249323
261,14385,0.0017739719816838293
262,14385,0.0007250860145179526
263,14385,-0.002041705077249338
264,14385,-0.001077863918232043
265,14385,-0.002931840735871192
266,14385,0.004206253494733353
267,14385,0.001138970747507731
268,14385,0.0007250860145179511
269,14385,-0.001911303038088174
270,14385,-0.0019736692307304707
271,14385,-0.003612199201059869
272,14385,-0.00466675482210232
273,14385,0.001399774825830058
274,14385,-0.00248960773349855
275,14385,0.0008158004765431088
276,14385,0.004773218882390584
277,14385,0.0035258950295446742
278,14385,-0.0062145703304065615
279,14385,0.0017966505971901195
280,14385,-0.0012876411116652196
281,14385,-0.00626559721529571
282,14385,0.0044217003420431
283,14385,0.002494018024008515
284,14385,-0.0011288908031211948
285,14385,0.002046115367759302
286,14385,-0.0042698790507422575
287,14385,-0.00017071929798047493
288,14385,0.001241024517286031
289,14385,-0.0010211673794663213
290,14385,0.001002899054469996
291,14385,0.003015626180653166
292,14385,0.0007250860145179515
293,14385,0.00036789782029389564
294,14385,-0.002041705077249337
295,14385,0.0002545047427624498
296,14385,-0.003929699818147919
297,14385,0.0014564713645957791
298,14385,0.0031346889120611853
299,14385,-0.005624926327243041
300,14385,-0.007955154070514264
301,14385,0.003990806647423605
302,14385,-0.004853853400029208
303,14385,0.007114785933414951
304,14385,0.0024713394085022237
305,14385,-0.0007433543395142779
306,14385,-0.0063903296005803035
307,14385,0.004920629883181465
308,14385,0.001172988670767165
309,14385,0.0020574546755124453
310,14385,0.0069163480477349186
311,14385,0.003690314991965271
312,14385,0.0003282102431578907
313,14385,0.0028058489872199903
314,14385,-0.0038786729332587703
315,14385,0.0053004966929118096
316,14385,0.0010028990544699958
317,14385,-0.0035158150851581408
318,14385,0.003163037181444047
319,14385,-0.0015484451899875468
320,14385,0.0006570501679990833
321,14385,0.0016152216731398052
322,14385,0.0057257207336547334
323,14385,0.00549893457859184
324,14385,-0.0014293824585795277
325,14385,0.001019908016099712
326,14385,0.0016889271735352446
327,14385,-0.0007376846856377051
328,14385,-0.004916219592671502
329,14385,-0.0018999637303350298
330,14385,0.004376343111030522
331,14385,-0.0037085833169615977
332,14385,0.00036789782029389624
333,14385,-0.001367016265937232
334,14385,0.004886611959922031
335,14385,0.0009802204389637045
336,14385,-0.002637018734289431
337,14385,-0.003481797161898705
338,14385,0.002613080755416532
339,14385,0.002278571176698766
340,14385,0.003922770800904737
341,14385,0.003123349604308041
342,14385,-0.01255891301829098
343,14385,0.004455718265302534
344,14385,0.006967374932624069
345,14385,0.0043423251877710905
346,14385,-0.00014237102859761304
347,14385,0.0005493267443442101
348,14385,-0.0054605063648224435
349,14385,-0.0037029136630850265
350,14385,-0.0011062121876149061
351,14385,-0.000800050878280002
352,14385,0.0009688811312105603
353,14385,-0.002376214655967105
354,14385,0.004654156150982565
355,14385,0.00019780820399672584
356,14385,2.7718587699556397e-05
357,14385,0.004279958995128794
358,14385,0.002545044908897666
359,14385,0.004330985880017944
360,14385,0.0033614750671240794
361,14385,-0.003958048087530781
362,14385,0.001331738979311189
363,14385,-0.0034817971618987063
364,14385,0.00333879645161779
365,14385,0.002216204984056471
366,14385,0.005464916655332407
367,14385,0.0038547349543858705
368,14385,0.009314611637525007
369,14385,-0.0028864835048586137
370,14385,-0.0017015258446549982
371,14385,0.005827774503433036
372,14385,0.0015755340960038
373,14385,0.001229685209532888
374,14385,0.0003565585125407507
375,14385,-6.299587432559935e-05
376,14385,0.0012296852095328881
377,14385,-0.0022061250396699355
378,14385,0.0020404457138827278
379,14385,-0.0009701404945771714
380,14385,0.0035372343372978192
381,14385,0.006304025429065108
382,14385,0.006808624624080047
383,14385,0.00016945993461386523
384,14385,0.0019100436747215659
385,14385,0.0015812037498803724
386,14385,0.0017172754429181061
387,14385,-0.0005222378383279574
388,14385,0.0021878567146736095
389,14385,-0.006628455063396341
390,14385,-0.0006866578007485564
391,14385,0.007403938281120137
392,14385,0.0017116057890415334
393,14385,0.0010595955932357177
394,14385,-0.0071330542584112765
395,14385,0.006338043352324543
396,14385,-0.0002330854906227688
397,14385,-0.00316996619868723
398,14385,-0.0037085833169615977
399,14385,0.005521613194098131
400,14385,-0.003345725468860971
401,14385,0.0020971422526484536
402,14385,0.005600988348370143
403,14385,9.575443421842497e-05
404,14385,-0.0034024220076266944
405,14385,0.002335267715464488
406,14385,-0.002364875348213959
407,14385,-0.00297719796688377
408,14385,-0.003243671699082669
409,14385,-0.0030849213905386427
410,14385,-0.0018886244225818853
411,14385,0.0003282102431578897
412,14385,0.0006343715524927934
413,14385,-0.002897822812611757
414,14385,0.000566335705973927
415,14385,-0.0013556769581840886
416,14385,0.006190632351533662
417,14385,0.0030439744500360263
418,14385,-0.0019283119997178912
419,14385,0.0013600872486940494
420,14385,0.005844783465062752
421,14385,0.005731390387531306
422,14385,-0.005846042828429362
423,14385,0.00882702140413979
424,14385,0.00039624608967675734
425,14385,0.004642816843229421
426,14385,0.0022218746379330423
427,14385,0.00041892470518304644
428,14385,0.0067972853163269014
429,14385,-0.006764526756434078
430,14385,-0.0010665246104789
431,14385,-0.000658309531365693
432,14385,0.007420947242749855
433,14385,0.005158755345997503
434,14385,0.0031800461430737652
435,14385,-0.0003351392604010725
436,14385,-0.005483184980328732
437,14385,-0.002625679426536287
438,14385,-0.000947461879070881
439,14385,-0.007082027373522126
440,14385,0.003452189529149235
441,14385,0.005187103615380365
442,14385,0.0030723227194188888
443,14385,0.00039624608967675685
444,14385,-0.0017638920372972963
445,14385,0.009093495136338687
446,14385,0.002431651831366218
447,14385,-0.005262068479142414
448,14385,-0.0018092492683098728
449,14385,0.004053172840065901
450,14385,-0.006951625334360963
451,14385,-0.0014010341891966661
452,14385,-0.0008907653403051586
453,14385,0.004733531305254578
454,14385,0.00307232271941889
455,14385,-0.0038843425871353406
456,14385,-0.0019056333842116034
457,14385,0.0011333010936311594
458,14385,-0.0014010341891966677
459,14385,0.009059477213079255
460,14385,0.0031346889120611853
461,14385,-0.0028694745432288954
462,14385,0.003231073027962913
463,14385,0.0036846453380887005
464,14385,-0.00302255519789635
465,14385,-0.002920501428118046
466,14385,-0.0027050545808082996
467,14385,0.004994335383576904
468,14385,-0.0029942069285134867
469,14385,-0.002954519351377482
470,14385,-0.008771584228740676
471,14385,-0.002364875348213959
472,14385,-0.009196808269483598
473,14385,-0.0020190264617430493
474,14385,0.0036789756842121276
475,14385,0.005992194465853633
476,14385,-0.006855241218459233
477,14385,0.0022218746379330427
478,14385,0.0013147300176814705
479,14385,-0.0021721071164105023
480,14385,-0.0028978228126117574
481,14385,-0.0025576435800174196
482,14385,0.00015812062686071995
483,14385,0.002856875872109142
484,14385,-0.000556255761587392
485,14385,-0.001043845994972611
486,14385,-0.0018659458070755966
487,14385,-0.005052291285709238
488,14385,-0.0020473747311259105
489,14385,-0.0009304529174411647
490,14385,0.0048412547289094525
491,14385,0.002664107640305682
492,14385,0.0038263866850030085
493,14385,0.004506745150191686
494,14385,-0.0015200969206046848
495,14385,-0.006917607411101529
496,14385,0.0020120974444998666
497,14385,-0.0030112158901432038
498,14385,-0.0012763018039120776
499,14385,-0.004825505130646345
